# This file uses centimeters as units for non-parametric coordinates.

mtllib part1.mtl
g default
v -7.593531 0.120818 -7.477165
v -7.587321 0.118245 -7.477165
v -7.587321 0.120818 -7.470955
v -7.587321 0.127028 -7.468383
v -7.593531 0.127028 -7.470955
v -7.596103 0.127028 -7.477165
v -7.540119 0.120818 -7.477165
v -7.537546 0.127028 -7.477165
v -7.540119 0.127028 -7.470955
v -7.546329 0.127028 -7.468383
v -7.546329 0.120818 -7.470955
v -7.546329 0.118245 -7.477165
v -7.593531 9.721960 -7.477165
v -7.596103 9.715750 -7.477165
v -7.593531 9.715750 -7.470955
v -7.587321 9.715750 -7.468383
v -7.587321 9.721960 -7.470955
v -7.587321 9.724532 -7.477165
v -7.540119 9.721960 -7.477165
v -7.546329 9.724532 -7.477165
v -7.546329 9.721960 -7.470955
v -7.546329 9.715750 -7.468383
v -7.540119 9.715750 -7.470955
v -7.537546 9.715750 -7.477165
v -7.593531 9.715750 -7.720145
v -7.596103 9.715750 -7.713935
v -7.593531 9.721960 -7.713935
v -7.587321 9.724532 -7.713935
v -7.587321 9.721960 -7.720145
v -7.587321 9.715750 -7.722717
v -7.540119 9.715750 -7.720145
v -7.546329 9.715750 -7.722717
v -7.546329 9.721960 -7.720145
v -7.546329 9.724532 -7.713935
v -7.540119 9.721960 -7.713935
v -7.537546 9.715750 -7.713935
v -7.593531 0.120818 -7.713935
v -7.596103 0.127028 -7.713935
v -7.593531 0.127028 -7.720145
v -7.587321 0.127028 -7.722717
v -7.587321 0.120818 -7.720145
v -7.587321 0.118245 -7.713935
v -7.540119 0.120818 -7.713935
v -7.546329 0.118245 -7.713935
v -7.546329 0.120818 -7.720145
v -7.546329 0.127028 -7.722717
v -7.540119 0.127028 -7.720145
v -7.537546 0.127028 -7.713935
v -7.592389 0.121959 -7.472096
v -7.541260 0.121959 -7.472096
v -7.592389 9.720819 -7.472096
v -7.541260 9.720819 -7.472096
v -7.592389 9.720819 -7.719004
v -7.541260 9.720819 -7.719004
v -7.592389 0.121959 -7.719004
v -7.541260 0.121959 -7.719004
v -0.016655 0.122715 -7.772440
v -0.005863 0.118246 -7.772440
v -0.005863 0.122715 -7.761649
v -0.005863 0.133506 -7.757178
v -0.016655 0.133506 -7.761649
v -0.021124 0.133506 -7.772440
v 0.338589 0.122715 -7.772440
v 0.343059 0.133506 -7.772440
v 0.338589 0.133506 -7.761649
v 0.327798 0.133506 -7.757178
v 0.327798 0.122715 -7.761649
v 0.327798 0.118246 -7.772440
v -0.016655 9.818161 -7.772440
v -0.021124 9.807370 -7.772440
v -0.016655 9.807370 -7.761649
v -0.005863 9.807370 -7.757178
v -0.005863 9.818161 -7.761649
v -0.005863 9.822632 -7.772440
v 0.338589 9.818161 -7.772440
v 0.327798 9.822632 -7.772440
v 0.327798 9.818161 -7.761649
v 0.327798 9.807370 -7.757178
v 0.338589 9.807370 -7.761649
v 0.343059 9.807370 -7.772440
v -0.016655 9.807370 -7.854462
v -0.021124 9.807370 -7.843671
v -0.016655 9.818161 -7.843671
v -0.005863 9.822632 -7.843671
v -0.005863 9.818161 -7.854462
v -0.005863 9.807370 -7.858932
v 0.338589 9.807370 -7.854462
v 0.327798 9.807370 -7.858932
v 0.327798 9.818161 -7.854462
v 0.327798 9.822632 -7.843671
v 0.338589 9.818161 -7.843671
v 0.343059 9.807370 -7.843671
v -0.016655 0.122715 -7.843671
v -0.021124 0.133506 -7.843671
v -0.016655 0.133506 -7.854462
v -0.005863 0.133506 -7.858932
v -0.005863 0.122715 -7.854462
v -0.005863 0.118246 -7.843671
v 0.338589 0.122715 -7.843671
v 0.327798 0.118246 -7.843671
v 0.327798 0.122715 -7.854462
v 0.327798 0.133506 -7.858932
v 0.338589 0.133506 -7.854462
v 0.343059 0.133506 -7.843671
v -0.014671 0.124699 -7.763632
v 0.336606 0.124699 -7.763632
v -0.014671 9.816177 -7.763632
v 0.336606 9.816177 -7.763632
v -0.014671 9.816177 -7.852479
v 0.336606 9.816177 -7.852479
v -0.014671 0.124699 -7.852479
v 0.336606 0.124699 -7.852479
v -4.993120 0.122715 -7.772440
v -4.982328 0.118246 -7.772440
v -4.982328 0.122715 -7.761649
v -4.982328 0.133506 -7.757178
v -4.993120 0.133506 -7.761649
v -4.997590 0.133506 -7.772440
v -4.637876 0.122715 -7.772440
v -4.633406 0.133506 -7.772440
v -4.637876 0.133506 -7.761649
v -4.648667 0.133506 -7.757178
v -4.648667 0.122715 -7.761649
v -4.648667 0.118246 -7.772440
v -4.993120 9.818161 -7.772440
v -4.997590 9.807370 -7.772440
v -4.993120 9.807370 -7.761649
v -4.982328 9.807370 -7.757178
v -4.982328 9.818161 -7.761649
v -4.982328 9.822632 -7.772440
v -4.637876 9.818161 -7.772440
v -4.648667 9.822632 -7.772440
v -4.648667 9.818161 -7.761649
v -4.648667 9.807370 -7.757178
v -4.637876 9.807370 -7.761649
v -4.633406 9.807370 -7.772440
v -4.993120 9.807370 -7.854462
v -4.997590 9.807370 -7.843671
v -4.993120 9.818161 -7.843671
v -4.982328 9.822632 -7.843671
v -4.982328 9.818161 -7.854462
v -4.982328 9.807370 -7.858932
v -4.637876 9.807370 -7.854462
v -4.648667 9.807370 -7.858932
v -4.648667 9.818161 -7.854462
v -4.648667 9.822632 -7.843671
v -4.637876 9.818161 -7.843671
v -4.633406 9.807370 -7.843671
v -4.993120 0.122715 -7.843671
v -4.997590 0.133506 -7.843671
v -4.993120 0.133506 -7.854462
v -4.982328 0.133506 -7.858932
v -4.982328 0.122715 -7.854462
v -4.982328 0.118246 -7.843671
v -4.637876 0.122715 -7.843671
v -4.648667 0.118246 -7.843671
v -4.648667 0.122715 -7.854462
v -4.648667 0.133506 -7.858932
v -4.637876 0.133506 -7.854462
v -4.633406 0.133506 -7.843671
v -4.991137 0.124699 -7.763632
v -4.639859 0.124699 -7.763632
v -4.991137 9.816177 -7.763632
v -4.639859 9.816177 -7.763632
v -4.991137 9.816177 -7.852479
v -4.639859 9.816177 -7.852479
v -4.991137 0.124699 -7.852479
v -4.639859 0.124699 -7.852479
v 5.237344 0.122715 -7.772440
v 5.248136 0.118246 -7.772440
v 5.248136 0.122715 -7.761649
v 5.248136 0.133506 -7.757178
v 5.237344 0.133506 -7.761649
v 5.232874 0.133506 -7.772440
v 5.592588 0.122715 -7.772440
v 5.597058 0.133506 -7.772440
v 5.592588 0.133506 -7.761649
v 5.581797 0.133506 -7.757178
v 5.581797 0.122715 -7.761649
v 5.581797 0.118246 -7.772440
v 5.237344 9.818161 -7.772440
v 5.232874 9.807370 -7.772440
v 5.237344 9.807370 -7.761649
v 5.248136 9.807370 -7.757178
v 5.248136 9.818161 -7.761649
v 5.248136 9.822632 -7.772440
v 5.592588 9.818161 -7.772440
v 5.581797 9.822632 -7.772440
v 5.581797 9.818161 -7.761649
v 5.581797 9.807370 -7.757178
v 5.592588 9.807370 -7.761649
v 5.597058 9.807370 -7.772440
v 5.237344 9.807370 -7.854462
v 5.232874 9.807370 -7.843671
v 5.237344 9.818161 -7.843671
v 5.248136 9.822632 -7.843671
v 5.248136 9.818161 -7.854462
v 5.248136 9.807370 -7.858932
v 5.592588 9.807370 -7.854462
v 5.581797 9.807370 -7.858932
v 5.581797 9.818161 -7.854462
v 5.581797 9.822632 -7.843671
v 5.592588 9.818161 -7.843671
v 5.597058 9.807370 -7.843671
v 5.237344 0.122715 -7.843671
v 5.232874 0.133506 -7.843671
v 5.237344 0.133506 -7.854462
v 5.248136 0.133506 -7.858932
v 5.248136 0.122715 -7.854462
v 5.248136 0.118246 -7.843671
v 5.592588 0.122715 -7.843671
v 5.581797 0.118246 -7.843671
v 5.581797 0.122715 -7.854462
v 5.581797 0.133506 -7.858932
v 5.592588 0.133506 -7.854462
v 5.597058 0.133506 -7.843671
v 5.239327 0.124699 -7.763632
v 5.590605 0.124699 -7.763632
v 5.239327 9.816177 -7.763632
v 5.590605 9.816177 -7.763632
v 5.239327 9.816177 -7.852479
v 5.590605 9.816177 -7.852479
v 5.239327 0.124699 -7.852479
v 5.590605 0.124699 -7.852479
v 10.213810 0.122715 -7.772440
v 10.224601 0.118246 -7.772440
v 10.224601 0.122715 -7.761649
v 10.224601 0.133506 -7.757178
v 10.213810 0.133506 -7.761649
v 10.209340 0.133506 -7.772440
v 10.569054 0.122715 -7.772440
v 10.573524 0.133506 -7.772440
v 10.569054 0.133506 -7.761649
v 10.558263 0.133506 -7.757178
v 10.558263 0.122715 -7.761649
v 10.558263 0.118246 -7.772440
v 10.213810 9.818161 -7.772440
v 10.209340 9.807370 -7.772440
v 10.213810 9.807370 -7.761649
v 10.224601 9.807370 -7.757178
v 10.224601 9.818161 -7.761649
v 10.224601 9.822632 -7.772440
v 10.569054 9.818161 -7.772440
v 10.558263 9.822632 -7.772440
v 10.558263 9.818161 -7.761649
v 10.558263 9.807370 -7.757178
v 10.569054 9.807370 -7.761649
v 10.573524 9.807370 -7.772440
v 10.213810 9.807370 -7.854462
v 10.209340 9.807370 -7.843671
v 10.213810 9.818161 -7.843671
v 10.224601 9.822632 -7.843671
v 10.224601 9.818161 -7.854462
v 10.224601 9.807370 -7.858932
v 10.569054 9.807370 -7.854462
v 10.558263 9.807370 -7.858932
v 10.558263 9.818161 -7.854462
v 10.558263 9.822632 -7.843671
v 10.569054 9.818161 -7.843671
v 10.573524 9.807370 -7.843671
v 10.213810 0.122715 -7.843671
v 10.209340 0.133506 -7.843671
v 10.213810 0.133506 -7.854462
v 10.224601 0.133506 -7.858932
v 10.224601 0.122715 -7.854462
v 10.224601 0.118246 -7.843671
v 10.569054 0.122715 -7.843671
v 10.558263 0.118246 -7.843671
v 10.558263 0.122715 -7.854462
v 10.558263 0.133506 -7.858932
v 10.569054 0.133506 -7.854462
v 10.573524 0.133506 -7.843671
v 10.215793 0.124699 -7.763632
v 10.567071 0.124699 -7.763632
v 10.215793 9.816177 -7.763632
v 10.567071 9.816177 -7.763632
v 10.215793 9.816177 -7.852479
v 10.567071 9.816177 -7.852479
v 10.215793 0.124699 -7.852479
v 10.567071 0.124699 -7.852479
v -7.575040 0.448997 10.000001
v -7.590458 0.442146 10.000001
v -7.596103 0.432788 10.000001
v -7.553977 0.451504 10.000001
v -7.596103 0.432788 -7.468383
v -7.590458 0.442146 -7.468383
v -7.575040 0.448997 -7.468383
v -7.553977 0.451504 -7.468383
v -7.461313 0.442146 10.000001
v -7.476730 0.448997 10.000001
v -7.497793 0.451504 10.000001
v -7.455667 0.432788 10.000001
v -7.455667 0.432788 -7.468383
v -7.497793 0.451504 -7.468383
v -7.476730 0.448997 -7.468383
v -7.461313 0.442146 -7.468383
v -7.590458 0.127450 10.000001
v -7.575040 0.120600 10.000001
v -7.553977 0.118092 10.000001
v -7.596103 0.136808 10.000001
v -7.575040 0.120600 -7.468383
v -7.590458 0.127450 -7.468383
v -7.596103 0.136808 -7.468383
v -7.553977 0.118092 -7.468383
v -7.476730 0.120600 10.000001
v -7.461313 0.127450 10.000001
v -7.455667 0.136808 10.000001
v -7.497793 0.118092 10.000001
v -7.461313 0.127450 -7.468383
v -7.476730 0.120600 -7.468383
v -7.497793 0.118092 -7.468383
v -7.455667 0.136808 -7.468383
v -7.058401 0.449150 -7.978937
v -7.058401 0.442299 -7.994355
v -7.058401 0.432941 -8.000000
v -7.058401 0.451657 -7.957874
v 13.172035 0.432941 -8.000000
v 13.172035 0.442299 -7.994355
v 13.172035 0.449150 -7.978937
v 13.172035 0.451657 -7.957874
v -7.058401 0.442299 -7.865210
v -7.058401 0.449150 -7.880628
v -7.058401 0.451657 -7.901690
v -7.058401 0.432941 -7.859565
v 13.172035 0.432941 -7.859565
v 13.172035 0.451657 -7.901690
v 13.172035 0.449150 -7.880628
v 13.172035 0.442299 -7.865210
v -7.058401 0.127604 -7.994355
v -7.058401 0.120753 -7.978937
v -7.058401 0.118246 -7.957874
v -7.058401 0.136962 -8.000000
v 13.172035 0.120753 -7.978937
v 13.172035 0.127604 -7.994355
v 13.172035 0.136962 -8.000000
v 13.172035 0.118246 -7.957874
v -7.058401 0.120753 -7.880628
v -7.058401 0.127604 -7.865210
v -7.058401 0.136962 -7.859565
v -7.058401 0.118246 -7.901690
v 13.172035 0.127604 -7.865210
v 13.172035 0.120753 -7.880628
v 13.172035 0.118246 -7.901690
v 13.172035 0.136962 -7.859565
v -7.596102 0.118246 10.000000
v -7.596102 9.822632 10.000000
v -7.596102 9.822632 -8.000000
v 13.172035 9.822632 -8.000000
v -7.596102 0.118246 -8.000000
v 13.172035 0.118246 -8.000000
v -7.439689 0.131789 3.854595
v -7.409461 0.118246 3.854712
v -7.409461 0.131790 3.880871
v -7.409461 0.164489 3.891707
v -7.439690 0.164489 3.880871
v -7.452211 0.164489 3.854712
v -7.061755 0.130261 3.857495
v -7.045912 0.160594 3.857378
v -7.058401 0.162512 3.881677
v -7.088641 0.164489 3.891707
v -7.091717 0.131887 3.881677
v -7.091982 0.118246 3.857378
v -7.439690 0.164489 3.584206
v -7.409461 0.164489 3.573370
v -7.409461 0.131790 3.584206
v -7.409461 0.118246 3.610365
v -7.439689 0.131789 3.610481
v -7.452211 0.164489 3.610365
v -7.061755 0.130261 3.607582
v -7.091982 0.118246 3.607698
v -7.091717 0.131887 3.583399
v -7.088641 0.164489 3.573370
v -7.058401 0.162512 3.583399
v -7.045912 0.160594 3.607698
v -7.409461 6.468581 3.891707
v -7.439690 6.468581 3.880871
v -7.452211 6.468581 3.854712
v -6.135038 6.472337 3.891707
v -6.104810 6.469681 3.880871
v -6.092289 6.468581 3.854712
v -7.409461 8.127049 3.573370
v -7.439690 8.127049 3.584206
v -7.452211 8.127049 3.610365
v -7.452211 6.468581 3.610365
v -7.439690 6.468581 3.584206
v -7.409461 6.468581 3.573370
v -6.092289 8.127049 3.610365
v -6.104810 8.140594 3.584206
v -6.135038 8.173293 3.573370
v -6.135038 6.472337 3.573370
v -6.104810 6.469681 3.584206
v -6.092289 6.468581 3.610365
v -7.409461 8.127049 3.891707
v -7.439690 8.127049 3.880871
v -7.452211 8.127049 3.854712
v -7.439690 9.821879 3.854712
v -7.452211 9.789180 3.854712
v -7.439690 9.789180 3.880871
v -7.409461 9.789180 3.891707
v -7.409461 9.821879 3.880871
v -7.409461 9.835423 3.854712
v -6.092289 9.835423 3.854712
v -6.092289 9.821879 3.880871
v -6.092289 9.789180 3.891707
v -7.439690 9.821879 3.610365
v -7.409461 9.835423 3.610365
v -7.409461 9.821879 3.584206
v -7.409461 9.789180 3.573370
v -7.439690 9.789180 3.584206
v -7.452211 9.789180 3.610365
v -6.092289 9.789180 3.573370
v -6.092289 9.821879 3.584206
v -6.092289 9.835423 3.610365
v -6.135038 8.173293 3.891707
v -6.104810 8.140594 3.880871
v -6.092289 8.127049 3.854712
v -4.578969 8.127050 3.854712
v -4.579918 8.140594 3.880871
v -4.582207 8.173294 3.891707
v -4.578969 8.127050 3.610365
v -4.579918 8.140594 3.584206
v -4.582207 8.173294 3.573370
v 13.125416 8.489001 3.880871
v 13.125416 8.475456 3.854712
v 13.155645 8.489001 3.854712
v 13.168167 8.521700 3.854712
v 13.155645 8.521700 3.880871
v 13.125416 8.521700 3.891707
v 13.125416 8.489001 3.584206
v 13.125416 8.521700 3.573370
v 13.155645 8.521700 3.584206
v 13.168167 8.521700 3.610365
v 13.155645 8.489001 3.610365
v 13.125416 8.475456 3.610365
v -4.578969 9.835424 3.610365
v -4.578969 9.821880 3.584206
v -4.578969 9.789181 3.573370
v 13.125416 9.821879 3.584206
v 13.125416 9.835423 3.610365
v 13.155645 9.821879 3.610365
v 13.168167 9.789180 3.610365
v 13.155645 9.789180 3.584206
v 13.125416 9.789180 3.573370
v -4.578969 9.789181 3.891707
v -4.578969 9.821880 3.880871
v -4.578969 9.835424 3.854712
v 13.125416 9.821879 3.880871
v 13.125416 9.789180 3.891707
v 13.155645 9.789180 3.880871
v 13.168167 9.789180 3.854712
v 13.155645 9.821879 3.854712
v 13.125416 9.835423 3.854712
v 12.361073 8.521700 3.573370
v 12.363449 8.489001 3.584206
v 12.364433 8.475456 3.610365
v 12.364433 8.475456 3.854712
v 12.363449 8.489001 3.880871
v 12.361073 8.521700 3.891707
v 12.364433 9.789180 3.891707
v 12.364433 9.821879 3.880871
v 12.364433 9.835423 3.854712
v 12.364433 9.835423 3.610365
v 12.364433 9.821879 3.584206
v 12.364433 9.789180 3.573370
v 10.326265 8.173293 3.573370
v 10.328642 8.140594 3.584206
v 10.329626 8.127049 3.610365
v 10.329626 8.127049 3.854712
v 10.328642 8.140594 3.880871
v 10.326265 8.173293 3.891707
v 10.329626 9.789180 3.891707
v 10.329626 9.821879 3.880871
v 10.329626 9.835423 3.854712
v 10.329626 9.835423 3.610365
v 10.329626 9.821879 3.584206
v 10.329626 9.789180 3.573370
v 5.311297 8.173294 3.573370
v 5.309119 8.140594 3.584206
v 5.308218 8.127050 3.610365
v 5.308218 8.127050 3.854712
v 5.309119 8.140594 3.880871
v 5.311297 8.173294 3.891707
v 5.308218 9.789181 3.891707
v 5.308218 9.821880 3.880871
v 5.308218 9.835424 3.854712
v 5.308218 9.835424 3.610365
v 5.308218 9.821880 3.584206
v 5.308218 9.789181 3.573370
v 3.031196 8.530431 3.573370
v 3.029019 8.497731 3.584206
v 3.028118 8.484187 3.610365
v 3.028118 8.484187 3.854712
v 3.029019 8.497731 3.880871
v 3.031196 8.530431 3.891707
v 3.028118 9.789181 3.891707
v 3.028118 9.821880 3.880871
v 3.028118 9.835424 3.854712
v 3.028118 9.835424 3.610365
v 3.028118 9.821880 3.584206
v 3.028118 9.789181 3.573370
v -0.052900 8.530431 3.573370
v -0.052900 8.497731 3.584206
v -0.052900 8.484187 3.610365
v -0.052900 8.484187 3.854712
v -0.052900 8.497731 3.880871
v -0.052900 8.530431 3.891707
v -0.052900 9.789181 3.891707
v -0.052900 9.821880 3.880871
v -0.052900 9.835424 3.854712
v -0.052900 9.835424 3.610365
v -0.052900 9.821880 3.584206
v -0.052900 9.789181 3.573370
v -2.420596 8.529555 3.573370
v -2.418301 8.496857 3.584206
v -2.417351 8.483314 3.610365
v -2.417351 8.483314 3.854712
v -2.418301 8.496857 3.880871
v -2.420596 8.529555 3.891707
v -2.417351 9.789181 3.891707
v -2.417351 9.821880 3.880871
v -2.417351 9.835424 3.854712
v -2.417351 9.835424 3.610365
v -2.417351 9.821880 3.584206
v -2.417351 9.789181 3.573370
v -7.434135 0.137796 3.876018
v -7.066871 0.136777 3.877263
v -7.434135 0.137796 3.589059
v -7.066871 0.136777 3.587813
v -7.434134 9.815869 3.876063
v -7.434134 9.815869 3.589013
v 13.150091 8.495011 3.876063
v 13.150091 8.495011 3.589013
v 13.150091 9.815869 3.589013
v 13.150091 9.815869 3.876063
v -7.439689 0.131789 -1.647716
v -7.409461 0.118246 -1.647599
v -7.409461 0.131790 -1.621439
v -7.409461 0.164489 -1.610604
v -7.439690 0.164489 -1.621439
v -7.452211 0.164489 -1.647599
v -7.061755 0.130261 -1.644815
v -7.045912 0.160594 -1.644933
v -7.058401 0.162512 -1.620634
v -7.088641 0.164489 -1.610604
v -7.091717 0.131887 -1.620634
v -7.091982 0.118246 -1.644933
v -7.439690 0.164489 -1.918105
v -7.409461 0.164489 -1.928941
v -7.409461 0.131790 -1.918105
v -7.409461 0.118246 -1.891946
v -7.439689 0.131789 -1.891829
v -7.452211 0.164489 -1.891946
v -7.061755 0.130261 -1.894729
v -7.091982 0.118246 -1.894612
v -7.091717 0.131887 -1.918911
v -7.088641 0.164489 -1.928941
v -7.058401 0.162512 -1.918911
v -7.045912 0.160594 -1.894612
v -7.409461 6.468581 -1.610604
v -7.439690 6.468581 -1.621439
v -7.452211 6.468581 -1.647599
v -6.135038 6.472337 -1.610604
v -6.104810 6.469681 -1.621439
v -6.092289 6.468581 -1.647599
v -7.409461 8.127049 -1.928941
v -7.439690 8.127049 -1.918105
v -7.452211 8.127049 -1.891946
v -7.452211 6.468581 -1.891946
v -7.439690 6.468581 -1.918105
v -7.409461 6.468581 -1.928941
v -6.092289 8.127049 -1.891946
v -6.104810 8.140594 -1.918105
v -6.135038 8.173293 -1.928941
v -6.135038 6.472337 -1.928941
v -6.104810 6.469681 -1.918105
v -6.092289 6.468581 -1.891946
v -7.409461 8.127049 -1.610604
v -7.439690 8.127049 -1.621439
v -7.452211 8.127049 -1.647599
v -7.439690 9.821879 -1.647599
v -7.452211 9.789180 -1.647599
v -7.439690 9.789180 -1.621439
v -7.409461 9.789180 -1.610604
v -7.409461 9.821879 -1.621439
v -7.409461 9.835423 -1.647599
v -6.092289 9.835423 -1.647599
v -6.092289 9.821879 -1.621439
v -6.092289 9.789180 -1.610604
v -7.439690 9.821879 -1.891946
v -7.409461 9.835423 -1.891946
v -7.409461 9.821879 -1.918105
v -7.409461 9.789180 -1.928941
v -7.439690 9.789180 -1.918105
v -7.452211 9.789180 -1.891946
v -6.092289 9.789180 -1.928941
v -6.092289 9.821879 -1.918105
v -6.092289 9.835423 -1.891946
v -6.135038 8.173293 -1.610604
v -6.104810 8.140594 -1.621439
v -6.092289 8.127049 -1.647599
v -4.578969 8.127050 -1.647599
v -4.579918 8.140594 -1.621439
v -4.582207 8.173294 -1.610604
v -4.578969 8.127050 -1.891946
v -4.579918 8.140594 -1.918105
v -4.582207 8.173294 -1.928941
v 13.125416 8.489001 -1.621439
v 13.125416 8.475456 -1.647599
v 13.155645 8.489001 -1.647599
v 13.168167 8.521700 -1.647599
v 13.155645 8.521700 -1.621439
v 13.125416 8.521700 -1.610604
v 13.125416 8.489001 -1.918105
v 13.125416 8.521700 -1.928941
v 13.155645 8.521700 -1.918105
v 13.168167 8.521700 -1.891946
v 13.155645 8.489001 -1.891946
v 13.125416 8.475456 -1.891946
v -4.578969 9.835424 -1.891946
v -4.578969 9.821880 -1.918105
v -4.578969 9.789181 -1.928941
v 13.125416 9.821879 -1.918105
v 13.125416 9.835423 -1.891946
v 13.155645 9.821879 -1.891946
v 13.168167 9.789180 -1.891946
v 13.155645 9.789180 -1.918105
v 13.125416 9.789180 -1.928941
v -4.578969 9.789181 -1.610604
v -4.578969 9.821880 -1.621439
v -4.578969 9.835424 -1.647599
v 13.125416 9.821879 -1.621439
v 13.125416 9.789180 -1.610604
v 13.155645 9.789180 -1.621439
v 13.168167 9.789180 -1.647599
v 13.155645 9.821879 -1.647599
v 13.125416 9.835423 -1.647599
v 12.361073 8.521700 -1.928941
v 12.363449 8.489001 -1.918105
v 12.364433 8.475456 -1.891946
v 12.364433 8.475456 -1.647599
v 12.363449 8.489001 -1.621439
v 12.361073 8.521700 -1.610604
v 12.364433 9.789180 -1.610604
v 12.364433 9.821879 -1.621439
v 12.364433 9.835423 -1.647599
v 12.364433 9.835423 -1.891946
v 12.364433 9.821879 -1.918105
v 12.364433 9.789180 -1.928941
v 10.326265 8.173293 -1.928941
v 10.328642 8.140594 -1.918105
v 10.329626 8.127049 -1.891946
v 10.329626 8.127049 -1.647599
v 10.328642 8.140594 -1.621439
v 10.326265 8.173293 -1.610604
v 10.329626 9.789180 -1.610604
v 10.329626 9.821879 -1.621439
v 10.329626 9.835423 -1.647599
v 10.329626 9.835423 -1.891946
v 10.329626 9.821879 -1.918105
v 10.329626 9.789180 -1.928941
v 5.311297 8.173294 -1.928941
v 5.309119 8.140594 -1.918105
v 5.308218 8.127050 -1.891946
v 5.308218 8.127050 -1.647599
v 5.309119 8.140594 -1.621439
v 5.311297 8.173294 -1.610604
v 5.308218 9.789181 -1.610604
v 5.308218 9.821880 -1.621439
v 5.308218 9.835424 -1.647599
v 5.308218 9.835424 -1.891946
v 5.308218 9.821880 -1.918105
v 5.308218 9.789181 -1.928941
v 3.031196 8.530431 -1.928941
v 3.029019 8.497731 -1.918105
v 3.028118 8.484187 -1.891946
v 3.028118 8.484187 -1.647599
v 3.029019 8.497731 -1.621439
v 3.031196 8.530431 -1.610604
v 3.028118 9.789181 -1.610604
v 3.028118 9.821880 -1.621439
v 3.028118 9.835424 -1.647599
v 3.028118 9.835424 -1.891946
v 3.028118 9.821880 -1.918105
v 3.028118 9.789181 -1.928941
v -0.052900 8.530431 -1.928941
v -0.052900 8.497731 -1.918105
v -0.052900 8.484187 -1.891946
v -0.052900 8.484187 -1.647599
v -0.052900 8.497731 -1.621439
v -0.052900 8.530431 -1.610604
v -0.052900 9.789181 -1.610604
v -0.052900 9.821880 -1.621439
v -0.052900 9.835424 -1.647599
v -0.052900 9.835424 -1.891946
v -0.052900 9.821880 -1.918105
v -0.052900 9.789181 -1.928941
v -2.420596 8.529555 -1.928941
v -2.418301 8.496857 -1.918105
v -2.417351 8.483314 -1.891946
v -2.417351 8.483314 -1.647599
v -2.418301 8.496857 -1.621439
v -2.420596 8.529555 -1.610604
v -2.417351 9.789181 -1.610604
v -2.417351 9.821880 -1.621439
v -2.417351 9.835424 -1.647599
v -2.417351 9.835424 -1.891946
v -2.417351 9.821880 -1.918105
v -2.417351 9.789181 -1.928941
v -7.434135 0.137796 -1.626293
v -7.066871 0.136777 -1.625048
v -7.434135 0.137796 -1.913252
v -7.066871 0.136777 -1.914498
v -7.434134 9.815869 -1.626248
v -7.434134 9.815869 -1.913297
v 13.150091 8.495011 -1.626248
v 13.150091 8.495011 -1.913297
v 13.150091 9.815869 -1.913297
v 13.150091 9.815869 -1.626248
v -7.439689 0.131789 -7.755770
v -7.409461 0.118246 -7.755653
v -7.409461 0.131790 -7.729494
v -7.409461 0.164489 -7.718658
v -7.439690 0.164489 -7.729494
v -7.452211 0.164489 -7.755653
v -7.061755 0.130261 -7.752870
v -7.045912 0.160594 -7.752987
v -7.058401 0.162512 -7.728688
v -7.088641 0.164489 -7.718658
v -7.091717 0.131887 -7.728688
v -7.091982 0.118246 -7.752987
v -7.439690 0.164489 -8.026159
v -7.409461 0.164489 -8.036995
v -7.409461 0.131790 -8.026159
v -7.409461 0.118246 -8.000000
v -7.439689 0.131789 -7.999884
v -7.452211 0.164489 -8.000000
v -7.061755 0.130261 -8.002783
v -7.091982 0.118246 -8.002666
v -7.091717 0.131887 -8.026966
v -7.088641 0.164489 -8.036995
v -7.058401 0.162512 -8.026966
v -7.045912 0.160594 -8.002666
v -7.409461 6.468581 -7.718658
v -7.439690 6.468581 -7.729494
v -7.452211 6.468581 -7.755653
v -6.135038 6.472337 -7.718658
v -6.104810 6.469681 -7.729494
v -6.092289 6.468581 -7.755653
v -7.409461 8.127049 -8.036995
v -7.439690 8.127049 -8.026159
v -7.452211 8.127049 -8.000000
v -7.452211 6.468581 -8.000000
v -7.439690 6.468581 -8.026159
v -7.409461 6.468581 -8.036995
v -6.092289 8.127049 -8.000000
v -6.104810 8.140594 -8.026159
v -6.135038 8.173293 -8.036995
v -6.135038 6.472337 -8.036995
v -6.104810 6.469681 -8.026159
v -6.092289 6.468581 -8.000000
v -7.409461 8.127049 -7.718658
v -7.439690 8.127049 -7.729494
v -7.452211 8.127049 -7.755653
v -7.439690 9.821879 -7.755653
v -7.452211 9.789180 -7.755653
v -7.439690 9.789180 -7.729494
v -7.409461 9.789180 -7.718658
v -7.409461 9.821879 -7.729494
v -7.409461 9.835423 -7.755653
v -6.092289 9.835423 -7.755653
v -6.092289 9.821879 -7.729494
v -6.092289 9.789180 -7.718658
v -7.439690 9.821879 -8.000000
v -7.409461 9.835423 -8.000000
v -7.409461 9.821879 -8.026159
v -7.409461 9.789180 -8.036995
v -7.439690 9.789180 -8.026159
v -7.452211 9.789180 -8.000000
v -6.092289 9.789180 -8.036995
v -6.092289 9.821879 -8.026159
v -6.092289 9.835423 -8.000000
v -6.135038 8.173293 -7.718658
v -6.104810 8.140594 -7.729494
v -6.092289 8.127049 -7.755653
v -4.578969 8.127050 -7.755653
v -4.579918 8.140594 -7.729494
v -4.582207 8.173294 -7.718658
v -4.578969 8.127050 -8.000000
v -4.579918 8.140594 -8.026159
v -4.582207 8.173294 -8.036995
v 13.125416 8.489001 -7.729494
v 13.125416 8.475456 -7.755653
v 13.155645 8.489001 -7.755653
v 13.168167 8.521700 -7.755653
v 13.155645 8.521700 -7.729494
v 13.125416 8.521700 -7.718658
v 13.125416 8.489001 -8.026159
v 13.125416 8.521700 -8.036995
v 13.155645 8.521700 -8.026159
v 13.168167 8.521700 -8.000000
v 13.155645 8.489001 -8.000000
v 13.125416 8.475456 -8.000000
v -4.578969 9.835424 -8.000000
v -4.578969 9.821880 -8.026159
v -4.578969 9.789181 -8.036995
v 13.125416 9.821879 -8.026159
v 13.125416 9.835423 -8.000000
v 13.155645 9.821879 -8.000000
v 13.168167 9.789180 -8.000000
v 13.155645 9.789180 -8.026159
v 13.125416 9.789180 -8.036995
v -4.578969 9.789181 -7.718658
v -4.578969 9.821880 -7.729494
v -4.578969 9.835424 -7.755653
v 13.125416 9.821879 -7.729494
v 13.125416 9.789180 -7.718658
v 13.155645 9.789180 -7.729494
v 13.168167 9.789180 -7.755653
v 13.155645 9.821879 -7.755653
v 13.125416 9.835423 -7.755653
v 12.361073 8.521700 -8.036995
v 12.363449 8.489001 -8.026159
v 12.364433 8.475456 -8.000000
v 12.364433 8.475456 -7.755653
v 12.363449 8.489001 -7.729494
v 12.361073 8.521700 -7.718658
v 12.364433 9.789180 -7.718658
v 12.364433 9.821879 -7.729494
v 12.364433 9.835423 -7.755653
v 12.364433 9.835423 -8.000000
v 12.364433 9.821879 -8.026159
v 12.364433 9.789180 -8.036995
v 10.326265 8.173293 -8.036995
v 10.328642 8.140594 -8.026159
v 10.329626 8.127049 -8.000000
v 10.329626 8.127049 -7.755653
v 10.328642 8.140594 -7.729494
v 10.326265 8.173293 -7.718658
v 10.329626 9.789180 -7.718658
v 10.329626 9.821879 -7.729494
v 10.329626 9.835423 -7.755653
v 10.329626 9.835423 -8.000000
v 10.329626 9.821879 -8.026159
v 10.329626 9.789180 -8.036995
v 5.311297 8.173294 -8.036995
v 5.309119 8.140594 -8.026159
v 5.308218 8.127050 -8.000000
v 5.308218 8.127050 -7.755653
v 5.309119 8.140594 -7.729494
v 5.311297 8.173294 -7.718658
v 5.308218 9.789181 -7.718658
v 5.308218 9.821880 -7.729494
v 5.308218 9.835424 -7.755653
v 5.308218 9.835424 -8.000000
v 5.308218 9.821880 -8.026159
v 5.308218 9.789181 -8.036995
v 3.031196 8.530431 -8.036995
v 3.029019 8.497731 -8.026159
v 3.028118 8.484187 -8.000000
v 3.028118 8.484187 -7.755653
v 3.029019 8.497731 -7.729494
v 3.031196 8.530431 -7.718658
v 3.028118 9.789181 -7.718658
v 3.028118 9.821880 -7.729494
v 3.028118 9.835424 -7.755653
v 3.028118 9.835424 -8.000000
v 3.028118 9.821880 -8.026159
v 3.028118 9.789181 -8.036995
v -0.052900 8.530431 -8.036995
v -0.052900 8.497731 -8.026159
v -0.052900 8.484187 -8.000000
v -0.052900 8.484187 -7.755653
v -0.052900 8.497731 -7.729494
v -0.052900 8.530431 -7.718658
v -0.052900 9.789181 -7.718658
v -0.052900 9.821880 -7.729494
v -0.052900 9.835424 -7.755653
v -0.052900 9.835424 -8.000000
v -0.052900 9.821880 -8.026159
v -0.052900 9.789181 -8.036995
v -2.420596 8.529555 -8.036995
v -2.418301 8.496857 -8.026159
v -2.417351 8.483314 -8.000000
v -2.417351 8.483314 -7.755653
v -2.418301 8.496857 -7.729494
v -2.420596 8.529555 -7.718658
v -2.417351 9.789181 -7.718658
v -2.417351 9.821880 -7.729494
v -2.417351 9.835424 -7.755653
v -2.417351 9.835424 -8.000000
v -2.417351 9.821880 -8.026159
v -2.417351 9.789181 -8.036995
v -7.434135 0.137796 -7.734347
v -7.066871 0.136777 -7.733102
v -7.434135 0.137796 -8.021306
v -7.066871 0.136777 -8.022552
v -7.434134 9.815869 -7.734302
v -7.434134 9.815869 -8.021352
v 13.150091 8.495011 -7.734302
v 13.150091 8.495011 -8.021352
v 13.150091 9.815869 -8.021352
v 13.150091 9.815869 -7.734302
v -5.841684 8.443149 10.000001
v -5.844540 8.436254 10.000001
v -5.834789 8.446006 10.000001
v -5.844540 8.436254 -8.000000
v -5.841684 8.443149 -8.000000
v -5.834789 8.446006 -8.000000
v -5.749877 8.443149 10.000001
v -5.756772 8.446006 10.000001
v -5.747021 8.436254 10.000001
v -5.747021 8.436254 -8.000000
v -5.756772 8.446006 -8.000000
v -5.749877 8.443149 -8.000000
v -5.841684 8.235462 10.000001
v -5.834789 8.232608 10.000001
v -5.844540 8.242359 10.000001
v -5.841684 8.235462 -8.000000
v -5.844540 8.242359 -8.000000
v -5.834789 8.232608 -8.000000
v -5.749877 8.235462 10.000001
v -5.747021 8.242359 10.000001
v -5.756772 8.232608 10.000001
v -5.749877 8.235462 -8.000000
v -5.756772 8.232608 -8.000000
v -5.747021 8.242359 -8.000000
v -2.456085 8.799628 10.000001
v -2.458940 8.792733 10.000001
v -2.449190 8.802485 10.000001
v -2.458940 8.792733 -8.000000
v -2.456085 8.799628 -8.000000
v -2.449190 8.802485 -8.000000
v -2.364278 8.799628 10.000001
v -2.371172 8.802485 10.000001
v -2.361422 8.792733 10.000001
v -2.361422 8.792733 -8.000000
v -2.371172 8.802485 -8.000000
v -2.364278 8.799628 -8.000000
v -2.456085 8.591942 10.000001
v -2.449190 8.589087 10.000001
v -2.458940 8.598839 10.000001
v -2.456085 8.591942 -8.000000
v -2.458940 8.598839 -8.000000
v -2.449190 8.589087 -8.000000
v -2.364278 8.591942 10.000001
v -2.361422 8.598839 10.000001
v -2.371172 8.589087 10.000001
v -2.364278 8.591942 -8.000000
v -2.371172 8.589087 -8.000000
v -2.361422 8.598839 -8.000000
v -0.093912 8.799628 10.000001
v -0.096767 8.792733 10.000001
v -0.087017 8.802485 10.000001
v -0.096767 8.792733 -8.000000
v -0.093912 8.799628 -8.000000
v -0.087017 8.802485 -8.000000
v -0.002105 8.799628 10.000001
v -0.008999 8.802485 10.000001
v 0.000751 8.792733 10.000001
v 0.000751 8.792733 -8.000000
v -0.008999 8.802485 -8.000000
v -0.002105 8.799628 -8.000000
v -0.093912 8.591942 10.000001
v -0.087017 8.589087 10.000001
v -0.096767 8.598839 10.000001
v -0.093912 8.591942 -8.000000
v -0.096767 8.598839 -8.000000
v -0.087017 8.589087 -8.000000
v -0.002105 8.591942 10.000001
v 0.000751 8.598839 10.000001
v -0.008999 8.589087 10.000001
v -0.002105 8.591942 -8.000000
v -0.008999 8.589087 -8.000000
v 0.000751 8.598839 -8.000000
v 5.260747 8.498916 10.000001
v 5.257892 8.492021 10.000001
v 5.267642 8.501773 10.000001
v 5.257892 8.492021 -8.000000
v 5.260747 8.498916 -8.000000
v 5.267642 8.501773 -8.000000
v 5.352554 8.498916 10.000001
v 5.345660 8.501773 10.000001
v 5.355410 8.492021 10.000001
v 5.355410 8.492021 -8.000000
v 5.345660 8.501773 -8.000000
v 5.352554 8.498916 -8.000000
v 5.260747 8.291229 10.000001
v 5.267642 8.288375 10.000001
v 5.257892 8.298126 10.000001
v 5.260747 8.291229 -8.000000
v 5.257892 8.298126 -8.000000
v 5.267642 8.288375 -8.000000
v 5.352554 8.291229 10.000001
v 5.355410 8.298126 10.000001
v 5.345660 8.288375 10.000001
v 5.352554 8.291229 -8.000000
v 5.345660 8.288375 -8.000000
v 5.355410 8.298126 -8.000000
v 2.990780 8.799628 10.000001
v 2.987925 8.792733 10.000001
v 2.997675 8.802485 10.000001
v 2.987925 8.792733 -8.000000
v 2.990780 8.799628 -8.000000
v 2.997675 8.802485 -8.000000
v 3.082588 8.799628 10.000001
v 3.075693 8.802485 10.000001
v 3.085443 8.792733 10.000001
v 3.085443 8.792733 -8.000000
v 3.075693 8.802485 -8.000000
v 3.082588 8.799628 -8.000000
v 2.990780 8.591942 10.000001
v 2.997675 8.589087 10.000001
v 2.987925 8.598839 10.000001
v 2.990780 8.591942 -8.000000
v 2.987925 8.598839 -8.000000
v 2.997675 8.589087 -8.000000
v 3.082588 8.591942 10.000001
v 3.085443 8.598839 10.000001
v 3.075693 8.589087 10.000001
v 3.082588 8.591942 -8.000000
v 3.075693 8.589087 -8.000000
v 3.085443 8.598839 -8.000000
v 10.275402 8.498916 10.000001
v 10.272547 8.492021 10.000001
v 10.282297 8.501773 10.000001
v 10.272547 8.492021 -8.000000
v 10.275402 8.498916 -8.000000
v 10.282297 8.501773 -8.000000
v 10.367208 8.498916 10.000001
v 10.360314 8.501773 10.000001
v 10.370065 8.492021 10.000001
v 10.370065 8.492021 -8.000000
v 10.360314 8.501773 -8.000000
v 10.367208 8.498916 -8.000000
v 10.275402 8.291229 10.000001
v 10.282297 8.288375 10.000001
v 10.272547 8.298126 10.000001
v 10.275402 8.291229 -8.000000
v 10.272547 8.298126 -8.000000
v 10.282297 8.288375 -8.000000
v 10.367208 8.291229 10.000001
v 10.370065 8.298126 10.000001
v 10.360314 8.288375 10.000001
v 10.367208 8.291229 -8.000000
v 10.360314 8.288375 -8.000000
v 10.370065 8.298126 -8.000000
v 7.767098 8.498916 9.999932
v 7.764243 8.492021 9.999932
v 7.773993 8.501773 9.999932
v 7.764243 8.492021 -8.000070
v 7.767098 8.498916 -8.000070
v 7.773993 8.501773 -8.000070
v 7.858906 8.498916 9.999932
v 7.852011 8.501773 9.999932
v 7.861762 8.492021 9.999932
v 7.861762 8.492021 -8.000070
v 7.852011 8.501773 -8.000070
v 7.858906 8.498916 -8.000070
v 7.767098 8.291229 9.999932
v 7.773993 8.288375 9.999932
v 7.764243 8.298126 9.999932
v 7.767098 8.291229 -8.000070
v 7.764243 8.298126 -8.000070
v 7.773993 8.288375 -8.000070
v 7.858906 8.291229 9.999932
v 7.861762 8.298126 9.999932
v 7.852011 8.288375 9.999932
v 7.858906 8.291229 -8.000070
v 7.852011 8.288375 -8.000070
v 7.861762 8.298126 -8.000070
v -7.584988 9.822632 10.000001
v -7.588728 9.820133 10.000001
v -7.591228 9.816393 10.000001
v -7.592104 9.811981 10.000001
v -7.592104 9.811981 -8.000000
v -7.591228 9.816393 -8.000000
v -7.588728 9.820133 -8.000000
v -7.584988 9.822632 -8.000000
v -7.527100 9.816393 10.000001
v -7.529599 9.820133 10.000001
v -7.533339 9.822632 10.000001
v -7.526223 9.811981 10.000001
v -7.526223 9.811981 -8.000000
v -7.533339 9.822632 -8.000000
v -7.529599 9.820133 -8.000000
v -7.527100 9.816393 -8.000000
v -7.591228 9.713879 10.000001
v -7.588728 9.710138 10.000001
v -7.584988 9.707641 10.000001
v -7.580576 9.706762 10.000001
v -7.592104 9.718290 10.000001
v -7.584988 9.707641 -8.000000
v -7.588728 9.710138 -8.000000
v -7.591228 9.713879 -8.000000
v -7.592104 9.718290 -8.000000
v -7.580576 9.706762 -8.000000
v -7.533339 9.707641 10.000001
v -7.529599 9.710138 10.000001
v -7.527100 9.713879 10.000001
v -7.526223 9.718290 10.000001
v -7.537751 9.706762 10.000001
v -7.527100 9.713879 -8.000000
v -7.529599 9.710138 -8.000000
v -7.533339 9.707641 -8.000000
v -7.537751 9.706762 -8.000000
v -7.526223 9.718290 -8.000000
v -6.984988 9.822632 10.000001
v -6.988729 9.820133 10.000001
v -6.991228 9.816393 10.000001
v -6.992105 9.811981 10.000001
v -6.992105 9.811981 -8.000000
v -6.991228 9.816393 -8.000000
v -6.988729 9.820133 -8.000000
v -6.984988 9.822632 -8.000000
v -6.927100 9.816393 10.000001
v -6.929599 9.820133 10.000001
v -6.933339 9.822632 10.000001
v -6.926223 9.811981 10.000001
v -6.926223 9.811981 -8.000000
v -6.933339 9.822632 -8.000000
v -6.929599 9.820133 -8.000000
v -6.927100 9.816393 -8.000000
v -6.991228 9.713879 10.000001
v -6.988729 9.710138 10.000001
v -6.984988 9.707641 10.000001
v -6.980577 9.706762 10.000001
v -6.992105 9.718290 10.000001
v -6.984988 9.707641 -8.000000
v -6.988729 9.710138 -8.000000
v -6.991228 9.713879 -8.000000
v -6.992105 9.718290 -8.000000
v -6.980577 9.706762 -8.000000
v -6.933339 9.707641 10.000001
v -6.929599 9.710138 10.000001
v -6.927100 9.713879 10.000001
v -6.926223 9.718290 10.000001
v -6.937751 9.706762 10.000001
v -6.927100 9.713879 -8.000000
v -6.929599 9.710138 -8.000000
v -6.933339 9.707641 -8.000000
v -6.937751 9.706762 -8.000000
v -6.926223 9.718290 -8.000000
v -6.384988 9.822632 10.000001
v -6.388729 9.820133 10.000001
v -6.391228 9.816393 10.000001
v -6.392105 9.811981 10.000001
v -6.392105 9.811981 -8.000000
v -6.391228 9.816393 -8.000000
v -6.388729 9.820133 -8.000000
v -6.384988 9.822632 -8.000000
v -6.327100 9.816393 10.000001
v -6.329599 9.820133 10.000001
v -6.333339 9.822632 10.000001
v -6.326223 9.811981 10.000001
v -6.326223 9.811981 -8.000000
v -6.333339 9.822632 -8.000000
v -6.329599 9.820133 -8.000000
v -6.327100 9.816393 -8.000000
v -6.391228 9.713879 10.000001
v -6.388729 9.710138 10.000001
v -6.384988 9.707641 10.000001
v -6.380577 9.706762 10.000001
v -6.392105 9.718290 10.000001
v -6.384988 9.707641 -8.000000
v -6.388729 9.710138 -8.000000
v -6.391228 9.713879 -8.000000
v -6.392105 9.718290 -8.000000
v -6.380577 9.706762 -8.000000
v -6.333339 9.707641 10.000001
v -6.329599 9.710138 10.000001
v -6.327100 9.713879 10.000001
v -6.326223 9.718290 10.000001
v -6.337751 9.706762 10.000001
v -6.327100 9.713879 -8.000000
v -6.329599 9.710138 -8.000000
v -6.333339 9.707641 -8.000000
v -6.337751 9.706762 -8.000000
v -6.326223 9.718290 -8.000000
v -5.784988 9.822632 10.000001
v -5.788728 9.820133 10.000001
v -5.791227 9.816393 10.000001
v -5.792104 9.811981 10.000001
v -5.792104 9.811981 -8.000000
v -5.791227 9.816393 -8.000000
v -5.788728 9.820133 -8.000000
v -5.784988 9.822632 -8.000000
v -5.727100 9.816393 10.000001
v -5.729599 9.820133 10.000001
v -5.733339 9.822632 10.000001
v -5.726223 9.811981 10.000001
v -5.726223 9.811981 -8.000000
v -5.733339 9.822632 -8.000000
v -5.729599 9.820133 -8.000000
v -5.727100 9.816393 -8.000000
v -5.791227 9.713879 10.000001
v -5.788728 9.710138 10.000001
v -5.784988 9.707641 10.000001
v -5.780576 9.706762 10.000001
v -5.792104 9.718290 10.000001
v -5.784988 9.707641 -8.000000
v -5.788728 9.710138 -8.000000
v -5.791227 9.713879 -8.000000
v -5.792104 9.718290 -8.000000
v -5.780576 9.706762 -8.000000
v -5.733339 9.707641 10.000001
v -5.729599 9.710138 10.000001
v -5.727100 9.713879 10.000001
v -5.726223 9.718290 10.000001
v -5.737751 9.706762 10.000001
v -5.727100 9.713879 -8.000000
v -5.729599 9.710138 -8.000000
v -5.733339 9.707641 -8.000000
v -5.737751 9.706762 -8.000000
v -5.726223 9.718290 -8.000000
v -5.184988 9.822632 10.000001
v -5.188728 9.820133 10.000001
v -5.191227 9.816393 10.000001
v -5.192104 9.811981 10.000001
v -5.192104 9.811981 -8.000000
v -5.191227 9.816393 -8.000000
v -5.188728 9.820133 -8.000000
v -5.184988 9.822632 -8.000000
v -5.127100 9.816393 10.000001
v -5.129599 9.820133 10.000001
v -5.133339 9.822632 10.000001
v -5.126223 9.811981 10.000001
v -5.126223 9.811981 -8.000000
v -5.133339 9.822632 -8.000000
v -5.129599 9.820133 -8.000000
v -5.127100 9.816393 -8.000000
v -5.191227 9.713879 10.000001
v -5.188728 9.710138 10.000001
v -5.184988 9.707641 10.000001
v -5.180576 9.706762 10.000001
v -5.192104 9.718290 10.000001
v -5.184988 9.707641 -8.000000
v -5.188728 9.710138 -8.000000
v -5.191227 9.713879 -8.000000
v -5.192104 9.718290 -8.000000
v -5.180576 9.706762 -8.000000
v -5.133339 9.707641 10.000001
v -5.129599 9.710138 10.000001
v -5.127100 9.713879 10.000001
v -5.126223 9.718290 10.000001
v -5.137751 9.706762 10.000001
v -5.127100 9.713879 -8.000000
v -5.129599 9.710138 -8.000000
v -5.133339 9.707641 -8.000000
v -5.137751 9.706762 -8.000000
v -5.126223 9.718290 -8.000000
v -4.584988 9.822632 10.000001
v -4.588728 9.820133 10.000001
v -4.591228 9.816393 10.000001
v -4.592104 9.811981 10.000001
v -4.592104 9.811981 -8.000000
v -4.591228 9.816393 -8.000000
v -4.588728 9.820133 -8.000000
v -4.584988 9.822632 -8.000000
v -4.527100 9.816393 10.000001
v -4.529599 9.820133 10.000001
v -4.533339 9.822632 10.000001
v -4.526223 9.811981 10.000001
v -4.526223 9.811981 -8.000000
v -4.533339 9.822632 -8.000000
v -4.529599 9.820133 -8.000000
v -4.527100 9.816393 -8.000000
v -4.591228 9.713879 10.000001
v -4.588728 9.710138 10.000001
v -4.584988 9.707641 10.000001
v -4.580576 9.706762 10.000001
v -4.592104 9.718290 10.000001
v -4.584988 9.707641 -8.000000
v -4.588728 9.710138 -8.000000
v -4.591228 9.713879 -8.000000
v -4.592104 9.718290 -8.000000
v -4.580576 9.706762 -8.000000
v -4.533339 9.707641 10.000001
v -4.529599 9.710138 10.000001
v -4.527100 9.713879 10.000001
v -4.526223 9.718290 10.000001
v -4.537751 9.706762 10.000001
v -4.527100 9.713879 -8.000000
v -4.529599 9.710138 -8.000000
v -4.533339 9.707641 -8.000000
v -4.537751 9.706762 -8.000000
v -4.526223 9.718290 -8.000000
v -3.984988 9.822632 10.000001
v -3.988728 9.820133 10.000001
v -3.991228 9.816393 10.000001
v -3.992105 9.811981 10.000001
v -3.992105 9.811981 -8.000000
v -3.991228 9.816393 -8.000000
v -3.988728 9.820133 -8.000000
v -3.984988 9.822632 -8.000000
v -3.927100 9.816393 10.000001
v -3.929599 9.820133 10.000001
v -3.933339 9.822632 10.000001
v -3.926223 9.811981 10.000001
v -3.926223 9.811981 -8.000000
v -3.933339 9.822632 -8.000000
v -3.929599 9.820133 -8.000000
v -3.927100 9.816393 -8.000000
v -3.991228 9.713879 10.000001
v -3.988728 9.710138 10.000001
v -3.984988 9.707641 10.000001
v -3.980577 9.706762 10.000001
v -3.992105 9.718290 10.000001
v -3.984988 9.707641 -8.000000
v -3.988728 9.710138 -8.000000
v -3.991228 9.713879 -8.000000
v -3.992105 9.718290 -8.000000
v -3.980577 9.706762 -8.000000
v -3.933339 9.707641 10.000001
v -3.929599 9.710138 10.000001
v -3.927100 9.713879 10.000001
v -3.926223 9.718290 10.000001
v -3.937751 9.706762 10.000001
v -3.927100 9.713879 -8.000000
v -3.929599 9.710138 -8.000000
v -3.933339 9.707641 -8.000000
v -3.937751 9.706762 -8.000000
v -3.926223 9.718290 -8.000000
v -3.384988 9.822632 10.000001
v -3.388728 9.820133 10.000001
v -3.391227 9.816393 10.000001
v -3.392105 9.811981 10.000001
v -3.392105 9.811981 -8.000000
v -3.391227 9.816393 -8.000000
v -3.388728 9.820133 -8.000000
v -3.384988 9.822632 -8.000000
v -3.327100 9.816393 10.000001
v -3.329599 9.820133 10.000001
v -3.333339 9.822632 10.000001
v -3.326223 9.811981 10.000001
v -3.326223 9.811981 -8.000000
v -3.333339 9.822632 -8.000000
v -3.329599 9.820133 -8.000000
v -3.327100 9.816393 -8.000000
v -3.391227 9.713879 10.000001
v -3.388728 9.710138 10.000001
v -3.384988 9.707641 10.000001
v -3.380576 9.706762 10.000001
v -3.392105 9.718290 10.000001
v -3.384988 9.707641 -8.000000
v -3.388728 9.710138 -8.000000
v -3.391227 9.713879 -8.000000
v -3.392105 9.718290 -8.000000
v -3.380576 9.706762 -8.000000
v -3.333339 9.707641 10.000001
v -3.329599 9.710138 10.000001
v -3.327100 9.713879 10.000001
v -3.326223 9.718290 10.000001
v -3.337751 9.706762 10.000001
v -3.327100 9.713879 -8.000000
v -3.329599 9.710138 -8.000000
v -3.333339 9.707641 -8.000000
v -3.337751 9.706762 -8.000000
v -3.326223 9.718290 -8.000000
v -2.784988 9.822632 10.000001
v -2.788728 9.820133 10.000001
v -2.791228 9.816393 10.000001
v -2.792105 9.811981 10.000001
v -2.792105 9.811981 -8.000000
v -2.791228 9.816393 -8.000000
v -2.788728 9.820133 -8.000000
v -2.784988 9.822632 -8.000000
v -2.727100 9.816393 10.000001
v -2.729599 9.820133 10.000001
v -2.733339 9.822632 10.000001
v -2.726223 9.811981 10.000001
v -2.726223 9.811981 -8.000000
v -2.733339 9.822632 -8.000000
v -2.729599 9.820133 -8.000000
v -2.727100 9.816393 -8.000000
v -2.791228 9.713879 10.000001
v -2.788728 9.710138 10.000001
v -2.784988 9.707641 10.000001
v -2.780576 9.706762 10.000001
v -2.792105 9.718290 10.000001
v -2.784988 9.707641 -8.000000
v -2.788728 9.710138 -8.000000
v -2.791228 9.713879 -8.000000
v -2.792105 9.718290 -8.000000
v -2.780576 9.706762 -8.000000
v -2.733339 9.707641 10.000001
v -2.729599 9.710138 10.000001
v -2.727100 9.713879 10.000001
v -2.726223 9.718290 10.000001
v -2.737751 9.706762 10.000001
v -2.727100 9.713879 -8.000000
v -2.729599 9.710138 -8.000000
v -2.733339 9.707641 -8.000000
v -2.737751 9.706762 -8.000000
v -2.726223 9.718290 -8.000000
v -2.184988 9.822632 10.000001
v -2.188728 9.820133 10.000001
v -2.191227 9.816393 10.000001
v -2.192105 9.811981 10.000001
v -2.192105 9.811981 -8.000000
v -2.191227 9.816393 -8.000000
v -2.188728 9.820133 -8.000000
v -2.184988 9.822632 -8.000000
v -2.127100 9.816393 10.000001
v -2.129599 9.820133 10.000001
v -2.133339 9.822632 10.000001
v -2.126223 9.811981 10.000001
v -2.126223 9.811981 -8.000000
v -2.133339 9.822632 -8.000000
v -2.129599 9.820133 -8.000000
v -2.127100 9.816393 -8.000000
v -2.191227 9.713879 10.000001
v -2.188728 9.710138 10.000001
v -2.184988 9.707641 10.000001
v -2.180576 9.706762 10.000001
v -2.192105 9.718290 10.000001
v -2.184988 9.707641 -8.000000
v -2.188728 9.710138 -8.000000
v -2.191227 9.713879 -8.000000
v -2.192105 9.718290 -8.000000
v -2.180576 9.706762 -8.000000
v -2.133339 9.707641 10.000001
v -2.129599 9.710138 10.000001
v -2.127100 9.713879 10.000001
v -2.126223 9.718290 10.000001
v -2.137751 9.706762 10.000001
v -2.127100 9.713879 -8.000000
v -2.129599 9.710138 -8.000000
v -2.133339 9.707641 -8.000000
v -2.137751 9.706762 -8.000000
v -2.126223 9.718290 -8.000000
v -1.584988 9.822632 10.000001
v -1.588728 9.820133 10.000001
v -1.591228 9.816393 10.000001
v -1.592105 9.811981 10.000001
v -1.592105 9.811981 -8.000000
v -1.591228 9.816393 -8.000000
v -1.588728 9.820133 -8.000000
v -1.584988 9.822632 -8.000000
v -1.527100 9.816393 10.000001
v -1.529599 9.820133 10.000001
v -1.533339 9.822632 10.000001
v -1.526223 9.811981 10.000001
v -1.526223 9.811981 -8.000000
v -1.533339 9.822632 -8.000000
v -1.529599 9.820133 -8.000000
v -1.527100 9.816393 -8.000000
v -1.591228 9.713879 10.000001
v -1.588728 9.710138 10.000001
v -1.584988 9.707641 10.000001
v -1.580576 9.706762 10.000001
v -1.592105 9.718290 10.000001
v -1.584988 9.707641 -8.000000
v -1.588728 9.710138 -8.000000
v -1.591228 9.713879 -8.000000
v -1.592105 9.718290 -8.000000
v -1.580576 9.706762 -8.000000
v -1.533339 9.707641 10.000001
v -1.529599 9.710138 10.000001
v -1.527100 9.713879 10.000001
v -1.526223 9.718290 10.000001
v -1.537751 9.706762 10.000001
v -1.527100 9.713879 -8.000000
v -1.529599 9.710138 -8.000000
v -1.533339 9.707641 -8.000000
v -1.537751 9.706762 -8.000000
v -1.526223 9.718290 -8.000000
v -0.984988 9.822632 10.000001
v -0.988728 9.820133 10.000001
v -0.991228 9.816393 10.000001
v -0.992105 9.811981 10.000001
v -0.992105 9.811981 -8.000000
v -0.991228 9.816393 -8.000000
v -0.988728 9.820133 -8.000000
v -0.984988 9.822632 -8.000000
v -0.927100 9.816393 10.000001
v -0.929599 9.820133 10.000001
v -0.933339 9.822632 10.000001
v -0.926223 9.811981 10.000001
v -0.926223 9.811981 -8.000000
v -0.933339 9.822632 -8.000000
v -0.929599 9.820133 -8.000000
v -0.927100 9.816393 -8.000000
v -0.991228 9.713879 10.000001
v -0.988728 9.710138 10.000001
v -0.984988 9.707641 10.000001
v -0.980576 9.706762 10.000001
v -0.992105 9.718290 10.000001
v -0.984988 9.707641 -8.000000
v -0.988728 9.710138 -8.000000
v -0.991228 9.713879 -8.000000
v -0.992105 9.718290 -8.000000
v -0.980576 9.706762 -8.000000
v -0.933339 9.707641 10.000001
v -0.929599 9.710138 10.000001
v -0.927100 9.713879 10.000001
v -0.926223 9.718290 10.000001
v -0.937751 9.706762 10.000001
v -0.927100 9.713879 -8.000000
v -0.929599 9.710138 -8.000000
v -0.933339 9.707641 -8.000000
v -0.937751 9.706762 -8.000000
v -0.926223 9.718290 -8.000000
v -0.384988 9.822632 10.000001
v -0.388728 9.820133 10.000001
v -0.391228 9.816393 10.000001
v -0.392105 9.811981 10.000001
v -0.392105 9.811981 -8.000000
v -0.391228 9.816393 -8.000000
v -0.388728 9.820133 -8.000000
v -0.384988 9.822632 -8.000000
v -0.327100 9.816393 10.000001
v -0.329599 9.820133 10.000001
v -0.333339 9.822632 10.000001
v -0.326223 9.811981 10.000001
v -0.326223 9.811981 -8.000000
v -0.333339 9.822632 -8.000000
v -0.329599 9.820133 -8.000000
v -0.327100 9.816393 -8.000000
v -0.391228 9.713879 10.000001
v -0.388728 9.710138 10.000001
v -0.384988 9.707641 10.000001
v -0.380576 9.706762 10.000001
v -0.392105 9.718290 10.000001
v -0.384988 9.707641 -8.000000
v -0.388728 9.710138 -8.000000
v -0.391228 9.713879 -8.000000
v -0.392105 9.718290 -8.000000
v -0.380576 9.706762 -8.000000
v -0.333339 9.707641 10.000001
v -0.329599 9.710138 10.000001
v -0.327100 9.713879 10.000001
v -0.326223 9.718290 10.000001
v -0.337751 9.706762 10.000001
v -0.327100 9.713879 -8.000000
v -0.329599 9.710138 -8.000000
v -0.333339 9.707641 -8.000000
v -0.337751 9.706762 -8.000000
v -0.326223 9.718290 -8.000000
v 0.215012 9.822632 10.000001
v 0.211272 9.820133 10.000001
v 0.208772 9.816393 10.000001
v 0.207895 9.811981 10.000001
v 0.207895 9.811981 -8.000000
v 0.208772 9.816393 -8.000000
v 0.211272 9.820133 -8.000000
v 0.215012 9.822632 -8.000000
v 0.272900 9.816393 10.000001
v 0.270401 9.820133 10.000001
v 0.266661 9.822632 10.000001
v 0.273777 9.811981 10.000001
v 0.273777 9.811981 -8.000000
v 0.266661 9.822632 -8.000000
v 0.270401 9.820133 -8.000000
v 0.272900 9.816393 -8.000000
v 0.208772 9.713879 10.000001
v 0.211272 9.710138 10.000001
v 0.215012 9.707641 10.000001
v 0.219424 9.706762 10.000001
v 0.207895 9.718290 10.000001
v 0.215012 9.707641 -8.000000
v 0.211272 9.710138 -8.000000
v 0.208772 9.713879 -8.000000
v 0.207895 9.718290 -8.000000
v 0.219424 9.706762 -8.000000
v 0.266661 9.707641 10.000001
v 0.270401 9.710138 10.000001
v 0.272900 9.713879 10.000001
v 0.273777 9.718290 10.000001
v 0.262249 9.706762 10.000001
v 0.272900 9.713879 -8.000000
v 0.270401 9.710138 -8.000000
v 0.266661 9.707641 -8.000000
v 0.262249 9.706762 -8.000000
v 0.273777 9.718290 -8.000000
v 0.815012 9.822632 10.000001
v 0.811272 9.820133 10.000001
v 0.808772 9.816393 10.000001
v 0.807895 9.811981 10.000001
v 0.807895 9.811981 -8.000000
v 0.808772 9.816393 -8.000000
v 0.811272 9.820133 -8.000000
v 0.815012 9.822632 -8.000000
v 0.872900 9.816393 10.000001
v 0.870401 9.820133 10.000001
v 0.866661 9.822632 10.000001
v 0.873777 9.811981 10.000001
v 0.873777 9.811981 -8.000000
v 0.866661 9.822632 -8.000000
v 0.870401 9.820133 -8.000000
v 0.872900 9.816393 -8.000000
v 0.808772 9.713879 10.000001
v 0.811272 9.710138 10.000001
v 0.815012 9.707641 10.000001
v 0.819424 9.706762 10.000001
v 0.807895 9.718290 10.000001
v 0.815012 9.707641 -8.000000
v 0.811272 9.710138 -8.000000
v 0.808772 9.713879 -8.000000
v 0.807895 9.718290 -8.000000
v 0.819424 9.706762 -8.000000
v 0.866661 9.707641 10.000001
v 0.870401 9.710138 10.000001
v 0.872900 9.713879 10.000001
v 0.873777 9.718290 10.000001
v 0.862249 9.706762 10.000001
v 0.872900 9.713879 -8.000000
v 0.870401 9.710138 -8.000000
v 0.866661 9.707641 -8.000000
v 0.862249 9.706762 -8.000000
v 0.873777 9.718290 -8.000000
v 1.415012 9.822632 10.000001
v 1.411272 9.820133 10.000001
v 1.408772 9.816393 10.000001
v 1.407895 9.811981 10.000001
v 1.407895 9.811981 -8.000000
v 1.408772 9.816393 -8.000000
v 1.411272 9.820133 -8.000000
v 1.415012 9.822632 -8.000000
v 1.472900 9.816393 10.000001
v 1.470401 9.820133 10.000001
v 1.466661 9.822632 10.000001
v 1.473777 9.811981 10.000001
v 1.473777 9.811981 -8.000000
v 1.466661 9.822632 -8.000000
v 1.470401 9.820133 -8.000000
v 1.472900 9.816393 -8.000000
v 1.408772 9.713879 10.000001
v 1.411272 9.710138 10.000001
v 1.415012 9.707641 10.000001
v 1.419424 9.706762 10.000001
v 1.407895 9.718290 10.000001
v 1.415012 9.707641 -8.000000
v 1.411272 9.710138 -8.000000
v 1.408772 9.713879 -8.000000
v 1.407895 9.718290 -8.000000
v 1.419424 9.706762 -8.000000
v 1.466661 9.707641 10.000001
v 1.470401 9.710138 10.000001
v 1.472900 9.713879 10.000001
v 1.473777 9.718290 10.000001
v 1.462249 9.706762 10.000001
v 1.472900 9.713879 -8.000000
v 1.470401 9.710138 -8.000000
v 1.466661 9.707641 -8.000000
v 1.462249 9.706762 -8.000000
v 1.473777 9.718290 -8.000000
v 2.015012 9.822632 10.000001
v 2.011272 9.820133 10.000001
v 2.008772 9.816393 10.000001
v 2.007895 9.811981 10.000001
v 2.007895 9.811981 -8.000000
v 2.008772 9.816393 -8.000000
v 2.011272 9.820133 -8.000000
v 2.015012 9.822632 -8.000000
v 2.072900 9.816393 10.000001
v 2.070401 9.820133 10.000001
v 2.066661 9.822632 10.000001
v 2.073777 9.811981 10.000001
v 2.073777 9.811981 -8.000000
v 2.066661 9.822632 -8.000000
v 2.070401 9.820133 -8.000000
v 2.072900 9.816393 -8.000000
v 2.008772 9.713879 10.000001
v 2.011272 9.710138 10.000001
v 2.015012 9.707641 10.000001
v 2.019423 9.706762 10.000001
v 2.007895 9.718290 10.000001
v 2.015012 9.707641 -8.000000
v 2.011272 9.710138 -8.000000
v 2.008772 9.713879 -8.000000
v 2.007895 9.718290 -8.000000
v 2.019423 9.706762 -8.000000
v 2.066661 9.707641 10.000001
v 2.070401 9.710138 10.000001
v 2.072900 9.713879 10.000001
v 2.073777 9.718290 10.000001
v 2.062249 9.706762 10.000001
v 2.072900 9.713879 -8.000000
v 2.070401 9.710138 -8.000000
v 2.066661 9.707641 -8.000000
v 2.062249 9.706762 -8.000000
v 2.073777 9.718290 -8.000000
v 2.615012 9.822632 10.000001
v 2.611272 9.820133 10.000001
v 2.608773 9.816393 10.000001
v 2.607895 9.811981 10.000001
v 2.607895 9.811981 -8.000000
v 2.608773 9.816393 -8.000000
v 2.611272 9.820133 -8.000000
v 2.615012 9.822632 -8.000000
v 2.672900 9.816393 10.000001
v 2.670401 9.820133 10.000001
v 2.666661 9.822632 10.000001
v 2.673777 9.811981 10.000001
v 2.673777 9.811981 -8.000000
v 2.666661 9.822632 -8.000000
v 2.670401 9.820133 -8.000000
v 2.672900 9.816393 -8.000000
v 2.608773 9.713879 10.000001
v 2.611272 9.710138 10.000001
v 2.615012 9.707641 10.000001
v 2.619424 9.706762 10.000001
v 2.607895 9.718290 10.000001
v 2.615012 9.707641 -8.000000
v 2.611272 9.710138 -8.000000
v 2.608773 9.713879 -8.000000
v 2.607895 9.718290 -8.000000
v 2.619424 9.706762 -8.000000
v 2.666661 9.707641 10.000001
v 2.670401 9.710138 10.000001
v 2.672900 9.713879 10.000001
v 2.673777 9.718290 10.000001
v 2.662249 9.706762 10.000001
v 2.672900 9.713879 -8.000000
v 2.670401 9.710138 -8.000000
v 2.666661 9.707641 -8.000000
v 2.662249 9.706762 -8.000000
v 2.673777 9.718290 -8.000000
v 3.215012 9.822632 10.000001
v 3.211272 9.820133 10.000001
v 3.208772 9.816393 10.000001
v 3.207895 9.811981 10.000001
v 3.207895 9.811981 -8.000000
v 3.208772 9.816393 -8.000000
v 3.211272 9.820133 -8.000000
v 3.215012 9.822632 -8.000000
v 3.272900 9.816393 10.000001
v 3.270401 9.820133 10.000001
v 3.266661 9.822632 10.000001
v 3.273777 9.811981 10.000001
v 3.273777 9.811981 -8.000000
v 3.266661 9.822632 -8.000000
v 3.270401 9.820133 -8.000000
v 3.272900 9.816393 -8.000000
v 3.208772 9.713879 10.000001
v 3.211272 9.710138 10.000001
v 3.215012 9.707641 10.000001
v 3.219424 9.706762 10.000001
v 3.207895 9.718290 10.000001
v 3.215012 9.707641 -8.000000
v 3.211272 9.710138 -8.000000
v 3.208772 9.713879 -8.000000
v 3.207895 9.718290 -8.000000
v 3.219424 9.706762 -8.000000
v 3.266661 9.707641 10.000001
v 3.270401 9.710138 10.000001
v 3.272900 9.713879 10.000001
v 3.273777 9.718290 10.000001
v 3.262249 9.706762 10.000001
v 3.272900 9.713879 -8.000000
v 3.270401 9.710138 -8.000000
v 3.266661 9.707641 -8.000000
v 3.262249 9.706762 -8.000000
v 3.273777 9.718290 -8.000000
v 3.815012 9.822632 10.000001
v 3.811272 9.820133 10.000001
v 3.808773 9.816393 10.000001
v 3.807895 9.811981 10.000001
v 3.807895 9.811981 -8.000000
v 3.808773 9.816393 -8.000000
v 3.811272 9.820133 -8.000000
v 3.815012 9.822632 -8.000000
v 3.872900 9.816393 10.000001
v 3.870401 9.820133 10.000001
v 3.866661 9.822632 10.000001
v 3.873777 9.811981 10.000001
v 3.873777 9.811981 -8.000000
v 3.866661 9.822632 -8.000000
v 3.870401 9.820133 -8.000000
v 3.872900 9.816393 -8.000000
v 3.808773 9.713879 10.000001
v 3.811272 9.710138 10.000001
v 3.815012 9.707641 10.000001
v 3.819424 9.706762 10.000001
v 3.807895 9.718290 10.000001
v 3.815012 9.707641 -8.000000
v 3.811272 9.710138 -8.000000
v 3.808773 9.713879 -8.000000
v 3.807895 9.718290 -8.000000
v 3.819424 9.706762 -8.000000
v 3.866661 9.707641 10.000001
v 3.870401 9.710138 10.000001
v 3.872900 9.713879 10.000001
v 3.873777 9.718290 10.000001
v 3.862249 9.706762 10.000001
v 3.872900 9.713879 -8.000000
v 3.870401 9.710138 -8.000000
v 3.866661 9.707641 -8.000000
v 3.862249 9.706762 -8.000000
v 3.873777 9.718290 -8.000000
v 4.415012 9.822632 10.000001
v 4.411272 9.820133 10.000001
v 4.408772 9.816393 10.000001
v 4.407896 9.811981 10.000001
v 4.407896 9.811981 -8.000000
v 4.408772 9.816393 -8.000000
v 4.411272 9.820133 -8.000000
v 4.415012 9.822632 -8.000000
v 4.472900 9.816393 10.000001
v 4.470401 9.820133 10.000001
v 4.466661 9.822632 10.000001
v 4.473777 9.811981 10.000001
v 4.473777 9.811981 -8.000000
v 4.466661 9.822632 -8.000000
v 4.470401 9.820133 -8.000000
v 4.472900 9.816393 -8.000000
v 4.408772 9.713879 10.000001
v 4.411272 9.710138 10.000001
v 4.415012 9.707641 10.000001
v 4.419424 9.706762 10.000001
v 4.407896 9.718290 10.000001
v 4.415012 9.707641 -8.000000
v 4.411272 9.710138 -8.000000
v 4.408772 9.713879 -8.000000
v 4.407896 9.718290 -8.000000
v 4.419424 9.706762 -8.000000
v 4.466661 9.707641 10.000001
v 4.470401 9.710138 10.000001
v 4.472900 9.713879 10.000001
v 4.473777 9.718290 10.000001
v 4.462249 9.706762 10.000001
v 4.472900 9.713879 -8.000000
v 4.470401 9.710138 -8.000000
v 4.466661 9.707641 -8.000000
v 4.462249 9.706762 -8.000000
v 4.473777 9.718290 -8.000000
v 5.015012 9.822632 10.000001
v 5.011271 9.820133 10.000001
v 5.008772 9.816393 10.000001
v 5.007895 9.811981 10.000001
v 5.007895 9.811981 -8.000000
v 5.008772 9.816393 -8.000000
v 5.011271 9.820133 -8.000000
v 5.015012 9.822632 -8.000000
v 5.072900 9.816393 10.000001
v 5.070401 9.820133 10.000001
v 5.066661 9.822632 10.000001
v 5.073777 9.811981 10.000001
v 5.073777 9.811981 -8.000000
v 5.066661 9.822632 -8.000000
v 5.070401 9.820133 -8.000000
v 5.072900 9.816393 -8.000000
v 5.008772 9.713879 10.000001
v 5.011271 9.710138 10.000001
v 5.015012 9.707641 10.000001
v 5.019423 9.706762 10.000001
v 5.007895 9.718290 10.000001
v 5.015012 9.707641 -8.000000
v 5.011271 9.710138 -8.000000
v 5.008772 9.713879 -8.000000
v 5.007895 9.718290 -8.000000
v 5.019423 9.706762 -8.000000
v 5.066661 9.707641 10.000001
v 5.070401 9.710138 10.000001
v 5.072900 9.713879 10.000001
v 5.073777 9.718290 10.000001
v 5.062249 9.706762 10.000001
v 5.072900 9.713879 -8.000000
v 5.070401 9.710138 -8.000000
v 5.066661 9.707641 -8.000000
v 5.062249 9.706762 -8.000000
v 5.073777 9.718290 -8.000000
v 5.615012 9.822632 10.000001
v 5.611271 9.820133 10.000001
v 5.608772 9.816393 10.000001
v 5.607895 9.811981 10.000001
v 5.607895 9.811981 -8.000000
v 5.608772 9.816393 -8.000000
v 5.611271 9.820133 -8.000000
v 5.615012 9.822632 -8.000000
v 5.672900 9.816393 10.000001
v 5.670401 9.820133 10.000001
v 5.666661 9.822632 10.000001
v 5.673777 9.811981 10.000001
v 5.673777 9.811981 -8.000000
v 5.666661 9.822632 -8.000000
v 5.670401 9.820133 -8.000000
v 5.672900 9.816393 -8.000000
v 5.608772 9.713879 10.000001
v 5.611271 9.710138 10.000001
v 5.615012 9.707641 10.000001
v 5.619423 9.706762 10.000001
v 5.607895 9.718290 10.000001
v 5.615012 9.707641 -8.000000
v 5.611271 9.710138 -8.000000
v 5.608772 9.713879 -8.000000
v 5.607895 9.718290 -8.000000
v 5.619423 9.706762 -8.000000
v 5.666661 9.707641 10.000001
v 5.670401 9.710138 10.000001
v 5.672900 9.713879 10.000001
v 5.673777 9.718290 10.000001
v 5.662249 9.706762 10.000001
v 5.672900 9.713879 -8.000000
v 5.670401 9.710138 -8.000000
v 5.666661 9.707641 -8.000000
v 5.662249 9.706762 -8.000000
v 5.673777 9.718290 -8.000000
v 6.215012 9.822632 10.000001
v 6.211272 9.820133 10.000001
v 6.208773 9.816393 10.000001
v 6.207896 9.811981 10.000001
v 6.207896 9.811981 -8.000000
v 6.208773 9.816393 -8.000000
v 6.211272 9.820133 -8.000000
v 6.215012 9.822632 -8.000000
v 6.272900 9.816393 10.000001
v 6.270401 9.820133 10.000001
v 6.266661 9.822632 10.000001
v 6.273777 9.811981 10.000001
v 6.273777 9.811981 -8.000000
v 6.266661 9.822632 -8.000000
v 6.270401 9.820133 -8.000000
v 6.272900 9.816393 -8.000000
v 6.208773 9.713879 10.000001
v 6.211272 9.710138 10.000001
v 6.215012 9.707641 10.000001
v 6.219424 9.706762 10.000001
v 6.207896 9.718290 10.000001
v 6.215012 9.707641 -8.000000
v 6.211272 9.710138 -8.000000
v 6.208773 9.713879 -8.000000
v 6.207896 9.718290 -8.000000
v 6.219424 9.706762 -8.000000
v 6.266661 9.707641 10.000001
v 6.270401 9.710138 10.000001
v 6.272900 9.713879 10.000001
v 6.273777 9.718290 10.000001
v 6.262249 9.706762 10.000001
v 6.272900 9.713879 -8.000000
v 6.270401 9.710138 -8.000000
v 6.266661 9.707641 -8.000000
v 6.262249 9.706762 -8.000000
v 6.273777 9.718290 -8.000000
v 6.815012 9.822632 10.000001
v 6.811272 9.820133 10.000001
v 6.808773 9.816393 10.000001
v 6.807896 9.811981 10.000001
v 6.807896 9.811981 -8.000000
v 6.808773 9.816393 -8.000000
v 6.811272 9.820133 -8.000000
v 6.815012 9.822632 -8.000000
v 6.872900 9.816393 10.000001
v 6.870401 9.820133 10.000001
v 6.866661 9.822632 10.000001
v 6.873777 9.811981 10.000001
v 6.873777 9.811981 -8.000000
v 6.866661 9.822632 -8.000000
v 6.870401 9.820133 -8.000000
v 6.872900 9.816393 -8.000000
v 6.808773 9.713879 10.000001
v 6.811272 9.710138 10.000001
v 6.815012 9.707641 10.000001
v 6.819424 9.706762 10.000001
v 6.807896 9.718290 10.000001
v 6.815012 9.707641 -8.000000
v 6.811272 9.710138 -8.000000
v 6.808773 9.713879 -8.000000
v 6.807896 9.718290 -8.000000
v 6.819424 9.706762 -8.000000
v 6.866661 9.707641 10.000001
v 6.870401 9.710138 10.000001
v 6.872900 9.713879 10.000001
v 6.873777 9.718290 10.000001
v 6.862249 9.706762 10.000001
v 6.872900 9.713879 -8.000000
v 6.870401 9.710138 -8.000000
v 6.866661 9.707641 -8.000000
v 6.862249 9.706762 -8.000000
v 6.873777 9.718290 -8.000000
v 7.415012 9.822632 10.000001
v 7.411272 9.820133 10.000001
v 7.408772 9.816393 10.000001
v 7.407896 9.811981 10.000001
v 7.407896 9.811981 -8.000000
v 7.408772 9.816393 -8.000000
v 7.411272 9.820133 -8.000000
v 7.415012 9.822632 -8.000000
v 7.472900 9.816393 10.000001
v 7.470401 9.820133 10.000001
v 7.466661 9.822632 10.000001
v 7.473777 9.811981 10.000001
v 7.473777 9.811981 -8.000000
v 7.466661 9.822632 -8.000000
v 7.470401 9.820133 -8.000000
v 7.472900 9.816393 -8.000000
v 7.408772 9.713879 10.000001
v 7.411272 9.710138 10.000001
v 7.415012 9.707641 10.000001
v 7.419424 9.706762 10.000001
v 7.407896 9.718290 10.000001
v 7.415012 9.707641 -8.000000
v 7.411272 9.710138 -8.000000
v 7.408772 9.713879 -8.000000
v 7.407896 9.718290 -8.000000
v 7.419424 9.706762 -8.000000
v 7.466661 9.707641 10.000001
v 7.470401 9.710138 10.000001
v 7.472900 9.713879 10.000001
v 7.473777 9.718290 10.000001
v 7.462249 9.706762 10.000001
v 7.472900 9.713879 -8.000000
v 7.470401 9.710138 -8.000000
v 7.466661 9.707641 -8.000000
v 7.462249 9.706762 -8.000000
v 7.473777 9.718290 -8.000000
v 8.015012 9.822632 10.000001
v 8.011271 9.820133 10.000001
v 8.008772 9.816393 10.000001
v 8.007895 9.811981 10.000001
v 8.007895 9.811981 -8.000000
v 8.008772 9.816393 -8.000000
v 8.011271 9.820133 -8.000000
v 8.015012 9.822632 -8.000000
v 8.072900 9.816393 10.000001
v 8.070401 9.820133 10.000001
v 8.066661 9.822632 10.000001
v 8.073777 9.811981 10.000001
v 8.073777 9.811981 -8.000000
v 8.066661 9.822632 -8.000000
v 8.070401 9.820133 -8.000000
v 8.072900 9.816393 -8.000000
v 8.008772 9.713879 10.000001
v 8.011271 9.710138 10.000001
v 8.015012 9.707641 10.000001
v 8.019423 9.706762 10.000001
v 8.007895 9.718290 10.000001
v 8.015012 9.707641 -8.000000
v 8.011271 9.710138 -8.000000
v 8.008772 9.713879 -8.000000
v 8.007895 9.718290 -8.000000
v 8.019423 9.706762 -8.000000
v 8.066661 9.707641 10.000001
v 8.070401 9.710138 10.000001
v 8.072900 9.713879 10.000001
v 8.073777 9.718290 10.000001
v 8.062249 9.706762 10.000001
v 8.072900 9.713879 -8.000000
v 8.070401 9.710138 -8.000000
v 8.066661 9.707641 -8.000000
v 8.062249 9.706762 -8.000000
v 8.073777 9.718290 -8.000000
v 8.615012 9.822632 10.000001
v 8.611272 9.820133 10.000001
v 8.608772 9.816393 10.000001
v 8.607896 9.811981 10.000001
v 8.607896 9.811981 -8.000000
v 8.608772 9.816393 -8.000000
v 8.611272 9.820133 -8.000000
v 8.615012 9.822632 -8.000000
v 8.672900 9.816393 10.000001
v 8.670402 9.820133 10.000001
v 8.666661 9.822632 10.000001
v 8.673778 9.811981 10.000001
v 8.673778 9.811981 -8.000000
v 8.666661 9.822632 -8.000000
v 8.670402 9.820133 -8.000000
v 8.672900 9.816393 -8.000000
v 8.608772 9.713879 10.000001
v 8.611272 9.710138 10.000001
v 8.615012 9.707641 10.000001
v 8.619424 9.706762 10.000001
v 8.607896 9.718290 10.000001
v 8.615012 9.707641 -8.000000
v 8.611272 9.710138 -8.000000
v 8.608772 9.713879 -8.000000
v 8.607896 9.718290 -8.000000
v 8.619424 9.706762 -8.000000
v 8.666661 9.707641 10.000001
v 8.670402 9.710138 10.000001
v 8.672900 9.713879 10.000001
v 8.673778 9.718290 10.000001
v 8.662250 9.706762 10.000001
v 8.672900 9.713879 -8.000000
v 8.670402 9.710138 -8.000000
v 8.666661 9.707641 -8.000000
v 8.662250 9.706762 -8.000000
v 8.673778 9.718290 -8.000000
v 9.215012 9.822632 10.000001
v 9.211271 9.820133 10.000001
v 9.208772 9.816393 10.000001
v 9.207895 9.811981 10.000001
v 9.207895 9.811981 -8.000000
v 9.208772 9.816393 -8.000000
v 9.211271 9.820133 -8.000000
v 9.215012 9.822632 -8.000000
v 9.272900 9.816393 10.000001
v 9.270401 9.820133 10.000001
v 9.266661 9.822632 10.000001
v 9.273777 9.811981 10.000001
v 9.273777 9.811981 -8.000000
v 9.266661 9.822632 -8.000000
v 9.270401 9.820133 -8.000000
v 9.272900 9.816393 -8.000000
v 9.208772 9.713879 10.000001
v 9.211271 9.710138 10.000001
v 9.215012 9.707641 10.000001
v 9.219423 9.706762 10.000001
v 9.207895 9.718290 10.000001
v 9.215012 9.707641 -8.000000
v 9.211271 9.710138 -8.000000
v 9.208772 9.713879 -8.000000
v 9.207895 9.718290 -8.000000
v 9.219423 9.706762 -8.000000
v 9.266661 9.707641 10.000001
v 9.270401 9.710138 10.000001
v 9.272900 9.713879 10.000001
v 9.273777 9.718290 10.000001
v 9.262249 9.706762 10.000001
v 9.272900 9.713879 -8.000000
v 9.270401 9.710138 -8.000000
v 9.266661 9.707641 -8.000000
v 9.262249 9.706762 -8.000000
v 9.273777 9.718290 -8.000000
v 9.815012 9.822632 10.000001
v 9.811272 9.820133 10.000001
v 9.808772 9.816393 10.000001
v 9.807896 9.811981 10.000001
v 9.807896 9.811981 -8.000000
v 9.808772 9.816393 -8.000000
v 9.811272 9.820133 -8.000000
v 9.815012 9.822632 -8.000000
v 9.872900 9.816393 10.000001
v 9.870401 9.820133 10.000001
v 9.866661 9.822632 10.000001
v 9.873777 9.811981 10.000001
v 9.873777 9.811981 -8.000000
v 9.866661 9.822632 -8.000000
v 9.870401 9.820133 -8.000000
v 9.872900 9.816393 -8.000000
v 9.808772 9.713879 10.000001
v 9.811272 9.710138 10.000001
v 9.815012 9.707641 10.000001
v 9.819424 9.706762 10.000001
v 9.807896 9.718290 10.000001
v 9.815012 9.707641 -8.000000
v 9.811272 9.710138 -8.000000
v 9.808772 9.713879 -8.000000
v 9.807896 9.718290 -8.000000
v 9.819424 9.706762 -8.000000
v 9.866661 9.707641 10.000001
v 9.870401 9.710138 10.000001
v 9.872900 9.713879 10.000001
v 9.873777 9.718290 10.000001
v 9.862249 9.706762 10.000001
v 9.872900 9.713879 -8.000000
v 9.870401 9.710138 -8.000000
v 9.866661 9.707641 -8.000000
v 9.862249 9.706762 -8.000000
v 9.873777 9.718290 -8.000000
v 10.415012 9.822632 10.000001
v 10.411272 9.820133 10.000001
v 10.408772 9.816393 10.000001
v 10.407896 9.811981 10.000001
v 10.407896 9.811981 -8.000000
v 10.408772 9.816393 -8.000000
v 10.411272 9.820133 -8.000000
v 10.415012 9.822632 -8.000000
v 10.472900 9.816393 10.000001
v 10.470402 9.820133 10.000001
v 10.466661 9.822632 10.000001
v 10.473778 9.811981 10.000001
v 10.473778 9.811981 -8.000000
v 10.466661 9.822632 -8.000000
v 10.470402 9.820133 -8.000000
v 10.472900 9.816393 -8.000000
v 10.408772 9.713879 10.000001
v 10.411272 9.710138 10.000001
v 10.415012 9.707641 10.000001
v 10.419424 9.706762 10.000001
v 10.407896 9.718290 10.000001
v 10.415012 9.707641 -8.000000
v 10.411272 9.710138 -8.000000
v 10.408772 9.713879 -8.000000
v 10.407896 9.718290 -8.000000
v 10.419424 9.706762 -8.000000
v 10.466661 9.707641 10.000001
v 10.470402 9.710138 10.000001
v 10.472900 9.713879 10.000001
v 10.473778 9.718290 10.000001
v 10.462250 9.706762 10.000001
v 10.472900 9.713879 -8.000000
v 10.470402 9.710138 -8.000000
v 10.466661 9.707641 -8.000000
v 10.462250 9.706762 -8.000000
v 10.473778 9.718290 -8.000000
v 11.015012 9.822632 10.000001
v 11.011271 9.820133 10.000001
v 11.008772 9.816393 10.000001
v 11.007895 9.811981 10.000001
v 11.007895 9.811981 -8.000000
v 11.008772 9.816393 -8.000000
v 11.011271 9.820133 -8.000000
v 11.015012 9.822632 -8.000000
v 11.072900 9.816393 10.000001
v 11.070401 9.820133 10.000001
v 11.066661 9.822632 10.000001
v 11.073777 9.811981 10.000001
v 11.073777 9.811981 -8.000000
v 11.066661 9.822632 -8.000000
v 11.070401 9.820133 -8.000000
v 11.072900 9.816393 -8.000000
v 11.008772 9.713879 10.000001
v 11.011271 9.710138 10.000001
v 11.015012 9.707641 10.000001
v 11.019423 9.706762 10.000001
v 11.007895 9.718290 10.000001
v 11.015012 9.707641 -8.000000
v 11.011271 9.710138 -8.000000
v 11.008772 9.713879 -8.000000
v 11.007895 9.718290 -8.000000
v 11.019423 9.706762 -8.000000
v 11.066661 9.707641 10.000001
v 11.070401 9.710138 10.000001
v 11.072900 9.713879 10.000001
v 11.073777 9.718290 10.000001
v 11.062249 9.706762 10.000001
v 11.072900 9.713879 -8.000000
v 11.070401 9.710138 -8.000000
v 11.066661 9.707641 -8.000000
v 11.062249 9.706762 -8.000000
v 11.073777 9.718290 -8.000000
v 11.615012 9.822632 10.000001
v 11.611272 9.820133 10.000001
v 11.608772 9.816393 10.000001
v 11.607896 9.811981 10.000001
v 11.607896 9.811981 -8.000000
v 11.608772 9.816393 -8.000000
v 11.611272 9.820133 -8.000000
v 11.615012 9.822632 -8.000000
v 11.672900 9.816393 10.000001
v 11.670402 9.820133 10.000001
v 11.666661 9.822632 10.000001
v 11.673778 9.811981 10.000001
v 11.673778 9.811981 -8.000000
v 11.666661 9.822632 -8.000000
v 11.670402 9.820133 -8.000000
v 11.672900 9.816393 -8.000000
v 11.608772 9.713879 10.000001
v 11.611272 9.710138 10.000001
v 11.615012 9.707641 10.000001
v 11.619424 9.706762 10.000001
v 11.607896 9.718290 10.000001
v 11.615012 9.707641 -8.000000
v 11.611272 9.710138 -8.000000
v 11.608772 9.713879 -8.000000
v 11.607896 9.718290 -8.000000
v 11.619424 9.706762 -8.000000
v 11.666661 9.707641 10.000001
v 11.670402 9.710138 10.000001
v 11.672900 9.713879 10.000001
v 11.673778 9.718290 10.000001
v 11.662250 9.706762 10.000001
v 11.672900 9.713879 -8.000000
v 11.670402 9.710138 -8.000000
v 11.666661 9.707641 -8.000000
v 11.662250 9.706762 -8.000000
v 11.673778 9.718290 -8.000000
v 12.215012 9.822632 10.000001
v 12.211271 9.820133 10.000001
v 12.208772 9.816393 10.000001
v 12.207895 9.811981 10.000001
v 12.207895 9.811981 -8.000000
v 12.208772 9.816393 -8.000000
v 12.211271 9.820133 -8.000000
v 12.215012 9.822632 -8.000000
v 12.272900 9.816393 10.000001
v 12.270401 9.820133 10.000001
v 12.266661 9.822632 10.000001
v 12.273777 9.811981 10.000001
v 12.273777 9.811981 -8.000000
v 12.266661 9.822632 -8.000000
v 12.270401 9.820133 -8.000000
v 12.272900 9.816393 -8.000000
v 12.208772 9.713879 10.000001
v 12.211271 9.710138 10.000001
v 12.215012 9.707641 10.000001
v 12.219423 9.706762 10.000001
v 12.207895 9.718290 10.000001
v 12.215012 9.707641 -8.000000
v 12.211271 9.710138 -8.000000
v 12.208772 9.713879 -8.000000
v 12.207895 9.718290 -8.000000
v 12.219423 9.706762 -8.000000
v 12.266661 9.707641 10.000001
v 12.270401 9.710138 10.000001
v 12.272900 9.713879 10.000001
v 12.273777 9.718290 10.000001
v 12.262249 9.706762 10.000001
v 12.272900 9.713879 -8.000000
v 12.270401 9.710138 -8.000000
v 12.266661 9.707641 -8.000000
v 12.262249 9.706762 -8.000000
v 12.273777 9.718290 -8.000000
v 12.815012 9.822632 10.000001
v 12.811272 9.820133 10.000001
v 12.808772 9.816393 10.000001
v 12.807896 9.811981 10.000001
v 12.807896 9.811981 -8.000000
v 12.808772 9.816393 -8.000000
v 12.811272 9.820133 -8.000000
v 12.815012 9.822632 -8.000000
v 12.872900 9.816393 10.000001
v 12.870401 9.820133 10.000001
v 12.866661 9.822632 10.000001
v 12.873777 9.811981 10.000001
v 12.873777 9.811981 -8.000000
v 12.866661 9.822632 -8.000000
v 12.870401 9.820133 -8.000000
v 12.872900 9.816393 -8.000000
v 12.808772 9.713879 10.000001
v 12.811272 9.710138 10.000001
v 12.815012 9.707641 10.000001
v 12.819424 9.706762 10.000001
v 12.807896 9.718290 10.000001
v 12.815012 9.707641 -8.000000
v 12.811272 9.710138 -8.000000
v 12.808772 9.713879 -8.000000
v 12.807896 9.718290 -8.000000
v 12.819424 9.706762 -8.000000
v 12.866661 9.707641 10.000001
v 12.870401 9.710138 10.000001
v 12.872900 9.713879 10.000001
v 12.873777 9.718290 10.000001
v 12.862249 9.706762 10.000001
v 12.872900 9.713879 -8.000000
v 12.870401 9.710138 -8.000000
v 12.866661 9.707641 -8.000000
v 12.862249 9.706762 -8.000000
v 12.873777 9.718290 -8.000000
v -7.058989 3.569533 3.775542
v -7.064561 3.576237 3.771815
v -7.072772 3.580380 3.769512
v -7.082201 3.581246 3.769031
v -7.091217 3.578686 3.770454
v -7.098262 3.573141 3.773536
v -7.102118 3.565572 3.777745
v -7.102118 3.557285 3.782351
v -7.098262 3.549716 3.786559
v -7.091217 3.544171 3.789641
v -7.082201 3.541610 3.791065
v -7.072772 3.542476 3.790583
v -7.064561 3.546620 3.788280
v -7.058989 3.553323 3.784553
v -7.057018 3.561428 3.780048
v -6.988849 8.916093 9.957578
v -6.994421 8.922796 9.953851
v -7.002632 8.926939 9.951548
v -7.012060 8.927805 9.951066
v -7.021077 8.925245 9.952490
v -7.028122 8.919701 9.955572
v -7.031978 8.912130 9.959780
v -7.031978 8.903845 9.964386
v -7.028122 8.896275 9.968595
v -7.021077 8.890730 9.971677
v -7.012060 8.888169 9.973101
v -7.002632 8.889036 9.972618
v -6.994421 8.893179 9.970316
v -6.988849 8.899882 9.966589
v -6.986877 8.907988 9.962083
v -7.056562 8.899883 3.774732
v -7.061914 8.893180 3.770696
v -7.069980 8.889036 3.767931
v -7.079367 8.888170 3.766915
v -7.088449 8.890731 3.767823
v -7.095658 8.896276 3.770501
v -7.099747 8.903845 3.774483
v -7.100008 8.912131 3.779082
v -7.096398 8.919702 3.783503
v -7.089539 8.925245 3.786980
v -7.080617 8.927807 3.788913
v -7.071177 8.926940 3.788967
v -7.062849 8.922797 3.787134
v -7.057074 8.916094 3.783730
v -7.054851 8.907989 3.779343
v -6.988841 3.540876 9.960737
v -6.994193 3.534172 9.956699
v -7.002259 3.530029 9.953935
v -7.011646 3.529163 9.952919
v -7.020728 3.531723 9.953827
v -7.027937 3.537268 9.956505
v -7.032026 3.544838 9.960487
v -7.032287 3.553124 9.965086
v -7.028677 3.560694 9.969506
v -7.021817 3.566238 9.972983
v -7.012896 3.568799 9.974916
v -7.003456 3.567933 9.974972
v -6.995128 3.563790 9.973137
v -6.989352 3.557086 9.969734
v -6.987129 3.548981 9.965347
v -7.120800 3.631108 3.896735
v -7.120800 3.633477 3.899104
v -7.123168 3.633477 3.896735
v -7.033314 3.633477 3.896735
v -7.035681 3.633477 3.899104
v -7.035681 3.631108 3.896735
v -7.123168 3.718595 3.896735
v -7.120800 3.718595 3.899104
v -7.120800 3.720964 3.896735
v -7.035681 3.720964 3.896735
v -7.035681 3.718595 3.899104
v -7.033314 3.718595 3.896735
v -7.123168 3.718595 3.891207
v -7.120800 3.720964 3.891207
v -7.035681 3.720964 3.891207
v -7.033314 3.718595 3.891207
v -7.120800 3.631108 3.891207
v -7.123168 3.633477 3.891207
v -7.033314 3.633477 3.891207
v -7.035681 3.631108 3.891207
v -7.122959 8.748187 3.896735
v -7.122959 8.750556 3.899104
v -7.125327 8.750556 3.896735
v -7.035473 8.750556 3.896735
v -7.037840 8.750556 3.899104
v -7.037840 8.748187 3.896735
v -7.125327 8.835673 3.896735
v -7.122959 8.835673 3.899104
v -7.122959 8.838042 3.896735
v -7.037840 8.838042 3.896735
v -7.037840 8.835673 3.899104
v -7.035473 8.835673 3.896735
v -7.125327 8.835673 3.891207
v -7.122959 8.838042 3.891207
v -7.037840 8.838042 3.891207
v -7.035473 8.835673 3.891207
v -7.122959 8.748187 3.891207
v -7.125327 8.750556 3.891207
v -7.035473 8.750556 3.891207
v -7.037840 8.748187 3.891207
v -7.058989 3.569533 -1.726547
v -7.064561 3.576237 -1.730273
v -7.072772 3.580380 -1.732577
v -7.082201 3.581246 -1.733058
v -7.091217 3.578686 -1.731635
v -7.098262 3.573141 -1.728553
v -7.102118 3.565572 -1.724344
v -7.102118 3.557285 -1.719738
v -7.098262 3.549716 -1.715530
v -7.091217 3.544171 -1.712448
v -7.082201 3.541610 -1.711024
v -7.072772 3.542476 -1.711506
v -7.064561 3.546620 -1.713809
v -7.058989 3.553323 -1.717535
v -7.057018 3.561428 -1.722041
v -6.988849 8.916093 3.692101
v -6.994421 8.922796 3.688374
v -7.002632 8.926939 3.686071
v -7.012060 8.927806 3.685589
v -7.021077 8.925245 3.687013
v -7.028122 8.919701 3.690095
v -7.031978 8.912130 3.694303
v -7.031978 8.903845 3.698910
v -7.028122 8.896275 3.703118
v -7.021077 8.890730 3.706200
v -7.012060 8.888170 3.707623
v -7.002632 8.889036 3.707142
v -6.994421 8.893179 3.704839
v -6.988849 8.899882 3.701112
v -6.986877 8.907988 3.696606
v -6.969773 8.742278 3.568154
v -6.969773 8.744647 3.565785
v -6.967405 8.744647 3.568154
v -7.057260 8.744647 3.568154
v -7.054892 8.744647 3.565785
v -7.054892 8.742278 3.568154
v -6.967405 8.829764 3.568154
v -6.969773 8.829764 3.565785
v -6.969773 8.832133 3.568154
v -7.054892 8.832133 3.568154
v -7.054892 8.829764 3.565785
v -7.057260 8.829764 3.568154
v -6.967405 8.829764 3.573682
v -6.969773 8.832133 3.573682
v -7.054892 8.832133 3.573682
v -7.057260 8.829764 3.573682
v -6.969773 8.742278 3.573682
v -6.967405 8.744647 3.573682
v -7.057260 8.744647 3.573682
v -7.054892 8.742278 3.573682
v -6.967703 3.633110 3.568154
v -6.967703 3.635479 3.565785
v -6.965335 3.635479 3.568154
v -7.055190 3.635479 3.568154
v -7.052822 3.635479 3.565785
v -7.052822 3.633110 3.568154
v -6.965335 3.720597 3.568154
v -6.967703 3.720597 3.565785
v -6.967703 3.722966 3.568154
v -7.052822 3.722966 3.568154
v -7.052822 3.720597 3.565785
v -7.055190 3.720597 3.568154
v -6.965335 3.720597 3.573682
v -6.967703 3.722966 3.573682
v -7.052822 3.722966 3.573682
v -7.055190 3.720597 3.573682
v -6.967703 3.633110 3.573682
v -6.965335 3.635479 3.573682
v -7.055190 3.635479 3.573682
v -7.052822 3.633110 3.573682
v -7.056562 8.899883 -1.727356
v -7.061914 8.893180 -1.731392
v -7.069980 8.889036 -1.734158
v -7.079367 8.888170 -1.735174
v -7.088449 8.890731 -1.734265
v -7.095658 8.896276 -1.731588
v -7.099747 8.903845 -1.727605
v -7.100008 8.912131 -1.723006
v -7.096398 8.919702 -1.718586
v -7.089539 8.925245 -1.715108
v -7.080617 8.927807 -1.713176
v -7.071177 8.926940 -1.713121
v -7.062849 8.922797 -1.714955
v -7.057074 8.916094 -1.718358
v -7.054851 8.907989 -1.722745
v -6.988841 3.540876 3.695261
v -6.994193 3.534172 3.691224
v -7.002259 3.530029 3.688459
v -7.011645 3.529163 3.687443
v -7.020728 3.531723 3.688352
v -7.027937 3.537268 3.691029
v -7.032026 3.544838 3.695011
v -7.032287 3.553124 3.699610
v -7.028676 3.560694 3.704030
v -7.021817 3.566238 3.707508
v -7.012896 3.568799 3.709440
v -7.003455 3.567933 3.709495
v -6.995128 3.563790 3.707662
v -6.989352 3.557086 3.704257
v -6.987128 3.548981 3.699871
v -7.120800 3.631108 -1.605353
v -7.120800 3.633477 -1.602984
v -7.123168 3.633477 -1.605353
v -7.033314 3.633477 -1.605353
v -7.035681 3.633477 -1.602984
v -7.035681 3.631108 -1.605353
v -7.123168 3.718595 -1.605353
v -7.120800 3.718595 -1.602984
v -7.120800 3.720964 -1.605353
v -7.035681 3.720964 -1.605353
v -7.035681 3.718595 -1.602984
v -7.033314 3.718595 -1.605353
v -7.123168 3.718595 -1.610882
v -7.120800 3.720964 -1.610882
v -7.035681 3.720964 -1.610882
v -7.033314 3.718595 -1.610882
v -7.120800 3.631108 -1.610882
v -7.123168 3.633477 -1.610882
v -7.033314 3.633477 -1.610882
v -7.035681 3.631108 -1.610882
v -7.122959 8.748187 -1.605353
v -7.122959 8.750556 -1.602984
v -7.125327 8.750556 -1.605353
v -7.035473 8.750556 -1.605353
v -7.037840 8.750556 -1.602984
v -7.037840 8.748187 -1.605353
v -7.125327 8.835673 -1.605353
v -7.122959 8.835673 -1.602984
v -7.122959 8.838042 -1.605353
v -7.037840 8.838042 -1.605353
v -7.037840 8.835673 -1.602984
v -7.035473 8.835673 -1.605353
v -7.125327 8.835673 -1.610882
v -7.122959 8.838042 -1.610882
v -7.037840 8.838042 -1.610882
v -7.035473 8.835673 -1.610882
v -7.122959 8.748187 -1.610882
v -7.125327 8.750556 -1.610882
v -7.035473 8.750556 -1.610882
v -7.037840 8.748187 -1.610882
v -7.113238 8.911811 -1.605353
v -7.113238 8.914180 -1.602984
v -7.115606 8.914180 -1.605353
v -7.025752 8.914180 -1.605353
v -7.028119 8.914180 -1.602984
v -7.028119 8.911811 -1.605353
v -7.115606 8.999297 -1.605353
v -7.113238 8.999297 -1.602984
v -7.113238 9.001666 -1.605353
v -7.028119 9.001666 -1.605353
v -7.028119 8.999297 -1.602984
v -7.025752 8.999297 -1.605353
v -7.115606 8.999297 -1.610882
v -7.113238 9.001666 -1.610882
v -7.028119 9.001666 -1.610882
v -7.025752 8.999297 -1.610882
v -7.113238 8.911811 -1.610882
v -7.115606 8.914180 -1.610882
v -7.025752 8.914180 -1.610882
v -7.028119 8.911811 -1.610882
v -7.083576 0.324892 -1.726547
v -7.089149 0.331595 -1.730273
v -7.097359 0.335738 -1.732577
v -7.106788 0.336605 -1.733058
v -7.115804 0.334044 -1.731635
v -7.122849 0.328499 -1.728553
v -7.126706 0.320930 -1.724344
v -7.126706 0.312643 -1.719738
v -7.122849 0.305074 -1.715530
v -7.115804 0.299529 -1.712448
v -7.106788 0.296968 -1.711024
v -7.097359 0.297835 -1.711506
v -7.089149 0.301978 -1.713809
v -7.083576 0.308681 -1.717535
v -7.081605 0.316787 -1.722041
v -6.988849 3.640889 3.692100
v -6.994421 3.647593 3.688374
v -7.002632 3.651736 3.686070
v -7.012060 3.652602 3.685589
v -7.021077 3.650041 3.687012
v -7.028122 3.644497 3.690095
v -7.031978 3.636927 3.694303
v -7.031978 3.628641 3.698909
v -7.028122 3.621071 3.703117
v -7.021077 3.615526 3.706200
v -7.012060 3.612966 3.707623
v -7.002632 3.613832 3.707142
v -6.994421 3.617975 3.704839
v -6.988849 3.624679 3.701112
v -6.986877 3.632784 3.696606
v -6.969773 3.512372 3.568154
v -6.969773 3.514741 3.565785
v -6.967405 3.514741 3.568154
v -7.057260 3.514741 3.568154
v -7.054892 3.514741 3.565785
v -7.054892 3.512372 3.568154
v -6.967405 3.599859 3.568154
v -6.969773 3.599859 3.565785
v -6.969773 3.602227 3.568154
v -7.054892 3.602227 3.568154
v -7.054892 3.599859 3.565785
v -7.057260 3.599859 3.568154
v -6.967405 3.599859 3.573682
v -6.969773 3.602227 3.573682
v -7.054892 3.602227 3.573682
v -7.057260 3.599859 3.573682
v -6.969773 3.512372 3.573682
v -6.967405 3.514741 3.573682
v -7.057260 3.514741 3.573682
v -7.054892 3.512372 3.573682
v -7.097858 0.347024 3.568154
v -7.097858 0.349393 3.565785
v -7.095490 0.349393 3.568154
v -7.185344 0.349393 3.568154
v -7.182977 0.349393 3.565785
v -7.182977 0.347024 3.568154
v -7.095490 0.434510 3.568154
v -7.097858 0.434510 3.565785
v -7.097858 0.436879 3.568154
v -7.182977 0.436879 3.568154
v -7.182977 0.434510 3.565785
v -7.185344 0.434510 3.568154
v -7.095490 0.434510 3.573682
v -7.097858 0.436879 3.573682
v -7.182977 0.436879 3.573682
v -7.185344 0.434510 3.573682
v -7.097858 0.347024 3.573682
v -7.095490 0.349393 3.573682
v -7.185344 0.349393 3.573682
v -7.182977 0.347024 3.573682
v -7.056562 3.624679 -1.727356
v -7.061914 3.617975 -1.731392
v -7.069980 3.613832 -1.734158
v -7.079367 3.612966 -1.735174
v -7.088449 3.615526 -1.734265
v -7.095658 3.621071 -1.731588
v -7.099747 3.628641 -1.727605
v -7.100008 3.636927 -1.723006
v -7.096398 3.644497 -1.718586
v -7.089539 3.650041 -1.715108
v -7.080617 3.652602 -1.713176
v -7.071177 3.651736 -1.713121
v -7.062849 3.647593 -1.714955
v -7.057074 3.640889 -1.718358
v -7.054851 3.632784 -1.722745
v -7.121911 0.308681 3.695260
v -7.127263 0.301978 3.691223
v -7.135329 0.297835 3.688458
v -7.144715 0.296968 3.687442
v -7.153798 0.299529 3.688351
v -7.161007 0.305073 3.691028
v -7.165096 0.312643 3.695011
v -7.165358 0.320930 3.699610
v -7.161746 0.328499 3.704030
v -7.154887 0.334044 3.707507
v -7.145966 0.336605 3.709440
v -7.136526 0.335738 3.709495
v -7.128198 0.331595 3.707661
v -7.122422 0.324892 3.704257
v -7.120198 0.316787 3.699871
v -7.147968 0.344353 -1.605353
v -7.147968 0.346722 -1.602984
v -7.150336 0.346722 -1.605353
v -7.060482 0.346722 -1.605353
v -7.062849 0.346722 -1.602984
v -7.062849 0.344353 -1.605353
v -7.150336 0.431840 -1.605353
v -7.147968 0.431840 -1.602984
v -7.147968 0.434209 -1.605353
v -7.062849 0.434209 -1.605353
v -7.062849 0.431840 -1.602984
v -7.060482 0.431840 -1.605353
v -7.150336 0.431840 -1.610882
v -7.147968 0.434209 -1.610882
v -7.062849 0.434209 -1.610882
v -7.060482 0.431840 -1.610882
v -7.147968 0.344353 -1.610882
v -7.150336 0.346722 -1.610882
v -7.060482 0.346722 -1.610882
v -7.062849 0.344353 -1.610882
v -7.122959 3.518281 -1.605353
v -7.122959 3.520650 -1.602984
v -7.125327 3.520650 -1.605353
v -7.035473 3.520650 -1.605353
v -7.037840 3.520650 -1.602984
v -7.037840 3.518281 -1.605353
v -7.125327 3.605767 -1.605353
v -7.122959 3.605767 -1.602984
v -7.122959 3.608136 -1.605353
v -7.037840 3.608136 -1.605353
v -7.037840 3.605767 -1.602984
v -7.035473 3.605767 -1.605353
v -7.125327 3.605767 -1.610882
v -7.122959 3.608136 -1.610882
v -7.037840 3.608136 -1.610882
v -7.035473 3.605767 -1.610882
v -7.122959 3.518281 -1.610882
v -7.125327 3.520650 -1.610882
v -7.035473 3.520650 -1.610882
v -7.037840 3.518281 -1.610882
v -7.083576 0.324892 3.775900
v -7.089149 0.331595 3.772173
v -7.097359 0.335738 3.769870
v -7.106788 0.336605 3.769389
v -7.115804 0.334044 3.770812
v -7.122849 0.328499 3.773894
v -7.126706 0.320930 3.778102
v -7.126706 0.312643 3.782709
v -7.122849 0.305074 3.786917
v -7.115804 0.299529 3.789999
v -7.106788 0.296968 3.791423
v -7.097359 0.297835 3.790941
v -7.089149 0.301978 3.788638
v -7.083576 0.308681 3.784911
v -7.081605 0.316787 3.780406
v -6.988849 3.640889 9.977337
v -6.994421 3.647593 9.973610
v -7.002632 3.651736 9.971307
v -7.012060 3.652602 9.970825
v -7.021077 3.650041 9.972249
v -7.028122 3.644497 9.975331
v -7.031978 3.636927 9.979540
v -7.031978 3.628641 9.984146
v -7.028122 3.621071 9.988354
v -7.021077 3.615526 9.991436
v -7.012060 3.612966 9.992860
v -7.002632 3.613832 9.992378
v -6.994421 3.617975 9.990075
v -6.988849 3.624679 9.986348
v -6.986877 3.632784 9.981842
v -7.056562 3.624679 3.775091
v -7.061914 3.617975 3.771055
v -7.069980 3.613832 3.768289
v -7.079367 3.612966 3.767273
v -7.088449 3.615526 3.768182
v -7.095658 3.621071 3.770859
v -7.099747 3.628641 3.774842
v -7.100008 3.636927 3.779441
v -7.096398 3.644497 3.783861
v -7.089539 3.650041 3.787339
v -7.080617 3.652602 3.789271
v -7.071177 3.651736 3.789326
v -7.062849 3.647593 3.787492
v -7.057074 3.640889 3.784089
v -7.054851 3.632784 3.779702
v -7.121912 0.308681 9.979076
v -7.127264 0.301978 9.975040
v -7.135330 0.297835 9.972275
v -7.144716 0.296968 9.971259
v -7.153799 0.299529 9.972168
v -7.161008 0.305073 9.974845
v -7.165097 0.312643 9.978828
v -7.165358 0.320930 9.983425
v -7.161747 0.328499 9.987846
v -7.154888 0.334044 9.991323
v -7.145967 0.336605 9.993258
v -7.136527 0.335738 9.993313
v -7.128199 0.331595 9.991478
v -7.122423 0.324892 9.988073
v -7.120199 0.316787 9.983688
v -7.147968 0.344353 3.897094
v -7.147968 0.346722 3.899462
v -7.150336 0.346722 3.897094
v -7.060482 0.346722 3.897094
v -7.062849 0.346722 3.899462
v -7.062849 0.344353 3.897094
v -7.150336 0.431840 3.897094
v -7.147968 0.431840 3.899462
v -7.147968 0.434209 3.897094
v -7.062849 0.434209 3.897094
v -7.062849 0.431840 3.899462
v -7.060482 0.431840 3.897094
v -7.150336 0.431840 3.891565
v -7.147968 0.434209 3.891565
v -7.062849 0.434209 3.891565
v -7.060482 0.431840 3.891565
v -7.147968 0.344353 3.891565
v -7.150336 0.346722 3.891565
v -7.060482 0.346722 3.891565
v -7.062849 0.344353 3.891565
v -7.122959 3.518281 3.897094
v -7.122959 3.520650 3.899462
v -7.125327 3.520650 3.897094
v -7.035473 3.520650 3.897094
v -7.037840 3.520650 3.899462
v -7.037840 3.518281 3.897094
v -7.125327 3.605767 3.897094
v -7.122959 3.605767 3.899462
v -7.122959 3.608136 3.897094
v -7.037840 3.608136 3.897094
v -7.037840 3.605767 3.899462
v -7.035473 3.605767 3.897094
v -7.125327 3.605767 3.891565
v -7.122959 3.608136 3.891565
v -7.037840 3.608136 3.891565
v -7.035473 3.605767 3.891565
v -7.122959 3.518281 3.891565
v -7.125327 3.520650 3.891565
v -7.035473 3.520650 3.891565
v -7.037840 3.518281 3.891565
v -5.770419 9.303396 -1.826011
v -5.775540 9.311134 -1.823693
v -5.783086 9.315916 -1.820278
v -5.791752 9.316916 -1.816356
v -5.800039 9.313960 -1.812606
v -5.806514 9.307561 -1.809676
v -5.810058 9.298823 -1.808072
v -5.810058 9.289260 -1.808072
v -5.806514 9.280522 -1.809676
v -5.800039 9.274123 -1.812606
v -5.791752 9.271168 -1.816356
v -5.783086 9.272167 -1.820278
v -5.775540 9.276949 -1.823693
v -5.770419 9.284687 -1.826011
v -5.768608 9.294042 -1.826830
v -2.572352 9.303396 3.694567
v -2.577474 9.311134 3.696885
v -2.585020 9.315916 3.700300
v -2.593685 9.316916 3.704221
v -2.601972 9.313960 3.707971
v -2.608447 9.307561 3.710902
v -2.611991 9.298823 3.712506
v -2.611991 9.289260 3.712506
v -2.608447 9.280522 3.710902
v -2.601972 9.274123 3.707971
v -2.593685 9.271168 3.704221
v -2.585020 9.272167 3.700300
v -2.577474 9.276949 3.696885
v -2.572352 9.284687 3.694567
v -2.570541 9.294042 3.693747
v -2.509830 9.235578 -1.762199
v -2.514302 9.243315 -1.765606
v -2.520889 9.248097 -1.770627
v -2.528454 9.249097 -1.776393
v -2.535688 9.246141 -1.781908
v -2.541341 9.239742 -1.786215
v -2.544435 9.231005 -1.788573
v -2.544435 9.221441 -1.788573
v -2.541341 9.212704 -1.786216
v -2.535688 9.206305 -1.781907
v -2.528454 9.203349 -1.776393
v -2.520889 9.204349 -1.770627
v -2.514302 9.209130 -1.765607
v -2.509830 9.216867 -1.762199
v -2.508249 9.226223 -1.760994
v -5.675591 9.235578 3.673042
v -5.680063 9.243316 3.669635
v -5.686650 9.248097 3.664614
v -5.694215 9.249097 3.658849
v -5.701449 9.246142 3.653334
v -5.707103 9.239743 3.649025
v -5.710196 9.231006 3.646667
v -5.710196 9.221442 3.646667
v -5.707103 9.212705 3.649025
v -5.701449 9.206306 3.653333
v -5.694215 9.203349 3.658848
v -5.686649 9.204349 3.664613
v -5.680062 9.209130 3.669635
v -5.675592 9.216868 3.673042
v -5.674009 9.226224 3.674248
v -2.162400 9.303396 -1.826011
v -2.167521 9.311134 -1.823693
v -2.175067 9.315916 -1.820278
v -2.183733 9.316916 -1.816356
v -2.192019 9.313960 -1.812606
v -2.198494 9.307561 -1.809676
v -2.202039 9.298823 -1.808072
v -2.202039 9.289260 -1.808072
v -2.198494 9.280522 -1.809676
v -2.192019 9.274123 -1.812606
v -2.183733 9.271168 -1.816356
v -2.175067 9.272167 -1.820278
v -2.167521 9.276949 -1.823693
v -2.162400 9.284687 -1.826011
v -2.160588 9.294042 -1.826830
v -0.182090 9.303396 3.694567
v -0.187211 9.311134 3.696884
v -0.194757 9.315916 3.700299
v -0.203423 9.316916 3.704221
v -0.211709 9.313960 3.707971
v -0.218185 9.307561 3.710901
v -0.221729 9.298823 3.712505
v -0.221729 9.289260 3.712505
v -0.218185 9.280522 3.710901
v -0.211709 9.274123 3.707971
v -0.203423 9.271168 3.704221
v -0.194757 9.272167 3.700299
v -0.187211 9.276949 3.696884
v -0.182090 9.284687 3.694567
v -0.180278 9.294042 3.693747
v -0.175961 9.235578 -1.762198
v -0.180432 9.243315 -1.765606
v -0.187019 9.248097 -1.770627
v -0.194584 9.249097 -1.776393
v -0.201818 9.246141 -1.781907
v -0.207471 9.239742 -1.786215
v -0.210565 9.231005 -1.788573
v -0.210565 9.221441 -1.788573
v -0.207471 9.212704 -1.786215
v -0.201818 9.206305 -1.781907
v -0.194584 9.203349 -1.776393
v -0.187019 9.204349 -1.770627
v -0.180432 9.209130 -1.765606
v -0.175961 9.216867 -1.762198
v -0.174380 9.226223 -1.760993
v -2.067572 9.235578 3.673042
v -2.072043 9.243316 3.669635
v -2.078631 9.248097 3.664614
v -2.086195 9.249097 3.658849
v -2.093430 9.246142 3.653334
v -2.099083 9.239743 3.649025
v -2.102176 9.231006 3.646667
v -2.102177 9.221442 3.646667
v -2.099083 9.212705 3.649025
v -2.093430 9.206306 3.653333
v -2.086195 9.203349 3.658848
v -2.078630 9.204349 3.664613
v -2.072043 9.209130 3.669635
v -2.067573 9.216868 3.673042
v -2.065990 9.226224 3.674248
v 0.040194 9.303396 -1.826011
v 0.035072 9.311134 -1.823693
v 0.027526 9.315916 -1.820278
v 0.018861 9.316916 -1.816356
v 0.010574 9.313960 -1.812606
v 0.004099 9.307561 -1.809676
v 0.000555 9.298823 -1.808072
v 0.000555 9.289260 -1.808072
v 0.004099 9.280522 -1.809676
v 0.010574 9.274123 -1.812606
v 0.018861 9.271168 -1.816356
v 0.027526 9.272167 -1.820278
v 0.035072 9.276949 -1.823693
v 0.040194 9.284687 -1.826011
v 0.042005 9.294042 -1.826831
v 2.957527 9.303396 3.694566
v 2.952406 9.311134 3.696884
v 2.944860 9.315916 3.700299
v 2.936194 9.316916 3.704221
v 2.927907 9.313960 3.707971
v 2.921432 9.307561 3.710901
v 2.917888 9.298823 3.712505
v 2.917888 9.289260 3.712505
v 2.921432 9.280522 3.710901
v 2.927907 9.274123 3.707971
v 2.936194 9.271168 3.704221
v 2.944860 9.272167 3.700299
v 2.952406 9.276949 3.696884
v 2.957527 9.284687 3.694566
v 2.959339 9.294042 3.693747
v 3.000221 9.235578 -1.762199
v 2.995750 9.243315 -1.765607
v 2.989163 9.248097 -1.770628
v 2.981598 9.249097 -1.776394
v 2.974364 9.246141 -1.781907
v 2.968711 9.239742 -1.786216
v 2.965617 9.231005 -1.788574
v 2.965618 9.221441 -1.788574
v 2.968712 9.212704 -1.786216
v 2.974365 9.206305 -1.781908
v 2.981598 9.203349 -1.776394
v 2.989164 9.204349 -1.770628
v 2.995751 9.209130 -1.765608
v 3.000222 9.216867 -1.762200
v 3.001803 9.226223 -1.760994
v 0.077172 9.235578 3.673042
v 0.072701 9.243316 3.669635
v 0.066113 9.248097 3.664614
v 0.058548 9.249097 3.658849
v 0.051314 9.246142 3.653334
v 0.045661 9.239743 3.649025
v 0.042568 9.231006 3.646667
v 0.042567 9.221442 3.646667
v 0.045661 9.212705 3.649025
v 0.051314 9.206306 3.653334
v 0.058549 9.203349 3.658848
v 0.066113 9.204349 3.664614
v 0.072701 9.209130 3.669635
v 0.077171 9.216868 3.673042
v 0.078755 9.226224 3.674248
v 3.118754 9.303396 -1.826011
v 3.113632 9.311134 -1.823693
v 3.106086 9.315916 -1.820278
v 3.097421 9.316916 -1.816356
v 3.089134 9.313960 -1.812606
v 3.082659 9.307561 -1.809676
v 3.079115 9.298823 -1.808072
v 3.079115 9.289260 -1.808072
v 3.082659 9.280522 -1.809676
v 3.089134 9.274123 -1.812606
v 3.097421 9.271168 -1.816356
v 3.106086 9.272167 -1.820278
v 3.113632 9.276949 -1.823693
v 3.118754 9.284687 -1.826011
v 3.120565 9.294042 -1.826830
v 5.359223 9.303396 3.694566
v 5.354101 9.311134 3.696884
v 5.346556 9.315916 3.700299
v 5.337890 9.316916 3.704221
v 5.329603 9.313960 3.707971
v 5.323128 9.307561 3.710901
v 5.319584 9.298823 3.712505
v 5.319584 9.289260 3.712505
v 5.323128 9.280522 3.710901
v 5.329603 9.274123 3.707971
v 5.337890 9.271168 3.704221
v 5.346556 9.272167 3.700299
v 5.354101 9.276949 3.696884
v 5.359223 9.284687 3.694566
v 5.361034 9.294042 3.693747
v 5.334685 9.235578 -1.762199
v 5.330215 9.243315 -1.765606
v 5.323627 9.248097 -1.770627
v 5.316062 9.249097 -1.776393
v 5.308828 9.246141 -1.781906
v 5.303175 9.239742 -1.786215
v 5.300081 9.231005 -1.788573
v 5.300081 9.221441 -1.788573
v 5.303176 9.212704 -1.786215
v 5.308828 9.206305 -1.781907
v 5.316063 9.203349 -1.776393
v 5.323628 9.204349 -1.770627
v 5.330215 9.209130 -1.765607
v 5.334686 9.216867 -1.762199
v 5.336267 9.226223 -1.760993
v 3.086518 9.235578 3.673042
v 3.082047 9.243316 3.669635
v 3.075459 9.248097 3.664615
v 3.067894 9.249097 3.658849
v 3.060660 9.246142 3.653334
v 3.055007 9.239743 3.649026
v 3.051914 9.231006 3.646667
v 3.051913 9.221442 3.646667
v 3.055006 9.212705 3.649026
v 3.060659 9.206306 3.653334
v 3.067894 9.203349 3.658848
v 3.075459 9.204349 3.664614
v 3.082046 9.209130 3.669635
v 3.086516 9.216868 3.673043
v 3.088100 9.226224 3.674248
v 5.335519 9.303396 -1.826011
v 5.330397 9.311134 -1.823693
v 5.322851 9.315916 -1.820278
v 5.314186 9.316916 -1.816356
v 5.305899 9.313960 -1.812606
v 5.299424 9.307561 -1.809676
v 5.295880 9.298823 -1.808072
v 5.295880 9.289260 -1.808072
v 5.299424 9.280522 -1.809676
v 5.305899 9.274123 -1.812606
v 5.314186 9.271168 -1.816356
v 5.322851 9.272167 -1.820278
v 5.330397 9.276949 -1.823693
v 5.335519 9.284687 -1.826011
v 5.337330 9.294042 -1.826830
v 7.810063 9.303396 3.694566
v 7.804942 9.311134 3.696884
v 7.797396 9.315916 3.700299
v 7.788731 9.316916 3.704221
v 7.780444 9.313960 3.707971
v 7.773968 9.307561 3.710901
v 7.770424 9.298823 3.712505
v 7.770424 9.289260 3.712505
v 7.773968 9.280522 3.710901
v 7.780444 9.274123 3.707971
v 7.788731 9.271168 3.704221
v 7.797396 9.272167 3.700299
v 7.804942 9.276949 3.696884
v 7.810063 9.284687 3.694566
v 7.811875 9.294042 3.693747
v 7.800724 9.235578 -1.762199
v 7.796253 9.243315 -1.765607
v 7.789666 9.248097 -1.770627
v 7.782101 9.249097 -1.776393
v 7.774867 9.246141 -1.781907
v 7.769214 9.239742 -1.786215
v 7.766120 9.231005 -1.788573
v 7.766120 9.221441 -1.788573
v 7.769215 9.212704 -1.786216
v 7.774867 9.206305 -1.781907
v 7.782101 9.203349 -1.776393
v 7.789667 9.204349 -1.770627
v 7.796254 9.209130 -1.765607
v 7.800724 9.216867 -1.762199
v 7.802306 9.226223 -1.760994
v 5.454518 9.235578 3.673042
v 5.450046 9.243316 3.669635
v 5.443459 9.248097 3.664614
v 5.435894 9.249097 3.658849
v 5.428659 9.246142 3.653334
v 5.423006 9.239743 3.649026
v 5.419914 9.231006 3.646667
v 5.419913 9.221442 3.646667
v 5.423006 9.212705 3.649026
v 5.428659 9.206306 3.653334
v 5.435894 9.203349 3.658848
v 5.443459 9.204349 3.664614
v 5.450046 9.209130 3.669635
v 5.454516 9.216868 3.673043
v 5.456100 9.226224 3.674248
v 7.867990 9.303396 -1.826010
v 7.862868 9.311134 -1.823693
v 7.855322 9.315916 -1.820278
v 7.846656 9.316916 -1.816356
v 7.838370 9.313960 -1.812606
v 7.831894 9.307561 -1.809676
v 7.828351 9.298823 -1.808072
v 7.828351 9.289260 -1.808072
v 7.831894 9.280522 -1.809676
v 7.838370 9.274123 -1.812606
v 7.846656 9.271168 -1.816356
v 7.855322 9.272167 -1.820278
v 7.862868 9.276949 -1.823693
v 7.867990 9.284687 -1.826010
v 7.869801 9.294042 -1.826830
v 10.342437 9.303396 3.694566
v 10.337315 9.311134 3.696884
v 10.329769 9.315916 3.700299
v 10.321104 9.316916 3.704221
v 10.312817 9.313960 3.707971
v 10.306342 9.307561 3.710901
v 10.302798 9.298823 3.712505
v 10.302798 9.289260 3.712505
v 10.306342 9.280522 3.710901
v 10.312817 9.274123 3.707971
v 10.321104 9.271168 3.704221
v 10.329769 9.272167 3.700299
v 10.337315 9.276949 3.696884
v 10.342437 9.284687 3.694566
v 10.344248 9.294042 3.693746
v 10.343329 9.235578 -1.762199
v 10.338858 9.243315 -1.765607
v 10.332272 9.248097 -1.770628
v 10.324706 9.249097 -1.776393
v 10.317472 9.246141 -1.781908
v 10.311819 9.239742 -1.786216
v 10.308725 9.231005 -1.788573
v 10.308725 9.221441 -1.788574
v 10.311819 9.212704 -1.786216
v 10.317472 9.206305 -1.781907
v 10.324707 9.203349 -1.776393
v 10.332272 9.204349 -1.770628
v 10.338859 9.209130 -1.765607
v 10.343329 9.216867 -1.762199
v 10.344911 9.226223 -1.760994
v 7.895579 9.235578 3.673042
v 7.891108 9.243316 3.669636
v 7.884521 9.248097 3.664615
v 7.876955 9.249097 3.658849
v 7.869721 9.246142 3.653335
v 7.864068 9.239743 3.649026
v 7.860975 9.231006 3.646667
v 7.860974 9.221442 3.646667
v 7.864068 9.212705 3.649025
v 7.869721 9.206306 3.653334
v 7.876956 9.203349 3.658848
v 7.884521 9.204349 3.664614
v 7.891108 9.209130 3.669635
v 7.895578 9.216868 3.673042
v 7.897161 9.226224 3.674248
v 10.395481 9.303396 -1.826010
v 10.390360 9.311134 -1.823693
v 10.382813 9.315916 -1.820278
v 10.374148 9.316916 -1.816356
v 10.365861 9.313960 -1.812606
v 10.359386 9.307561 -1.809676
v 10.355843 9.298823 -1.808072
v 10.355843 9.289260 -1.808072
v 10.359386 9.280522 -1.809676
v 10.365861 9.274123 -1.812606
v 10.374148 9.271168 -1.816356
v 10.382813 9.272167 -1.820278
v 10.390360 9.276949 -1.823693
v 10.395481 9.284687 -1.826010
v 10.397292 9.294042 -1.826830
v 13.085075 9.303396 3.694566
v 13.079954 9.311134 3.696884
v 13.072408 9.315916 3.700299
v 13.063743 9.316916 3.704221
v 13.055456 9.313960 3.707971
v 13.048981 9.307561 3.710901
v 13.045437 9.298823 3.712505
v 13.045437 9.289260 3.712505
v 13.048981 9.280522 3.710901
v 13.055456 9.274123 3.707971
v 13.063743 9.271168 3.704221
v 13.072408 9.272167 3.700299
v 13.079954 9.276949 3.696884
v 13.085075 9.284687 3.694566
v 13.086887 9.294042 3.693747
v 13.134933 9.235578 -1.762198
v 13.130463 9.243315 -1.765607
v 13.123875 9.248097 -1.770627
v 13.116310 9.249097 -1.776393
v 13.109076 9.246141 -1.781907
v 13.103423 9.239742 -1.786215
v 13.100330 9.231005 -1.788573
v 13.100330 9.221441 -1.788573
v 13.103424 9.212704 -1.786216
v 13.109076 9.206305 -1.781907
v 13.116310 9.203349 -1.776393
v 13.123877 9.204349 -1.770627
v 13.130463 9.209130 -1.765607
v 13.134933 9.216867 -1.762199
v 13.136515 9.226223 -1.760993
v 10.416902 9.235578 3.673042
v 10.412430 9.243316 3.669635
v 10.405842 9.248097 3.664615
v 10.398277 9.249097 3.658849
v 10.391043 9.246142 3.653334
v 10.385390 9.239743 3.649026
v 10.382298 9.231006 3.646667
v 10.382298 9.221442 3.646667
v 10.385390 9.212705 3.649026
v 10.391043 9.206306 3.653334
v 10.398278 9.203349 3.658848
v 10.405844 9.204349 3.664614
v 10.412430 9.209130 3.669635
v 10.416901 9.216868 3.673042
v 10.418484 9.226224 3.674248
v 3.163931 8.840974 3.566221
v 3.163931 8.843343 3.563821
v 3.161563 8.843343 3.566221
v 3.251417 8.843343 3.566221
v 3.249049 8.843343 3.563821
v 3.249049 8.840974 3.566221
v 3.161563 8.928460 3.566221
v 3.163931 8.928460 3.563821
v 3.163931 8.930829 3.566221
v 3.249049 8.930829 3.566221
v 3.249049 8.928460 3.563821
v 3.251417 8.928460 3.566221
v 3.161563 8.928460 3.571821
v 3.163931 8.930829 3.571821
v 3.249049 8.930829 3.571821
v 3.251417 8.928460 3.571821
v 3.163931 8.840974 3.571821
v 3.161563 8.843343 3.571821
v 3.251417 8.843343 3.571821
v 3.249049 8.840974 3.571821
v 2.877197 8.906649 3.566221
v 2.877197 8.909018 3.563821
v 2.874829 8.909018 3.566221
v 2.964683 8.909018 3.566221
v 2.962315 8.909018 3.563821
v 2.962315 8.906649 3.566221
v 2.874829 8.994135 3.566221
v 2.877197 8.994135 3.563821
v 2.877197 8.996504 3.566221
v 2.962315 8.996504 3.566221
v 2.962315 8.994135 3.563821
v 2.964683 8.994135 3.566221
v 2.874829 8.994135 3.571821
v 2.877197 8.996504 3.571821
v 2.962315 8.996504 3.571821
v 2.964683 8.994135 3.571821
v 2.877197 8.906649 3.571821
v 2.874829 8.909018 3.571821
v 2.964683 8.909018 3.571821
v 2.962315 8.906649 3.571821
v 12.586528 8.850667 -1.605353
v 12.586528 8.853036 -1.602984
v 12.584160 8.853036 -1.605353
v 12.674014 8.853036 -1.605353
v 12.671646 8.853036 -1.602984
v 12.671646 8.850667 -1.605353
v 12.584160 8.938153 -1.605353
v 12.586528 8.938153 -1.602984
v 12.586528 8.940522 -1.605353
v 12.671646 8.940522 -1.605353
v 12.671646 8.938153 -1.602984
v 12.674014 8.938153 -1.605353
v 12.584160 8.938153 -1.610882
v 12.586528 8.940522 -1.610882
v 12.671646 8.940522 -1.610882
v 12.674014 8.938153 -1.610882
v 12.586528 8.850667 -1.610882
v 12.584160 8.853036 -1.610882
v 12.674014 8.853036 -1.610882
v 12.671646 8.850667 -1.610882
v -6.146774 8.905600 -1.605353
v -6.146774 8.907969 -1.602984
v -6.149142 8.907969 -1.605353
v -6.059288 8.907969 -1.605353
v -6.061655 8.907969 -1.602984
v -6.061655 8.905600 -1.605353
v -6.149142 8.993086 -1.605353
v -6.146774 8.993086 -1.602984
v -6.146774 8.995455 -1.605353
v -6.061655 8.995455 -1.605353
v -6.061655 8.993086 -1.602984
v -6.059288 8.993086 -1.605353
v -6.149142 8.993086 -1.610882
v -6.146774 8.995455 -1.610882
v -6.061655 8.995455 -1.610882
v -6.059288 8.993086 -1.610882
v -6.146774 8.905600 -1.610882
v -6.149142 8.907969 -1.610882
v -6.059288 8.907969 -1.610882
v -6.061655 8.905600 -1.610882
v 3.109421 8.895784 3.606217
v 3.114769 8.902694 3.610106
v 3.122128 8.906328 3.615016
v 3.130226 8.906058 3.620098
v 3.137661 8.901931 3.624474
v 3.143149 8.894659 3.627387
v 3.145741 8.885502 3.628332
v 3.144988 8.876041 3.627148
v 3.141020 8.867914 3.624038
v 3.134524 8.862525 3.619540
v 3.126624 8.860806 3.614433
v 3.118684 8.863053 3.609598
v 3.112078 8.868879 3.605872
v 3.107948 8.877277 3.603900
v 3.107008 8.886794 3.604022
v 12.942873 8.902207 -1.804008
v 12.948221 8.909117 -1.800119
v 12.955580 8.912751 -1.795208
v 12.963677 8.912480 -1.790126
v 12.971113 8.908354 -1.785751
v 12.976601 8.901082 -1.782838
v 12.979193 8.891925 -1.781892
v 12.978439 8.882464 -1.783077
v 12.974472 8.874337 -1.786186
v 12.967977 8.868948 -1.790684
v 12.960075 8.867229 -1.795792
v 12.952136 8.869476 -1.800627
v 12.945530 8.875302 -1.804352
v 12.941401 8.883700 -1.806325
v 12.940460 8.893217 -1.806203
v 12.957109 9.252406 3.566221
v 12.957109 9.254775 3.563821
v 12.954741 9.254775 3.566221
v 13.044596 9.254775 3.566221
v 13.042228 9.254775 3.563821
v 13.042228 9.252406 3.566221
v 12.954741 9.339892 3.566221
v 12.957109 9.339892 3.563821
v 12.957109 9.342261 3.566221
v 13.042228 9.342261 3.566221
v 13.042228 9.339892 3.563821
v 13.044596 9.339892 3.566221
v 12.954741 9.339892 3.571821
v 12.957109 9.342261 3.571821
v 13.042228 9.342261 3.571821
v 13.044596 9.339892 3.571821
v 12.957109 9.252406 3.571821
v 12.954741 9.254775 3.571821
v 13.044596 9.254775 3.571821
v 13.042228 9.252406 3.571821
v 10.397122 9.183940 3.566221
v 10.397122 9.186309 3.563821
v 10.394754 9.186309 3.566221
v 10.484609 9.186309 3.566221
v 10.482241 9.186309 3.563821
v 10.482241 9.183940 3.566221
v 10.394754 9.271426 3.566221
v 10.397122 9.271426 3.563821
v 10.397122 9.273795 3.566221
v 10.482241 9.273795 3.566221
v 10.482241 9.271426 3.563821
v 10.484609 9.271426 3.566221
v 10.394754 9.271426 3.571821
v 10.397122 9.273795 3.571821
v 10.482241 9.273795 3.571821
v 10.484609 9.271426 3.571821
v 10.397122 9.183940 3.571821
v 10.394754 9.186309 3.571821
v 10.484609 9.186309 3.571821
v 10.482241 9.183940 3.571821
v 10.223141 9.251676 3.566221
v 10.223141 9.254045 3.563821
v 10.220773 9.254045 3.566221
v 10.310627 9.254045 3.566221
v 10.308259 9.254045 3.563821
v 10.308259 9.251676 3.566221
v 10.220773 9.339162 3.566221
v 10.223141 9.339162 3.563821
v 10.223141 9.341531 3.566221
v 10.308259 9.341531 3.566221
v 10.308259 9.339162 3.563821
v 10.310627 9.339162 3.566221
v 10.220773 9.339162 3.571821
v 10.223141 9.341531 3.571821
v 10.308259 9.341531 3.571821
v 10.310627 9.339162 3.571821
v 10.223141 9.251676 3.571821
v 10.220773 9.254045 3.571821
v 10.310627 9.254045 3.571821
v 10.308259 9.251676 3.571821
v 7.874634 9.184072 3.566221
v 7.874634 9.186440 3.563821
v 7.872266 9.186440 3.566221
v 7.962121 9.186440 3.566221
v 7.959753 9.186440 3.563821
v 7.959753 9.184072 3.566221
v 7.872266 9.271558 3.566221
v 7.874634 9.271558 3.563821
v 7.874634 9.273927 3.566221
v 7.959753 9.273927 3.566221
v 7.959753 9.271558 3.563821
v 7.962121 9.271558 3.566221
v 7.872266 9.271558 3.571821
v 7.874634 9.273927 3.571821
v 7.959753 9.273927 3.571821
v 7.962121 9.271558 3.571821
v 7.874634 9.184072 3.571821
v 7.872266 9.186440 3.571821
v 7.962121 9.186440 3.571821
v 7.959753 9.184072 3.571821
v 7.689432 9.249904 3.566221
v 7.689432 9.252273 3.563821
v 7.687064 9.252273 3.566221
v 7.776918 9.252273 3.566221
v 7.774551 9.252273 3.563821
v 7.774551 9.249904 3.566221
v 7.687064 9.337390 3.566221
v 7.689432 9.337390 3.563821
v 7.689432 9.339759 3.566221
v 7.774551 9.339759 3.566221
v 7.774551 9.337390 3.563821
v 7.776918 9.337390 3.566221
v 7.687064 9.337390 3.571821
v 7.689432 9.339759 3.571821
v 7.774551 9.339759 3.571821
v 7.776918 9.337390 3.571821
v 7.689432 9.249904 3.571821
v 7.687064 9.252273 3.571821
v 7.776918 9.252273 3.571821
v 7.774551 9.249904 3.571821
v 5.432147 9.185080 3.566221
v 5.432147 9.187449 3.563821
v 5.429779 9.187449 3.566221
v 5.519633 9.187449 3.566221
v 5.517266 9.187449 3.563821
v 5.517266 9.185080 3.566221
v 5.429779 9.272566 3.566221
v 5.432147 9.272566 3.563821
v 5.432147 9.274935 3.566221
v 5.517266 9.274935 3.566221
v 5.517266 9.272566 3.563821
v 5.519633 9.272566 3.566221
v 5.429779 9.272566 3.571821
v 5.432147 9.274935 3.571821
v 5.517266 9.274935 3.571821
v 5.519633 9.272566 3.571821
v 5.432147 9.185080 3.571821
v 5.429779 9.187449 3.571821
v 5.519633 9.187449 3.571821
v 5.517266 9.185080 3.571821
v 3.061154 9.183340 3.566221
v 3.061154 9.185709 3.563821
v 3.058786 9.185709 3.566221
v 3.148641 9.185709 3.566221
v 3.146273 9.185709 3.563821
v 3.146273 9.183340 3.566221
v 3.058786 9.270826 3.566221
v 3.061154 9.270826 3.563821
v 3.061154 9.273195 3.566221
v 3.146273 9.273195 3.566221
v 3.146273 9.270826 3.563821
v 3.148641 9.270826 3.566221
v 3.058786 9.270826 3.571821
v 3.061154 9.273195 3.571821
v 3.146273 9.273195 3.571821
v 3.148641 9.270826 3.571821
v 3.061154 9.183340 3.571821
v 3.058786 9.185709 3.571821
v 3.148641 9.185709 3.571821
v 3.146273 9.183340 3.571821
v 2.823920 9.249520 3.566221
v 2.823920 9.251889 3.563821
v 2.821553 9.251889 3.566221
v 2.911407 9.251889 3.566221
v 2.909039 9.251889 3.563821
v 2.909039 9.249520 3.566221
v 2.821553 9.337007 3.566221
v 2.823920 9.337007 3.563821
v 2.823920 9.339375 3.566221
v 2.909039 9.339375 3.566221
v 2.909039 9.337007 3.563821
v 2.911407 9.337007 3.566221
v 2.821553 9.337007 3.571821
v 2.823920 9.339375 3.571821
v 2.909039 9.339375 3.571821
v 2.911407 9.337007 3.571821
v 2.823920 9.249520 3.571821
v 2.821553 9.251889 3.571821
v 2.911407 9.251889 3.571821
v 2.909039 9.249520 3.571821
v 0.067158 9.183923 3.566221
v 0.067158 9.186292 3.563821
v 0.064791 9.186292 3.566221
v 0.154645 9.186292 3.566221
v 0.152277 9.186292 3.563821
v 0.152277 9.183923 3.566221
v 0.064791 9.271409 3.566221
v 0.067158 9.271409 3.563821
v 0.067158 9.273778 3.566221
v 0.152277 9.273778 3.566221
v 0.152277 9.271409 3.563821
v 0.154645 9.271409 3.566221
v 0.064791 9.271409 3.571821
v 0.067158 9.273778 3.571821
v 0.152277 9.273778 3.571821
v 0.154645 9.271409 3.571821
v 0.067158 9.183923 3.571821
v 0.064791 9.186292 3.571821
v 0.154645 9.186292 3.571821
v 0.152277 9.183923 3.571821
v -0.292675 9.252047 3.566221
v -0.292675 9.254416 3.563821
v -0.295043 9.254416 3.566221
v -0.205189 9.254416 3.566221
v -0.207557 9.254416 3.563821
v -0.207557 9.252047 3.566221
v -0.295043 9.339533 3.566221
v -0.292675 9.339533 3.563821
v -0.292675 9.341902 3.566221
v -0.207557 9.341902 3.566221
v -0.207557 9.339533 3.563821
v -0.205189 9.339533 3.566221
v -0.295043 9.339533 3.571821
v -0.292675 9.341902 3.571821
v -0.207557 9.341902 3.571821
v -0.205189 9.339533 3.571821
v -0.292675 9.252047 3.571821
v -0.295043 9.254416 3.571821
v -0.205189 9.254416 3.571821
v -0.207557 9.252047 3.571821
v -2.092566 9.183096 3.566221
v -2.092566 9.185465 3.563821
v -2.094934 9.185465 3.566221
v -2.005080 9.185465 3.566221
v -2.007448 9.185465 3.563821
v -2.007448 9.183096 3.566221
v -2.094934 9.270582 3.566221
v -2.092566 9.270582 3.563821
v -2.092566 9.272951 3.566221
v -2.007448 9.272951 3.566221
v -2.007448 9.270582 3.563821
v -2.005080 9.270582 3.566221
v -2.094934 9.270582 3.571821
v -2.092566 9.272951 3.571821
v -2.007448 9.272951 3.571821
v -2.005080 9.270582 3.571821
v -2.092566 9.183096 3.571821
v -2.094934 9.185465 3.571821
v -2.005080 9.185465 3.571821
v -2.007448 9.183096 3.571821
v -5.684583 9.184932 3.566221
v -5.684583 9.187301 3.563821
v -5.686951 9.187301 3.566221
v -5.597097 9.187301 3.566221
v -5.599464 9.187301 3.563821
v -5.599464 9.184932 3.566221
v -5.686951 9.272418 3.566221
v -5.684583 9.272418 3.563821
v -5.684583 9.274787 3.566221
v -5.599464 9.274787 3.566221
v -5.599464 9.272418 3.563821
v -5.597097 9.272418 3.566221
v -5.686951 9.272418 3.571821
v -5.684583 9.274787 3.571821
v -5.599464 9.274787 3.571821
v -5.597097 9.272418 3.571821
v -5.684583 9.184932 3.571821
v -5.686951 9.187301 3.571821
v -5.597097 9.187301 3.571821
v -5.599464 9.184932 3.571821
v -2.716235 9.252278 3.566221
v -2.716235 9.254647 3.563821
v -2.718603 9.254647 3.566221
v -2.628749 9.254647 3.566221
v -2.631117 9.254647 3.563821
v -2.631117 9.252278 3.566221
v -2.718603 9.339765 3.566221
v -2.716235 9.339765 3.563821
v -2.716235 9.342134 3.566221
v -2.631117 9.342134 3.566221
v -2.631117 9.339765 3.563821
v -2.628749 9.339765 3.566221
v -2.718603 9.339765 3.571821
v -2.716235 9.342134 3.571821
v -2.631117 9.342134 3.571821
v -2.628749 9.339765 3.571821
v -2.716235 9.252278 3.571821
v -2.718603 9.254647 3.571821
v -2.628749 9.254647 3.571821
v -2.631117 9.252278 3.571821
v 12.990911 9.184841 -1.605353
v 12.990911 9.187210 -1.602984
v 12.988543 9.187210 -1.605353
v 13.078397 9.187210 -1.605353
v 13.076029 9.187210 -1.602984
v 13.076029 9.184841 -1.605353
v 12.988543 9.272327 -1.605353
v 12.990911 9.272327 -1.602984
v 12.990911 9.274696 -1.605353
v 13.076029 9.274696 -1.605353
v 13.076029 9.272327 -1.602984
v 13.078397 9.272327 -1.605353
v 12.988543 9.272327 -1.610882
v 12.990911 9.274696 -1.610882
v 13.076029 9.274696 -1.610882
v 13.078397 9.272327 -1.610882
v 12.990911 9.184841 -1.610882
v 12.988543 9.187210 -1.610882
v 13.078397 9.187210 -1.610882
v 13.076029 9.184841 -1.610882
v 10.434885 9.252208 -1.605353
v 10.434885 9.254577 -1.602984
v 10.432517 9.254577 -1.605353
v 10.522371 9.254577 -1.605353
v 10.520003 9.254577 -1.602984
v 10.520003 9.252208 -1.605353
v 10.432517 9.339694 -1.605353
v 10.434885 9.339694 -1.602984
v 10.434885 9.342063 -1.605353
v 10.520003 9.342063 -1.605353
v 10.520003 9.339694 -1.602984
v 10.522371 9.339694 -1.605353
v 10.432517 9.339694 -1.610882
v 10.434885 9.342063 -1.610882
v 10.520003 9.342063 -1.610882
v 10.522371 9.339694 -1.610882
v 10.434885 9.252208 -1.610882
v 10.432517 9.254577 -1.610882
v 10.522371 9.254577 -1.610882
v 10.520003 9.252208 -1.610882
v 10.208331 9.187119 -1.605353
v 10.208331 9.189487 -1.602984
v 10.205963 9.189487 -1.605353
v 10.295817 9.189487 -1.605353
v 10.293449 9.189487 -1.602984
v 10.293449 9.187119 -1.605353
v 10.205963 9.274605 -1.605353
v 10.208331 9.274605 -1.602984
v 10.208331 9.276974 -1.605353
v 10.293449 9.276974 -1.605353
v 10.293449 9.274605 -1.602984
v 10.295817 9.274605 -1.605353
v 10.205963 9.274605 -1.610882
v 10.208331 9.276974 -1.610882
v 10.293449 9.276974 -1.610882
v 10.295817 9.274605 -1.610882
v 10.208331 9.187119 -1.610882
v 10.205963 9.189487 -1.610882
v 10.295817 9.189487 -1.610882
v 10.293449 9.187119 -1.610882
v 7.899720 9.246991 -1.605353
v 7.899720 9.249360 -1.602984
v 7.897352 9.249360 -1.605353
v 7.987206 9.249360 -1.605353
v 7.984839 9.249360 -1.602984
v 7.984839 9.246991 -1.605353
v 7.897352 9.334477 -1.605353
v 7.899720 9.334477 -1.602984
v 7.899720 9.336846 -1.605353
v 7.984839 9.336846 -1.605353
v 7.984839 9.334477 -1.602984
v 7.987206 9.334477 -1.605353
v 7.897352 9.334477 -1.610882
v 7.899720 9.336846 -1.610882
v 7.984839 9.336846 -1.610882
v 7.987206 9.334477 -1.610882
v 7.899720 9.246991 -1.610882
v 7.897352 9.249360 -1.610882
v 7.987206 9.249360 -1.610882
v 7.984839 9.246991 -1.610882
v 7.668927 9.180517 -1.605353
v 7.668927 9.182886 -1.602984
v 7.666559 9.182886 -1.605353
v 7.756413 9.182886 -1.605353
v 7.754045 9.182886 -1.602984
v 7.754045 9.180517 -1.605353
v 7.666559 9.268003 -1.605353
v 7.668927 9.268003 -1.602984
v 7.668927 9.270372 -1.605353
v 7.754045 9.270372 -1.605353
v 7.754045 9.268003 -1.602984
v 7.756413 9.268003 -1.605353
v 7.666559 9.268003 -1.610882
v 7.668927 9.270372 -1.610882
v 7.754045 9.270372 -1.610882
v 7.756413 9.268003 -1.610882
v 7.668927 9.180517 -1.610882
v 7.666559 9.182886 -1.610882
v 7.756413 9.182886 -1.610882
v 7.754045 9.180517 -1.610882
v 2.851027 9.183578 -1.605353
v 2.851027 9.185946 -1.602984
v 2.848659 9.185946 -1.605353
v 2.938513 9.185946 -1.605353
v 2.936145 9.185946 -1.602984
v 2.936145 9.183578 -1.605353
v 2.848659 9.271064 -1.605353
v 2.851027 9.271064 -1.602984
v 2.851027 9.273433 -1.605353
v 2.936145 9.273433 -1.605353
v 2.936145 9.271064 -1.602984
v 2.938513 9.271064 -1.605353
v 2.848659 9.271064 -1.610882
v 2.851027 9.273433 -1.610882
v 2.936145 9.273433 -1.610882
v 2.938513 9.271064 -1.610882
v 2.851027 9.183578 -1.610882
v 2.848659 9.185946 -1.610882
v 2.938513 9.185946 -1.610882
v 2.936145 9.183578 -1.610882
v 5.209266 9.182955 -1.605353
v 5.209266 9.185324 -1.602984
v 5.206898 9.185324 -1.605353
v 5.296752 9.185324 -1.605353
v 5.294385 9.185324 -1.602984
v 5.294385 9.182955 -1.605353
v 5.206898 9.270441 -1.605353
v 5.209266 9.270441 -1.602984
v 5.209266 9.272810 -1.605353
v 5.294385 9.272810 -1.605353
v 5.294385 9.270441 -1.602984
v 5.296752 9.270441 -1.605353
v 5.206898 9.270441 -1.610882
v 5.209266 9.272810 -1.610882
v 5.294385 9.272810 -1.610882
v 5.296752 9.270441 -1.610882
v 5.209266 9.182955 -1.610882
v 5.206898 9.185324 -1.610882
v 5.296752 9.185324 -1.610882
v 5.294385 9.182955 -1.610882
v 5.368624 9.249845 -1.605353
v 5.368624 9.252213 -1.602984
v 5.366256 9.252213 -1.605353
v 5.456110 9.252213 -1.605353
v 5.453743 9.252213 -1.602984
v 5.453743 9.249845 -1.605353
v 5.366256 9.337331 -1.605353
v 5.368624 9.337331 -1.602984
v 5.368624 9.339700 -1.605353
v 5.453743 9.339700 -1.605353
v 5.453743 9.337331 -1.602984
v 5.456110 9.337331 -1.605353
v 5.366256 9.337331 -1.610882
v 5.368624 9.339700 -1.610882
v 5.453743 9.339700 -1.610882
v 5.456110 9.337331 -1.610882
v 5.368624 9.249845 -1.610882
v 5.366256 9.252213 -1.610882
v 5.456110 9.252213 -1.610882
v 5.453743 9.249845 -1.610882
v 3.146182 9.249845 -1.605353
v 3.146182 9.252213 -1.602984
v 3.143814 9.252213 -1.605353
v 3.233668 9.252213 -1.605353
v 3.231300 9.252213 -1.602984
v 3.231300 9.249845 -1.605353
v 3.143814 9.337331 -1.605353
v 3.146182 9.337331 -1.602984
v 3.146182 9.339700 -1.605353
v 3.231300 9.339700 -1.605353
v 3.231300 9.337331 -1.602984
v 3.233668 9.337331 -1.605353
v 3.143814 9.337331 -1.610882
v 3.146182 9.339700 -1.610882
v 3.231300 9.339700 -1.610882
v 3.233668 9.337331 -1.610882
v 3.146182 9.249845 -1.610882
v 3.143814 9.252213 -1.610882
v 3.233668 9.252213 -1.610882
v 3.231300 9.249845 -1.610882
v 0.089720 9.249845 -1.605353
v 0.089720 9.252213 -1.602984
v 0.087352 9.252213 -1.605353
v 0.177206 9.252213 -1.605353
v 0.174838 9.252213 -1.602984
v 0.174838 9.249845 -1.605353
v 0.087352 9.337331 -1.605353
v 0.089720 9.337331 -1.602984
v 0.089720 9.339700 -1.605353
v 0.174838 9.339700 -1.605353
v 0.174838 9.337331 -1.602984
v 0.177206 9.337331 -1.605353
v 0.087352 9.337331 -1.610882
v 0.089720 9.339700 -1.610882
v 0.174838 9.339700 -1.610882
v 0.177206 9.337331 -1.610882
v 0.089720 9.249845 -1.610882
v 0.087352 9.252213 -1.610882
v 0.177206 9.252213 -1.610882
v 0.174838 9.249845 -1.610882
v -0.292999 9.184444 -1.605353
v -0.292999 9.186813 -1.602984
v -0.295367 9.186813 -1.605353
v -0.205513 9.186813 -1.605353
v -0.207881 9.186813 -1.602984
v -0.207881 9.184444 -1.605353
v -0.295367 9.271931 -1.605353
v -0.292999 9.271931 -1.602984
v -0.292999 9.274300 -1.605353
v -0.207881 9.274300 -1.605353
v -0.207881 9.271931 -1.602984
v -0.205513 9.271931 -1.605353
v -0.295367 9.271931 -1.610882
v -0.292999 9.274300 -1.610882
v -0.207881 9.274300 -1.610882
v -0.205513 9.271931 -1.610882
v -0.292999 9.184444 -1.610882
v -0.295367 9.186813 -1.610882
v -0.205513 9.186813 -1.610882
v -0.207881 9.184444 -1.610882
v -2.145450 9.249092 -1.605353
v -2.145450 9.251461 -1.602984
v -2.147818 9.251461 -1.605353
v -2.057963 9.251461 -1.605353
v -2.060331 9.251461 -1.602984
v -2.060331 9.249092 -1.605353
v -2.147818 9.336578 -1.605353
v -2.145450 9.336578 -1.602984
v -2.145450 9.338947 -1.605353
v -2.060331 9.338947 -1.605353
v -2.060331 9.336578 -1.602984
v -2.057963 9.336578 -1.605353
v -2.147818 9.336578 -1.610882
v -2.145450 9.338947 -1.610882
v -2.060331 9.338947 -1.610882
v -2.057963 9.336578 -1.610882
v -2.145450 9.249092 -1.610882
v -2.147818 9.251461 -1.610882
v -2.057963 9.251461 -1.610882
v -2.060331 9.249092 -1.610882
v -2.663245 9.183509 -1.605353
v -2.663245 9.185878 -1.602984
v -2.665613 9.185878 -1.605353
v -2.575759 9.185878 -1.605353
v -2.578127 9.185878 -1.602984
v -2.578127 9.183509 -1.605353
v -2.665613 9.270995 -1.605353
v -2.663245 9.270995 -1.602984
v -2.663245 9.273364 -1.605353
v -2.578127 9.273364 -1.605353
v -2.578127 9.270995 -1.602984
v -2.575759 9.270995 -1.605353
v -2.665613 9.270995 -1.610882
v -2.663245 9.273364 -1.610882
v -2.578127 9.273364 -1.610882
v -2.575759 9.270995 -1.610882
v -2.663245 9.183509 -1.610882
v -2.665613 9.185878 -1.610882
v -2.575759 9.185878 -1.610882
v -2.578127 9.183509 -1.610882
v -6.250048 8.960841 -1.722648
v -6.252578 8.968579 -1.717628
v -6.256306 8.973361 -1.710232
v -6.260588 8.974360 -1.701739
v -6.264682 8.971405 -1.693617
v -6.267880 8.965006 -1.687270
v -6.269631 8.956268 -1.683796
v -6.269631 8.946705 -1.683796
v -6.267880 8.937967 -1.687270
v -6.264682 8.931568 -1.693616
v -6.260588 8.928613 -1.701739
v -6.256306 8.929612 -1.710232
v -6.252578 8.934394 -1.717628
v -6.250048 8.942132 -1.722648
v -6.249153 8.951487 -1.724424
v 3.039873 8.960841 3.620401
v 3.037343 8.968579 3.625421
v 3.033615 8.973361 3.632818
v 3.029334 8.974360 3.641311
v 3.025240 8.971405 3.649433
v 3.022041 8.965006 3.655780
v 3.020290 8.956268 3.659254
v 3.020290 8.946705 3.659254
v 3.022041 8.937967 3.655780
v 3.025240 8.931568 3.649433
v 3.029334 8.928613 3.641311
v 3.033615 8.929612 3.632818
v 3.037343 8.934394 3.625421
v 3.039873 8.942132 3.620401
v 3.040769 8.951487 3.618626
v -5.705953 9.253327 -1.605353
v -5.705953 9.255696 -1.602984
v -5.708321 9.255696 -1.605353
v -5.618466 9.255696 -1.605353
v -5.620834 9.255696 -1.602984
v -5.620834 9.253327 -1.605353
v -5.708321 9.340814 -1.605353
v -5.705953 9.340814 -1.602984
v -5.705953 9.343183 -1.605353
v -5.620834 9.343183 -1.605353
v -5.620834 9.340814 -1.602984
v -5.618466 9.340814 -1.605353
v -5.708321 9.340814 -1.610882
v -5.705953 9.343183 -1.610882
v -5.620834 9.343183 -1.610882
v -5.618466 9.340814 -1.610882
v -5.705953 9.253327 -1.610882
v -5.708321 9.255696 -1.610882
v -5.618466 9.255696 -1.610882
v -5.620834 9.253327 -1.610882
v 2.936296 8.907107 -1.923691
v 2.939283 8.914845 -1.918929
v 2.943686 8.919627 -1.911914
v 2.948741 8.920627 -1.903857
v 2.953576 8.917671 -1.896152
v 2.957354 8.911272 -1.890132
v 2.959422 8.902534 -1.886837
v 2.959422 8.892971 -1.886837
v 2.957354 8.884233 -1.890132
v 2.953576 8.877834 -1.896152
v 2.948741 8.874879 -1.903857
v 2.943686 8.875878 -1.911914
v 2.939283 8.880660 -1.918929
v 2.936296 8.888398 -1.923691
v 2.935238 8.897753 -1.925375
v 13.032326 8.907107 -7.834505
v 13.035314 8.914845 -7.829743
v 13.039716 8.919627 -7.822728
v 13.044771 8.920627 -7.814672
v 13.049606 8.917671 -7.806967
v 13.053385 8.911272 -7.800946
v 13.055452 8.902534 -7.797651
v 13.055452 8.892971 -7.797651
v 13.053385 8.884233 -7.800946
v 13.049606 8.877834 -7.806967
v 13.044771 8.874879 -7.814671
v 13.039716 8.875878 -7.822728
v 13.035314 8.880660 -7.829743
v 13.032326 8.888398 -7.834505
v 13.031269 8.897753 -7.836189
v -5.803550 8.960841 -1.903833
v -5.799201 8.968579 -1.900271
v -5.792792 8.973361 -1.895024
v -5.785433 8.974360 -1.888999
v -5.778395 8.971405 -1.883236
v -5.772896 8.965006 -1.878734
v -5.769886 8.956268 -1.876269
v -5.769886 8.946705 -1.876269
v -5.772896 8.937967 -1.878734
v -5.778395 8.931568 -1.883236
v -5.785433 8.928613 -1.888999
v -5.792792 8.929612 -1.895024
v -5.799201 8.934394 -1.900271
v -5.803550 8.942132 -1.903833
v -5.805089 8.951487 -1.905093
v 2.568243 8.960841 -7.761063
v 2.572592 8.968579 -7.757501
v 2.579001 8.973361 -7.752254
v 2.586360 8.974360 -7.746228
v 2.593398 8.971405 -7.740466
v 2.598897 8.965006 -7.735963
v 2.601907 8.956268 -7.733499
v 2.601907 8.946705 -7.733499
v 2.598897 8.937967 -7.735963
v 2.593398 8.931568 -7.740466
v 2.586360 8.928613 -7.746228
v 2.579001 8.929612 -7.752254
v 2.572592 8.934394 -7.757501
v 2.568243 8.942132 -7.761063
v 2.566705 8.951487 -7.762322
v -5.770419 9.303396 -7.740356
v -5.775540 9.311134 -7.738039
v -5.783087 9.315916 -7.734624
v -5.791752 9.316916 -7.730702
v -5.800039 9.313960 -7.726953
v -5.806514 9.307561 -7.724022
v -5.810058 9.298823 -7.722418
v -5.810058 9.289260 -7.722418
v -5.806514 9.280522 -7.724022
v -5.800039 9.274123 -7.726953
v -5.791752 9.271168 -7.730702
v -5.783087 9.272167 -7.734624
v -5.775540 9.276949 -7.738039
v -5.770419 9.284687 -7.740356
v -5.768608 9.294042 -7.741177
v -2.572352 9.303396 -1.808412
v -2.577474 9.311134 -1.806094
v -2.585020 9.315916 -1.802680
v -2.593685 9.316916 -1.798758
v -2.601972 9.313960 -1.795008
v -2.608447 9.307561 -1.792077
v -2.611991 9.298823 -1.790473
v -2.611991 9.289260 -1.790473
v -2.608447 9.280522 -1.792077
v -2.601972 9.274123 -1.795008
v -2.593685 9.271168 -1.798758
v -2.585020 9.272167 -1.802680
v -2.577474 9.276949 -1.806094
v -2.572352 9.284687 -1.808412
v -2.570541 9.294042 -1.809232
v -2.509830 9.235578 -7.770107
v -2.514302 9.243315 -7.773515
v -2.520889 9.248097 -7.778536
v -2.528454 9.249097 -7.784302
v -2.535688 9.246141 -7.789815
v -2.541341 9.239742 -7.794124
v -2.544435 9.231005 -7.796482
v -2.544435 9.221441 -7.796482
v -2.541341 9.212704 -7.794124
v -2.535688 9.206305 -7.789815
v -2.528454 9.203349 -7.784302
v -2.520889 9.204349 -7.778536
v -2.514302 9.209130 -7.773516
v -2.509830 9.216867 -7.770107
v -2.508249 9.226223 -7.768902
v -5.675591 9.235578 -1.829938
v -5.680063 9.243316 -1.833344
v -5.686650 9.248097 -1.838365
v -5.694215 9.249097 -1.844131
v -5.701449 9.246142 -1.849645
v -5.707103 9.239743 -1.853954
v -5.710196 9.231006 -1.856312
v -5.710196 9.221442 -1.856312
v -5.707103 9.212705 -1.853954
v -5.701449 9.206306 -1.849646
v -5.694215 9.203349 -1.844131
v -5.686649 9.204349 -1.838366
v -5.680062 9.209130 -1.833344
v -5.675592 9.216868 -1.829937
v -5.674009 9.226224 -1.828731
v -2.162400 9.303396 -7.748473
v -2.167521 9.311134 -7.746155
v -2.175067 9.315916 -7.742740
v -2.183733 9.316916 -7.738818
v -2.192019 9.313960 -7.735068
v -2.198494 9.307561 -7.732138
v -2.202039 9.298823 -7.730534
v -2.202039 9.289260 -7.730534
v -2.198494 9.280522 -7.732138
v -2.192019 9.274123 -7.735068
v -2.183733 9.271168 -7.738818
v -2.175067 9.272167 -7.742740
v -2.167521 9.276949 -7.746155
v -2.162400 9.284687 -7.748473
v -2.160588 9.294042 -7.749292
v -0.182090 9.303396 -1.808412
v -0.187211 9.311134 -1.806095
v -0.194757 9.315916 -1.802680
v -0.203423 9.316916 -1.798758
v -0.211709 9.313960 -1.795008
v -0.218185 9.307561 -1.792078
v -0.221729 9.298823 -1.790474
v -0.221729 9.289260 -1.790474
v -0.218185 9.280522 -1.792078
v -0.211709 9.274123 -1.795008
v -0.203423 9.271168 -1.798758
v -0.194757 9.272167 -1.802680
v -0.187211 9.276949 -1.806095
v -0.182090 9.284687 -1.808412
v -0.180278 9.294042 -1.809232
v -0.175963 9.235578 -7.749102
v -0.180434 9.243315 -7.752509
v -0.187021 9.248097 -7.757530
v -0.194586 9.249097 -7.763296
v -0.201820 9.246141 -7.768810
v -0.207473 9.239742 -7.773118
v -0.210567 9.231005 -7.775476
v -0.210567 9.221441 -7.775476
v -0.207473 9.212704 -7.773118
v -0.201820 9.206305 -7.768809
v -0.194586 9.203349 -7.763296
v -0.187021 9.204349 -7.757530
v -0.180434 9.209130 -7.752510
v -0.175962 9.216867 -7.749102
v -0.174382 9.226223 -7.747896
v -2.067572 9.235578 -1.829938
v -2.072043 9.243316 -1.833344
v -2.078631 9.248097 -1.838365
v -2.086195 9.249097 -1.844131
v -2.093430 9.246142 -1.849645
v -2.099083 9.239743 -1.853954
v -2.102176 9.231006 -1.856312
v -2.102177 9.221442 -1.856312
v -2.099083 9.212705 -1.853954
v -2.093430 9.206306 -1.849646
v -2.086195 9.203349 -1.844131
v -2.078630 9.204349 -1.838366
v -2.072043 9.209130 -1.833344
v -2.067573 9.216868 -1.829937
v -2.065990 9.226224 -1.828731
v 0.040194 9.303396 -7.763563
v 0.035072 9.311134 -7.761245
v 0.027526 9.315916 -7.757831
v 0.018861 9.316916 -7.753909
v 0.010574 9.313960 -7.750158
v 0.004099 9.307561 -7.747228
v 0.000555 9.298823 -7.745625
v 0.000555 9.289260 -7.745625
v 0.004099 9.280522 -7.747228
v 0.010574 9.274123 -7.750158
v 0.018861 9.271168 -7.753909
v 0.027526 9.272167 -7.757831
v 0.035072 9.276949 -7.761245
v 0.040194 9.284687 -7.763563
v 0.042005 9.294042 -7.764383
v 2.957527 9.303396 -1.808413
v 2.952406 9.311134 -1.806095
v 2.944860 9.315916 -1.802680
v 2.936194 9.316916 -1.798759
v 2.927907 9.313960 -1.795008
v 2.921432 9.307561 -1.792078
v 2.917888 9.298823 -1.790474
v 2.917888 9.289260 -1.790474
v 2.921432 9.280522 -1.792078
v 2.927907 9.274123 -1.795008
v 2.936194 9.271168 -1.798759
v 2.944860 9.272167 -1.802680
v 2.952406 9.276949 -1.806095
v 2.957527 9.284687 -1.808413
v 2.959339 9.294042 -1.809232
v 3.000223 9.235578 -7.732367
v 2.995752 9.243315 -7.735774
v 2.989165 9.248097 -7.740795
v 2.981600 9.249097 -7.746561
v 2.974365 9.246141 -7.752074
v 2.968712 9.239742 -7.756382
v 2.965619 9.231005 -7.758740
v 2.965620 9.221441 -7.758741
v 2.968714 9.212704 -7.756383
v 2.974366 9.206305 -7.752074
v 2.981599 9.203349 -7.746560
v 2.989165 9.204349 -7.740795
v 2.995753 9.209130 -7.735775
v 3.000224 9.216867 -7.732367
v 3.001805 9.226223 -7.731161
v 0.077172 9.235578 -1.829937
v 0.072701 9.243316 -1.833344
v 0.066113 9.248097 -1.838365
v 0.058548 9.249097 -1.844130
v 0.051314 9.246142 -1.849645
v 0.045661 9.239743 -1.853954
v 0.042568 9.231006 -1.856312
v 0.042567 9.221442 -1.856312
v 0.045661 9.212705 -1.853954
v 0.051314 9.206306 -1.849645
v 0.058549 9.203349 -1.844131
v 0.066113 9.204349 -1.838365
v 0.072701 9.209130 -1.833344
v 0.077171 9.216868 -1.829937
v 0.078755 9.226224 -1.828732
v 3.118754 9.303396 -7.776185
v 3.113632 9.311134 -7.773868
v 3.106086 9.315916 -7.770452
v 3.097421 9.316916 -7.766531
v 3.089134 9.313960 -7.762781
v 3.082659 9.307561 -7.759851
v 3.079115 9.298823 -7.758246
v 3.079115 9.289260 -7.758246
v 3.082659 9.280522 -7.759851
v 3.089134 9.274123 -7.762781
v 3.097421 9.271168 -7.766531
v 3.106086 9.272167 -7.770452
v 3.113632 9.276949 -7.773868
v 3.118754 9.284687 -7.776185
v 3.120565 9.294042 -7.777005
v 5.359223 9.303396 -1.808413
v 5.354101 9.311134 -1.806095
v 5.346556 9.315916 -1.802680
v 5.337890 9.316916 -1.798759
v 5.329603 9.313960 -1.795008
v 5.323128 9.307561 -1.792078
v 5.319584 9.298823 -1.790474
v 5.319584 9.289260 -1.790474
v 5.323128 9.280522 -1.792078
v 5.329603 9.274123 -1.795008
v 5.337890 9.271168 -1.798759
v 5.346556 9.272167 -1.802680
v 5.354101 9.276949 -1.806095
v 5.359223 9.284687 -1.808413
v 5.361034 9.294042 -1.809232
v 5.166087 9.235578 -7.744674
v 5.161618 9.243315 -7.748078
v 5.155030 9.248097 -7.753099
v 5.147466 9.249097 -7.758864
v 5.140231 9.246141 -7.764379
v 5.134579 9.239742 -7.768687
v 5.131485 9.231005 -7.771044
v 5.131485 9.221441 -7.771044
v 5.134579 9.212704 -7.768687
v 5.140232 9.206305 -7.764378
v 5.147466 9.203349 -7.758864
v 5.155031 9.204349 -7.753098
v 5.161618 9.209130 -7.748079
v 5.166087 9.216867 -7.744675
v 5.167667 9.226223 -7.743470
v 3.086518 9.235578 -1.829938
v 3.082047 9.243316 -1.833344
v 3.075459 9.248097 -1.838365
v 3.067894 9.249097 -1.844130
v 3.060660 9.246142 -1.849645
v 3.055007 9.239743 -1.853953
v 3.051914 9.231006 -1.856313
v 3.051913 9.221442 -1.856312
v 3.055006 9.212705 -1.853953
v 3.060659 9.206306 -1.849645
v 3.067894 9.203349 -1.844131
v 3.075459 9.204349 -1.838365
v 3.082046 9.209130 -1.833344
v 3.086516 9.216868 -1.829937
v 3.088100 9.226224 -1.828732
v 5.335519 9.303396 -7.751362
v 5.330397 9.311134 -7.749044
v 5.322851 9.315916 -7.745629
v 5.314186 9.316916 -7.741708
v 5.305899 9.313960 -7.737957
v 5.299424 9.307561 -7.735027
v 5.295880 9.298823 -7.733423
v 5.295880 9.289260 -7.733423
v 5.299424 9.280522 -7.735027
v 5.305899 9.274123 -7.737957
v 5.314186 9.271168 -7.741708
v 5.322851 9.272167 -7.745629
v 5.330397 9.276949 -7.749044
v 5.335519 9.284687 -7.751362
v 5.337330 9.294042 -7.752182
v 7.810063 9.303396 -1.808413
v 7.804942 9.311134 -1.806095
v 7.797396 9.315916 -1.802680
v 7.788731 9.316916 -1.798759
v 7.780444 9.313960 -1.795008
v 7.773968 9.307561 -1.792078
v 7.770424 9.298823 -1.790474
v 7.770424 9.289260 -1.790474
v 7.773968 9.280522 -1.792078
v 7.780444 9.274123 -1.795008
v 7.788731 9.271168 -1.798759
v 7.797396 9.272167 -1.802680
v 7.804942 9.276949 -1.806095
v 7.810063 9.284687 -1.808413
v 7.811875 9.294042 -1.809232
v 7.800724 9.235578 -7.766734
v 7.796253 9.243315 -7.770142
v 7.789666 9.248097 -7.775163
v 7.782101 9.249097 -7.780928
v 7.774866 9.246141 -7.786442
v 7.769214 9.239742 -7.790750
v 7.766120 9.231005 -7.793108
v 7.766120 9.221441 -7.793108
v 7.769214 9.212704 -7.790751
v 7.774867 9.206305 -7.786442
v 7.782101 9.203349 -7.780929
v 7.789666 9.204349 -7.775163
v 7.796253 9.209130 -7.770143
v 7.800724 9.216867 -7.766734
v 7.802306 9.226223 -7.765529
v 5.454518 9.235578 -1.829938
v 5.450046 9.243316 -1.833344
v 5.443459 9.248097 -1.838365
v 5.435894 9.249097 -1.844130
v 5.428659 9.246142 -1.849645
v 5.423006 9.239743 -1.853953
v 5.419914 9.231006 -1.856312
v 5.419913 9.221442 -1.856312
v 5.423006 9.212705 -1.853953
v 5.428659 9.206306 -1.849645
v 5.435894 9.203349 -1.844131
v 5.443459 9.204349 -1.838365
v 5.450046 9.209130 -1.833344
v 5.454516 9.216868 -1.829937
v 5.456100 9.226224 -1.828731
v 7.867990 9.303396 -7.759762
v 7.862868 9.311134 -7.757444
v 7.855322 9.315916 -7.754029
v 7.846656 9.316916 -7.750108
v 7.838369 9.313960 -7.746358
v 7.831894 9.307561 -7.743427
v 7.828351 9.298823 -7.741824
v 7.828351 9.289260 -7.741824
v 7.831894 9.280522 -7.743427
v 7.838369 9.274123 -7.746358
v 7.846656 9.271168 -7.750108
v 7.855322 9.272167 -7.754029
v 7.862868 9.276949 -7.757444
v 7.867990 9.284687 -7.759762
v 7.869801 9.294042 -7.760582
v 10.342437 9.303396 -1.808413
v 10.337315 9.311134 -1.806095
v 10.329769 9.315916 -1.802680
v 10.321104 9.316916 -1.798759
v 10.312817 9.313960 -1.795008
v 10.306342 9.307561 -1.792078
v 10.302798 9.298823 -1.790474
v 10.302798 9.289260 -1.790474
v 10.306342 9.280522 -1.792078
v 10.312817 9.274123 -1.795008
v 10.321104 9.271168 -1.798759
v 10.329769 9.272167 -1.802680
v 10.337315 9.276949 -1.806095
v 10.342437 9.284687 -1.808413
v 10.344248 9.294042 -1.809233
v 10.343329 9.235578 -7.265178
v 10.338858 9.243315 -7.268586
v 10.332272 9.248097 -7.273607
v 10.324706 9.249097 -7.279373
v 10.317472 9.246141 -7.284887
v 10.311819 9.239742 -7.289195
v 10.308725 9.231005 -7.291553
v 10.308725 9.221441 -7.291553
v 10.311819 9.212704 -7.289195
v 10.317472 9.206305 -7.284886
v 10.324707 9.203349 -7.279373
v 10.332272 9.204349 -7.273607
v 10.338859 9.209130 -7.268587
v 10.343329 9.216867 -7.265178
v 10.344911 9.226223 -7.263973
v 7.895579 9.235578 -1.829937
v 7.891108 9.243316 -1.833344
v 7.884521 9.248097 -1.838364
v 7.876955 9.249097 -1.844130
v 7.869721 9.246142 -1.849645
v 7.864068 9.239743 -1.853953
v 7.860975 9.231006 -1.856312
v 7.860974 9.221442 -1.856312
v 7.864068 9.212705 -1.853954
v 7.869721 9.206306 -1.849645
v 7.876956 9.203349 -1.844131
v 7.884521 9.204349 -1.838365
v 7.891108 9.209130 -1.833344
v 7.895578 9.216868 -1.829937
v 7.897161 9.226224 -1.828731
v 10.395481 9.303396 -7.764771
v 10.390359 9.311134 -7.762453
v 10.382813 9.315916 -7.759038
v 10.374147 9.316916 -7.755116
v 10.365861 9.313960 -7.751367
v 10.359386 9.307561 -7.748436
v 10.355842 9.298823 -7.746832
v 10.355842 9.289260 -7.746832
v 10.359386 9.280522 -7.748436
v 10.365861 9.274123 -7.751367
v 10.374147 9.271168 -7.755116
v 10.382813 9.272167 -7.759038
v 10.390359 9.276949 -7.762453
v 10.395481 9.284687 -7.764771
v 10.397292 9.294042 -7.765591
v 13.085075 9.303396 -1.808413
v 13.079954 9.311134 -1.806095
v 13.072408 9.315916 -1.802680
v 13.063743 9.316916 -1.798758
v 13.055456 9.313960 -1.795008
v 13.048981 9.307561 -1.792078
v 13.045437 9.298823 -1.790474
v 13.045437 9.289260 -1.790474
v 13.048981 9.280522 -1.792078
v 13.055456 9.274123 -1.795008
v 13.063743 9.271168 -1.798758
v 13.072408 9.272167 -1.802680
v 13.079954 9.276949 -1.806095
v 13.085075 9.284687 -1.808413
v 13.086887 9.294042 -1.809232
v 13.134933 9.235578 -7.830751
v 13.130463 9.243315 -7.834160
v 13.123875 9.248097 -7.839180
v 13.116310 9.249097 -7.844945
v 13.109076 9.246141 -7.850460
v 13.103423 9.239742 -7.854768
v 13.100330 9.231005 -7.857125
v 13.100330 9.221441 -7.857125
v 13.103423 9.212704 -7.854769
v 13.109076 9.206305 -7.850459
v 13.116310 9.203349 -7.844945
v 13.123877 9.204349 -7.839180
v 13.130463 9.209130 -7.834160
v 13.134933 9.216867 -7.830752
v 13.136516 9.226223 -7.829546
v 10.416902 9.235578 -1.829937
v 10.412430 9.243316 -1.833344
v 10.405842 9.248097 -1.838364
v 10.398277 9.249097 -1.844130
v 10.391043 9.246142 -1.849645
v 10.385390 9.239743 -1.853953
v 10.382298 9.231006 -1.856312
v 10.382298 9.221442 -1.856312
v 10.385390 9.212705 -1.853953
v 10.391043 9.206306 -1.849645
v 10.398278 9.203349 -1.844131
v 10.405844 9.204349 -1.838365
v 10.412430 9.209130 -1.833344
v 10.416901 9.216868 -1.829937
v 10.418484 9.226224 -1.828731
v 12.818510 8.906819 -1.933551
v 12.818510 8.909188 -1.935950
v 12.816142 8.909188 -1.933551
v 12.905996 8.909188 -1.933551
v 12.903628 8.909188 -1.935950
v 12.903628 8.906819 -1.933551
v 12.816142 8.994306 -1.933551
v 12.818510 8.994306 -1.935950
v 12.818510 8.996675 -1.933551
v 12.903628 8.996675 -1.933551
v 12.903628 8.994306 -1.935950
v 12.905996 8.994306 -1.933551
v 12.816142 8.994306 -1.927950
v 12.818510 8.996675 -1.927950
v 12.903628 8.996675 -1.927950
v 12.905996 8.994306 -1.927950
v 12.818510 8.906819 -1.927950
v 12.816142 8.909188 -1.927950
v 12.905996 8.909188 -1.927950
v 12.903628 8.906819 -1.927950
v 12.957109 9.252406 -1.936759
v 12.957109 9.254775 -1.939158
v 12.954741 9.254775 -1.936759
v 13.044596 9.254775 -1.936759
v 13.042228 9.254775 -1.939158
v 13.042228 9.252406 -1.936759
v 12.954741 9.339892 -1.936759
v 12.957109 9.339892 -1.939158
v 12.957109 9.342261 -1.936759
v 13.042228 9.342261 -1.936759
v 13.042228 9.339892 -1.939158
v 13.044596 9.339892 -1.936759
v 12.954741 9.339892 -1.931158
v 12.957109 9.342261 -1.931158
v 13.042228 9.342261 -1.931158
v 13.044596 9.339892 -1.931158
v 12.957109 9.252406 -1.931158
v 12.954741 9.254775 -1.931158
v 13.044596 9.254775 -1.931158
v 13.042228 9.252406 -1.931158
v 10.397122 9.183940 -1.936759
v 10.397122 9.186309 -1.939158
v 10.394754 9.186309 -1.936759
v 10.484609 9.186309 -1.936759
v 10.482241 9.186309 -1.939158
v 10.482241 9.183940 -1.936759
v 10.394754 9.271426 -1.936759
v 10.397122 9.271426 -1.939158
v 10.397122 9.273795 -1.936759
v 10.482241 9.273795 -1.936759
v 10.482241 9.271426 -1.939158
v 10.484609 9.271426 -1.936759
v 10.394754 9.271426 -1.931158
v 10.397122 9.273795 -1.931158
v 10.482241 9.273795 -1.931158
v 10.484609 9.271426 -1.931158
v 10.397122 9.183940 -1.931158
v 10.394754 9.186309 -1.931158
v 10.484609 9.186309 -1.931158
v 10.482241 9.183940 -1.931158
v 10.223141 9.251676 -1.936759
v 10.223141 9.254045 -1.939158
v 10.220773 9.254045 -1.936759
v 10.310627 9.254045 -1.936759
v 10.308259 9.254045 -1.939158
v 10.308259 9.251676 -1.936759
v 10.220773 9.339162 -1.936759
v 10.223141 9.339162 -1.939158
v 10.223141 9.341531 -1.936759
v 10.308259 9.341531 -1.936759
v 10.308259 9.339162 -1.939158
v 10.310627 9.339162 -1.936759
v 10.220773 9.339162 -1.931158
v 10.223141 9.341531 -1.931158
v 10.308259 9.341531 -1.931158
v 10.310627 9.339162 -1.931158
v 10.223141 9.251676 -1.931158
v 10.220773 9.254045 -1.931158
v 10.310627 9.254045 -1.931158
v 10.308259 9.251676 -1.931158
v 7.874634 9.184072 -1.936759
v 7.874634 9.186440 -1.939158
v 7.872266 9.186440 -1.936759
v 7.962121 9.186440 -1.936759
v 7.959753 9.186440 -1.939158
v 7.959753 9.184072 -1.936759
v 7.872266 9.271558 -1.936759
v 7.874634 9.271558 -1.939158
v 7.874634 9.273927 -1.936759
v 7.959753 9.273927 -1.936759
v 7.959753 9.271558 -1.939158
v 7.962121 9.271558 -1.936759
v 7.872266 9.271558 -1.931158
v 7.874634 9.273927 -1.931158
v 7.959753 9.273927 -1.931158
v 7.962121 9.271558 -1.931158
v 7.874634 9.184072 -1.931158
v 7.872266 9.186440 -1.931158
v 7.962121 9.186440 -1.931158
v 7.959753 9.184072 -1.931158
v 7.689432 9.249904 -1.936759
v 7.689432 9.252273 -1.939158
v 7.687064 9.252273 -1.936759
v 7.776918 9.252273 -1.936759
v 7.774551 9.252273 -1.939158
v 7.774551 9.249904 -1.936759
v 7.687064 9.337390 -1.936759
v 7.689432 9.337390 -1.939158
v 7.689432 9.339759 -1.936759
v 7.774551 9.339759 -1.936759
v 7.774551 9.337390 -1.939158
v 7.776918 9.337390 -1.936759
v 7.687064 9.337390 -1.931158
v 7.689432 9.339759 -1.931158
v 7.774551 9.339759 -1.931158
v 7.776918 9.337390 -1.931158
v 7.689432 9.249904 -1.931158
v 7.687064 9.252273 -1.931158
v 7.776918 9.252273 -1.931158
v 7.774551 9.249904 -1.931158
v 5.432147 9.185080 -1.936759
v 5.432147 9.187449 -1.939158
v 5.429779 9.187449 -1.936759
v 5.519633 9.187449 -1.936759
v 5.517266 9.187449 -1.939158
v 5.517266 9.185080 -1.936759
v 5.429779 9.272566 -1.936759
v 5.432147 9.272566 -1.939158
v 5.432147 9.274935 -1.936759
v 5.517266 9.274935 -1.936759
v 5.517266 9.272566 -1.939158
v 5.519633 9.272566 -1.936759
v 5.429779 9.272566 -1.931158
v 5.432147 9.274935 -1.931158
v 5.517266 9.274935 -1.931158
v 5.519633 9.272566 -1.931158
v 5.432147 9.185080 -1.931158
v 5.429779 9.187449 -1.931158
v 5.519633 9.187449 -1.931158
v 5.517266 9.185080 -1.931158
v 3.061154 9.183340 -1.936759
v 3.061154 9.185709 -1.939158
v 3.058786 9.185709 -1.936759
v 3.148641 9.185709 -1.936759
v 3.146273 9.185709 -1.939158
v 3.146273 9.183340 -1.936759
v 3.058786 9.270826 -1.936759
v 3.061154 9.270826 -1.939158
v 3.061154 9.273195 -1.936759
v 3.146273 9.273195 -1.936759
v 3.146273 9.270826 -1.939158
v 3.148641 9.270826 -1.936759
v 3.058786 9.270826 -1.931158
v 3.061154 9.273195 -1.931158
v 3.146273 9.273195 -1.931158
v 3.148641 9.270826 -1.931158
v 3.061154 9.183340 -1.931158
v 3.058786 9.185709 -1.931158
v 3.148641 9.185709 -1.931158
v 3.146273 9.183340 -1.931158
v 2.823920 9.249520 -1.936759
v 2.823920 9.251889 -1.939158
v 2.821553 9.251889 -1.936759
v 2.911407 9.251889 -1.936759
v 2.909039 9.251889 -1.939158
v 2.909039 9.249520 -1.936759
v 2.821553 9.337007 -1.936759
v 2.823920 9.337007 -1.939158
v 2.823920 9.339375 -1.936759
v 2.909039 9.339375 -1.936759
v 2.909039 9.337007 -1.939158
v 2.911407 9.337007 -1.936759
v 2.821553 9.337007 -1.931158
v 2.823920 9.339375 -1.931158
v 2.909039 9.339375 -1.931158
v 2.911407 9.337007 -1.931158
v 2.823920 9.249520 -1.931158
v 2.821553 9.251889 -1.931158
v 2.911407 9.251889 -1.931158
v 2.909039 9.249520 -1.931158
v 0.067158 9.183923 -1.936759
v 0.067158 9.186292 -1.939158
v 0.064791 9.186292 -1.936759
v 0.154645 9.186292 -1.936759
v 0.152277 9.186292 -1.939158
v 0.152277 9.183923 -1.936759
v 0.064791 9.271409 -1.936759
v 0.067158 9.271409 -1.939158
v 0.067158 9.273778 -1.936759
v 0.152277 9.273778 -1.936759
v 0.152277 9.271409 -1.939158
v 0.154645 9.271409 -1.936759
v 0.064791 9.271409 -1.931158
v 0.067158 9.273778 -1.931158
v 0.152277 9.273778 -1.931158
v 0.154645 9.271409 -1.931158
v 0.067158 9.183923 -1.931158
v 0.064791 9.186292 -1.931158
v 0.154645 9.186292 -1.931158
v 0.152277 9.183923 -1.931158
v -0.292675 9.252047 -1.936759
v -0.292675 9.254416 -1.939158
v -0.295043 9.254416 -1.936759
v -0.205189 9.254416 -1.936759
v -0.207557 9.254416 -1.939158
v -0.207557 9.252047 -1.936759
v -0.295043 9.339533 -1.936759
v -0.292675 9.339533 -1.939158
v -0.292675 9.341902 -1.936759
v -0.207557 9.341902 -1.936759
v -0.207557 9.339533 -1.939158
v -0.205189 9.339533 -1.936759
v -0.295043 9.339533 -1.931158
v -0.292675 9.341902 -1.931158
v -0.207557 9.341902 -1.931158
v -0.205189 9.339533 -1.931158
v -0.292675 9.252047 -1.931158
v -0.295043 9.254416 -1.931158
v -0.205189 9.254416 -1.931158
v -0.207557 9.252047 -1.931158
v -2.092566 9.183096 -1.936759
v -2.092566 9.185465 -1.939158
v -2.094934 9.185465 -1.936759
v -2.005080 9.185465 -1.936759
v -2.007448 9.185465 -1.939158
v -2.007448 9.183096 -1.936759
v -2.094934 9.270582 -1.936759
v -2.092566 9.270582 -1.939158
v -2.092566 9.272951 -1.936759
v -2.007448 9.272951 -1.936759
v -2.007448 9.270582 -1.939158
v -2.005080 9.270582 -1.936759
v -2.094934 9.270582 -1.931158
v -2.092566 9.272951 -1.931158
v -2.007448 9.272951 -1.931158
v -2.005080 9.270582 -1.931158
v -2.092566 9.183096 -1.931158
v -2.094934 9.185465 -1.931158
v -2.005080 9.185465 -1.931158
v -2.007448 9.183096 -1.931158
v -5.684583 9.184932 -1.936759
v -5.684583 9.187301 -1.939158
v -5.686951 9.187301 -1.936759
v -5.597097 9.187301 -1.936759
v -5.599464 9.187301 -1.939158
v -5.599464 9.184932 -1.936759
v -5.686951 9.272418 -1.936759
v -5.684583 9.272418 -1.939158
v -5.684583 9.274787 -1.936759
v -5.599464 9.274787 -1.936759
v -5.599464 9.272418 -1.939158
v -5.597097 9.272418 -1.936759
v -5.686951 9.272418 -1.931158
v -5.684583 9.274787 -1.931158
v -5.599464 9.274787 -1.931158
v -5.597097 9.272418 -1.931158
v -5.684583 9.184932 -1.931158
v -5.686951 9.187301 -1.931158
v -5.597097 9.187301 -1.931158
v -5.599464 9.184932 -1.931158
v -2.716235 9.252278 -1.936759
v -2.716235 9.254647 -1.939158
v -2.718603 9.254647 -1.936759
v -2.628749 9.254647 -1.936759
v -2.631117 9.254647 -1.939158
v -2.631117 9.252278 -1.936759
v -2.718603 9.339765 -1.936759
v -2.716235 9.339765 -1.939158
v -2.716235 9.342134 -1.936759
v -2.631117 9.342134 -1.936759
v -2.631117 9.339765 -1.939158
v -2.628749 9.339765 -1.936759
v -2.718603 9.339765 -1.931158
v -2.716235 9.342134 -1.931158
v -2.631117 9.342134 -1.931158
v -2.628749 9.339765 -1.931158
v -2.716235 9.252278 -1.931158
v -2.718603 9.254647 -1.931158
v -2.628749 9.254647 -1.931158
v -2.631117 9.252278 -1.931158
v 13.018789 9.184841 -7.714139
v 13.018789 9.187210 -7.711771
v 13.016421 9.187210 -7.714139
v 13.106276 9.187210 -7.714139
v 13.103908 9.187210 -7.711771
v 13.103908 9.184841 -7.714139
v 13.016421 9.272327 -7.714139
v 13.018789 9.272327 -7.711771
v 13.018789 9.274696 -7.714139
v 13.103908 9.274696 -7.714139
v 13.103908 9.272327 -7.711771
v 13.106276 9.272327 -7.714139
v 13.016421 9.272327 -7.719668
v 13.018789 9.274696 -7.719668
v 13.103908 9.274696 -7.719668
v 13.106276 9.272327 -7.719668
v 13.018789 9.184841 -7.719668
v 13.016421 9.187210 -7.719668
v 13.106276 9.187210 -7.719668
v 13.103908 9.184841 -7.719668
v 10.351038 9.252208 -7.715050
v 10.351038 9.254577 -7.712681
v 10.348670 9.254577 -7.715050
v 10.438524 9.254577 -7.715050
v 10.436156 9.254577 -7.712681
v 10.436156 9.252208 -7.715050
v 10.348670 9.339694 -7.715050
v 10.351038 9.339694 -7.712681
v 10.351038 9.342063 -7.715050
v 10.436156 9.342063 -7.715050
v 10.436156 9.339694 -7.712681
v 10.438524 9.339694 -7.715050
v 10.348670 9.339694 -7.720578
v 10.351038 9.342063 -7.720578
v 10.436156 9.342063 -7.720578
v 10.438524 9.339694 -7.720578
v 10.351038 9.252208 -7.720578
v 10.348670 9.254577 -7.720578
v 10.438524 9.254577 -7.720578
v 10.436156 9.252208 -7.720578
v 10.208331 9.187119 -7.108333
v 10.208331 9.189487 -7.105964
v 10.205963 9.189487 -7.108333
v 10.295817 9.189487 -7.108333
v 10.293449 9.189487 -7.105964
v 10.293449 9.187119 -7.108333
v 10.205963 9.274605 -7.108333
v 10.208331 9.274605 -7.105964
v 10.208331 9.276974 -7.108333
v 10.293449 9.276974 -7.108333
v 10.293449 9.274605 -7.105964
v 10.295817 9.274605 -7.108333
v 10.205963 9.274605 -7.113861
v 10.208331 9.276974 -7.113861
v 10.293449 9.276974 -7.113861
v 10.295817 9.274605 -7.113861
v 10.208331 9.187119 -7.113861
v 10.205963 9.189487 -7.113861
v 10.295817 9.189487 -7.113861
v 10.293449 9.187119 -7.113861
v 7.823021 9.246991 -7.713938
v 7.823021 9.249360 -7.711569
v 7.820653 9.249360 -7.713938
v 7.910508 9.249360 -7.713938
v 7.908140 9.249360 -7.711569
v 7.908140 9.246991 -7.713938
v 7.820653 9.334477 -7.713938
v 7.823021 9.334477 -7.711569
v 7.823021 9.336846 -7.713938
v 7.908140 9.336846 -7.713938
v 7.908140 9.334477 -7.711569
v 7.910508 9.334477 -7.713938
v 7.820653 9.334477 -7.719466
v 7.823021 9.336846 -7.719466
v 7.908140 9.336846 -7.719466
v 7.910508 9.334477 -7.719466
v 7.823021 9.246991 -7.719466
v 7.820653 9.249360 -7.719466
v 7.910508 9.249360 -7.719466
v 7.908140 9.246991 -7.719466
v 7.708183 9.180517 -7.714113
v 7.708183 9.182886 -7.711744
v 7.705815 9.182886 -7.714113
v 7.795670 9.182886 -7.714113
v 7.793302 9.182886 -7.711744
v 7.793302 9.180517 -7.714113
v 7.705815 9.268003 -7.714113
v 7.708183 9.268003 -7.711744
v 7.708183 9.270372 -7.714113
v 7.793302 9.270372 -7.714113
v 7.793302 9.268003 -7.711744
v 7.795670 9.268003 -7.714113
v 7.705815 9.268003 -7.719642
v 7.708183 9.270372 -7.719642
v 7.793302 9.270372 -7.719642
v 7.795670 9.268003 -7.719642
v 7.708183 9.180517 -7.719642
v 7.705815 9.182886 -7.719642
v 7.795670 9.182886 -7.719642
v 7.793302 9.180517 -7.719642
v 2.927288 9.183578 -7.714055
v 2.927288 9.185946 -7.711686
v 2.924920 9.185946 -7.714055
v 3.014775 9.185946 -7.714055
v 3.012407 9.185946 -7.711686
v 3.012407 9.183578 -7.714055
v 2.924920 9.271064 -7.714055
v 2.927288 9.271064 -7.711686
v 2.927288 9.273433 -7.714055
v 3.012407 9.273433 -7.714055
v 3.012407 9.271064 -7.711686
v 3.014775 9.271064 -7.714055
v 2.924920 9.271064 -7.719583
v 2.927288 9.273433 -7.719583
v 3.012407 9.273433 -7.719583
v 3.014775 9.271064 -7.719583
v 2.927288 9.183578 -7.719583
v 2.924920 9.185946 -7.719583
v 3.014775 9.185946 -7.719583
v 3.012407 9.183578 -7.719583
v 5.086505 9.182955 -7.713572
v 5.086505 9.185324 -7.711203
v 5.084137 9.185324 -7.713572
v 5.173992 9.185324 -7.713572
v 5.171624 9.185324 -7.711203
v 5.171624 9.182955 -7.713572
v 5.084137 9.270441 -7.713572
v 5.086505 9.270441 -7.711203
v 5.086505 9.272810 -7.713572
v 5.171624 9.272810 -7.713572
v 5.171624 9.270441 -7.711203
v 5.173992 9.270441 -7.713572
v 5.084137 9.270441 -7.719100
v 5.086505 9.272810 -7.719100
v 5.171624 9.272810 -7.719100
v 5.173992 9.270441 -7.719100
v 5.086505 9.182955 -7.719100
v 5.084137 9.185324 -7.719100
v 5.173992 9.185324 -7.719100
v 5.171624 9.182955 -7.719100
v 5.287867 9.249845 -7.713964
v 5.287867 9.252213 -7.711595
v 5.285499 9.252213 -7.713964
v 5.375353 9.252213 -7.713964
v 5.372985 9.252213 -7.711595
v 5.372985 9.249845 -7.713964
v 5.285499 9.337331 -7.713964
v 5.287867 9.337331 -7.711595
v 5.287867 9.339700 -7.713964
v 5.372985 9.339700 -7.713964
v 5.372985 9.337331 -7.711595
v 5.375353 9.337331 -7.713964
v 5.285499 9.337331 -7.719492
v 5.287867 9.339700 -7.719492
v 5.372985 9.339700 -7.719492
v 5.375353 9.337331 -7.719492
v 5.287867 9.249845 -7.719492
v 5.285499 9.252213 -7.719492
v 5.375353 9.252213 -7.719492
v 5.372985 9.249845 -7.719492
v 3.078588 9.249845 -7.710648
v 3.078588 9.252213 -7.708279
v 3.076220 9.252213 -7.710648
v 3.166075 9.252213 -7.710648
v 3.163707 9.252213 -7.708279
v 3.163707 9.249845 -7.710648
v 3.076220 9.337331 -7.710648
v 3.078588 9.337331 -7.708279
v 3.078588 9.339700 -7.710648
v 3.163707 9.339700 -7.710648
v 3.163707 9.337331 -7.708279
v 3.166075 9.337331 -7.710648
v 3.076220 9.337331 -7.716177
v 3.078588 9.339700 -7.716177
v 3.163707 9.339700 -7.716177
v 3.166075 9.337331 -7.716177
v 3.078588 9.249845 -7.716177
v 3.076220 9.252213 -7.716177
v 3.166075 9.252213 -7.716177
v 3.163707 9.249845 -7.716177
v -0.000062 9.249845 -7.713334
v -0.000062 9.252213 -7.710965
v -0.002430 9.252213 -7.713334
v 0.087424 9.252213 -7.713334
v 0.085056 9.252213 -7.710965
v 0.085056 9.249845 -7.713334
v -0.002430 9.337331 -7.713334
v -0.000062 9.337331 -7.710965
v -0.000062 9.339700 -7.713334
v 0.085056 9.339700 -7.713334
v 0.085056 9.337331 -7.710965
v 0.087424 9.337331 -7.713334
v -0.002430 9.337331 -7.718863
v -0.000062 9.339700 -7.718863
v 0.085056 9.339700 -7.718863
v 0.087424 9.337331 -7.718863
v -0.000062 9.249845 -7.718863
v -0.002430 9.252213 -7.718863
v 0.087424 9.252213 -7.718863
v 0.085056 9.249845 -7.718863
v -0.253943 9.184444 -7.714029
v -0.253943 9.186813 -7.711660
v -0.256311 9.186813 -7.714029
v -0.166457 9.186813 -7.714029
v -0.168825 9.186813 -7.711660
v -0.168825 9.184444 -7.714029
v -0.256311 9.271931 -7.714029
v -0.253943 9.271931 -7.711660
v -0.253943 9.274300 -7.714029
v -0.168825 9.274300 -7.714029
v -0.168825 9.271931 -7.711660
v -0.166457 9.271931 -7.714029
v -0.256311 9.271931 -7.719558
v -0.253943 9.274300 -7.719558
v -0.168825 9.274300 -7.719558
v -0.166457 9.271931 -7.719558
v -0.253943 9.184444 -7.719558
v -0.256311 9.186813 -7.719558
v -0.166457 9.186813 -7.719558
v -0.168825 9.184444 -7.719558
v -2.212843 9.249092 -7.713507
v -2.212843 9.251461 -7.711138
v -2.215211 9.251461 -7.713507
v -2.125356 9.251461 -7.713507
v -2.127724 9.251461 -7.711138
v -2.127724 9.249092 -7.713507
v -2.215211 9.336578 -7.713507
v -2.212843 9.336578 -7.711138
v -2.212843 9.338947 -7.713507
v -2.127724 9.338947 -7.713507
v -2.127724 9.336578 -7.711138
v -2.125356 9.336578 -7.713507
v -2.215211 9.336578 -7.719035
v -2.212843 9.338947 -7.719035
v -2.127724 9.338947 -7.719035
v -2.125356 9.336578 -7.719035
v -2.212843 9.249092 -7.719035
v -2.215211 9.251461 -7.719035
v -2.125356 9.251461 -7.719035
v -2.127724 9.249092 -7.719035
v -2.610014 9.183509 -7.711492
v -2.610014 9.185878 -7.709123
v -2.612382 9.185878 -7.711492
v -2.522527 9.185878 -7.711492
v -2.524895 9.185878 -7.709123
v -2.524895 9.183509 -7.711492
v -2.612382 9.270995 -7.711492
v -2.610014 9.270995 -7.709123
v -2.610014 9.273364 -7.711492
v -2.524895 9.273364 -7.711492
v -2.524895 9.270995 -7.709123
v -2.522527 9.270995 -7.711492
v -2.612382 9.270995 -7.717021
v -2.610014 9.273364 -7.717021
v -2.524895 9.273364 -7.717021
v -2.522527 9.270995 -7.717021
v -2.610014 9.183509 -7.717021
v -2.612382 9.185878 -7.717021
v -2.522527 9.185878 -7.717021
v -2.524895 9.183509 -7.717021
v 2.721296 8.960841 -7.774781
v 2.718766 8.968579 -7.769761
v 2.715037 8.973361 -7.762365
v 2.710756 8.974360 -7.753871
v 2.706662 8.971405 -7.745749
v 2.703463 8.965006 -7.739403
v 2.701712 8.956268 -7.735929
v 2.701712 8.946705 -7.735929
v 2.703463 8.937967 -7.739403
v 2.706662 8.931568 -7.745749
v 2.710756 8.928613 -7.753871
v 2.715037 8.929612 -7.762365
v 2.718766 8.934394 -7.769761
v 2.721296 8.942132 -7.774781
v 2.722191 8.951487 -7.776557
v 12.990713 8.960841 -1.882578
v 12.988182 8.968579 -1.877558
v 12.984455 8.973361 -1.870162
v 12.980173 8.974360 -1.861668
v 12.976079 8.971405 -1.853546
v 12.972879 8.965006 -1.847199
v 12.971128 8.956268 -1.843726
v 12.971128 8.946705 -1.843726
v 12.972879 8.937967 -1.847199
v 12.976079 8.931568 -1.853546
v 12.980173 8.928613 -1.861668
v 12.984455 8.929612 -1.870162
v 12.988182 8.934394 -1.877558
v 12.990713 8.942132 -1.882578
v 12.991608 8.951487 -1.884354
v -5.814591 9.253327 -7.707709
v -5.814591 9.255696 -7.705340
v -5.816959 9.255696 -7.707709
v -5.727105 9.255696 -7.707709
v -5.729473 9.255696 -7.705340
v -5.729473 9.253327 -7.707709
v -5.816959 9.340814 -7.707709
v -5.814591 9.340814 -7.705340
v -5.814591 9.343183 -7.707709
v -5.729473 9.343183 -7.707709
v -5.729473 9.340814 -7.705340
v -5.727105 9.340814 -7.707709
v -5.816959 9.340814 -7.713238
v -5.814591 9.343183 -7.713238
v -5.729473 9.343183 -7.713238
v -5.727105 9.340814 -7.713238
v -5.814591 9.253327 -7.713238
v -5.816959 9.255696 -7.713238
v -5.727105 9.255696 -7.713238
v -5.729473 9.253327 -7.713238
v 2.729387 8.913263 -7.714055
v 2.729387 8.915632 -7.711686
v 2.727019 8.915632 -7.714055
v 2.816874 8.915632 -7.714055
v 2.814506 8.915632 -7.711686
v 2.814506 8.913263 -7.714055
v 2.727019 9.000750 -7.714055
v 2.729387 9.000750 -7.711686
v 2.729387 9.003119 -7.714055
v 2.814506 9.003119 -7.714055
v 2.814506 9.000750 -7.711686
v 2.816874 9.000750 -7.714055
v 2.727019 9.000750 -7.719583
v 2.729387 9.003119 -7.719583
v 2.814506 9.003119 -7.719583
v 2.816874 9.000750 -7.719583
v 2.729387 8.913263 -7.719583
v 2.727019 8.915632 -7.719583
v 2.816874 8.915632 -7.719583
v 2.814506 8.913263 -7.719583
v 2.933628 8.856812 -1.936759
v 2.933628 8.859180 -1.939158
v 2.931260 8.859180 -1.936759
v 3.021114 8.859180 -1.936759
v 3.018746 8.859180 -1.939158
v 3.018746 8.856812 -1.936759
v 2.931260 8.944298 -1.936759
v 2.933628 8.944298 -1.939158
v 2.933628 8.946667 -1.936759
v 3.018746 8.946667 -1.936759
v 3.018746 8.944298 -1.939158
v 3.021114 8.944298 -1.936759
v 2.931260 8.944298 -1.931158
v 2.933628 8.946667 -1.931158
v 3.018746 8.946667 -1.931158
v 3.021114 8.944298 -1.931158
v 2.933628 8.856812 -1.931158
v 2.931260 8.859180 -1.931158
v 3.021114 8.859180 -1.931158
v 3.018746 8.856812 -1.931158
v 12.841522 8.857061 -7.714139
v 12.841522 8.859430 -7.711771
v 12.839154 8.859430 -7.714139
v 12.929008 8.859430 -7.714139
v 12.926641 8.859430 -7.711771
v 12.926641 8.857061 -7.714139
v 12.839154 8.944548 -7.714139
v 12.841522 8.944548 -7.711771
v 12.841522 8.946917 -7.714139
v 12.926641 8.946917 -7.714139
v 12.926641 8.944548 -7.711771
v 12.929008 8.944548 -7.714139
v 12.839154 8.944548 -7.719668
v 12.841522 8.946917 -7.719668
v 12.926641 8.946917 -7.719668
v 12.929008 8.944548 -7.719668
v 12.841522 8.857061 -7.719668
v 12.839154 8.859430 -7.719668
v 12.929008 8.859430 -7.719668
v 12.926641 8.857061 -7.719668
v 2.514220 8.913263 -7.714055
v 2.514220 8.915632 -7.711686
v 2.511852 8.915632 -7.714055
v 2.601707 8.915632 -7.714055
v 2.599339 8.915632 -7.711686
v 2.599339 8.913263 -7.714055
v 2.511852 9.000750 -7.714055
v 2.514220 9.000750 -7.711686
v 2.514220 9.003119 -7.714055
v 2.599339 9.003119 -7.714055
v 2.599339 9.000750 -7.711686
v 2.601707 9.000750 -7.714055
v 2.511852 9.000750 -7.719583
v 2.514220 9.003119 -7.719583
v 2.599339 9.003119 -7.719583
v 2.601707 9.000750 -7.719583
v 2.514220 8.913263 -7.719583
v 2.511852 8.915632 -7.719583
v 2.601707 8.915632 -7.719583
v 2.599339 8.913263 -7.719583
v -5.777403 8.913826 -1.935061
v -5.777403 8.916195 -1.937461
v -5.779771 8.916195 -1.935061
v -5.689917 8.916195 -1.935061
v -5.692284 8.916195 -1.937461
v -5.692284 8.913826 -1.935061
v -5.779771 9.001312 -1.935061
v -5.777403 9.001312 -1.937461
v -5.777403 9.003681 -1.935061
v -5.692284 9.003681 -1.935061
v -5.692284 9.001312 -1.937461
v -5.689917 9.001312 -1.935061
v -5.779771 9.001312 -1.929461
v -5.777403 9.003681 -1.929461
v -5.692284 9.003681 -1.929461
v -5.689917 9.001312 -1.929461
v -5.777403 8.913826 -1.929461
v -5.779771 8.916195 -1.929461
v -5.689917 8.916195 -1.929461
v -5.692284 8.913826 -1.929461
vt 0.412496 0.991367
vt 0.412362 0.000344
vt 0.587502 0.991367
vt 0.633631 0.000241
vt 0.412496 0.249771
vt 0.587502 0.249771
vt 0.633633 0.249771
vt 0.133631 0.000241
vt 0.412496 0.491366
vt 0.587502 0.491366
vt 0.866366 0.249771
vt 0.866348 0.000241
vt 0.587502 0.758634
vt 0.412496 0.749771
vt 0.587502 0.749771
vt 0.587466 0.000344
vt 0.412496 0.258633
vt 0.587502 0.258633
vt 0.412362 0.500344
vt 0.587466 0.500344
vt 0.412496 0.758634
vt 0.366348 0.000241
vt 0.366367 0.249771
vt 0.133634 0.249771
vt 0.375000 0.994461
vt 0.369461 0.000000
vt 0.400199 0.000000
vt 0.400199 1.000000
vt 0.384862 0.000282
vt 0.630539 0.000000
vt 0.625000 0.994461
vt 0.615056 0.000282
vt 0.599801 1.000000
vt 0.599801 0.000000
vt 0.369461 0.250000
vt 0.375000 0.255539
vt 0.384927 0.249772
vt 0.411620 0.253919
vt 0.625000 0.255539
vt 0.630539 0.250000
vt 0.588379 0.253919
vt 0.615072 0.249772
vt 0.125000 0.249857
vt 0.375000 0.500143
vt 0.375000 0.494461
vt 0.130539 0.250000
vt 0.411558 0.496135
vt 0.625000 0.500143
vt 0.875000 0.249857
vt 0.588361 0.496135
vt 0.869461 0.250000
vt 0.625000 0.494461
vt 0.130539 0.000000
vt 0.375000 0.755539
vt 0.375000 0.749857
vt 0.125000 0.000143
vt 0.411620 0.753919
vt 0.625000 0.755539
vt 0.869461 0.000000
vt 0.588378 0.753919
vt 0.875000 0.000143
vt 0.625000 0.749857
vt 0.375000 1.000000
vt 0.375000 0.000000
vt 0.625000 0.000000
vt 0.625000 1.000000
vt 0.375000 0.250000
vt 0.625000 0.250000
vt 0.125000 0.250000
vt 0.375000 0.500000
vt 0.625000 0.500000
vt 0.875000 0.250000
vt 0.125000 0.000000
vt 0.375000 0.750000
vt 0.625000 0.750000
vt 0.875000 0.000000
vt 0.385476 0.962504
vt 0.375000 0.972881
vt 0.375000 0.777121
vt 0.385476 0.787495
vt 0.347881 0.000000
vt 0.337504 0.000393
vt 0.162495 0.000393
vt 0.152121 0.000000
vt 0.385476 0.000393
vt 0.381299 0.000000
vt 0.618701 0.000000
vt 0.614524 0.000393
vt 0.381299 1.000000
vt 0.614524 0.962504
vt 0.618701 1.000000
vt 0.357804 0.000577
vt 0.357804 0.249423
vt 0.337504 0.249606
vt 0.385476 0.249607
vt 0.662496 0.000393
vt 0.652119 0.000000
vt 0.847879 0.000000
vt 0.837505 0.000393
vt 0.625000 0.972881
vt 0.614524 0.787495
vt 0.625000 0.777121
vt 0.642196 0.000577
vt 0.642196 0.249423
vt 0.614524 0.249607
vt 0.662497 0.249606
vt 0.347881 0.250000
vt 0.152121 0.250000
vt 0.162495 0.249606
vt 0.375000 0.277119
vt 0.385476 0.287496
vt 0.385476 0.462505
vt 0.375000 0.472879
vt 0.385462 0.260737
vt 0.614538 0.260737
vt 0.614524 0.287496
vt 0.625000 0.277119
vt 0.625000 0.472879
vt 0.614524 0.462505
vt 0.652119 0.250000
vt 0.837505 0.249606
vt 0.847879 0.250000
vt 0.125000 0.247859
vt 0.125000 0.002141
vt 0.375000 0.502141
vt 0.385476 0.500393
vt 0.385476 0.749607
vt 0.375000 0.747859
vt 0.385462 0.489288
vt 0.614538 0.489288
vt 0.614524 0.500393
vt 0.625000 0.502141
vt 0.625000 0.747859
vt 0.614524 0.749607
vt 0.875000 0.247859
vt 0.875000 0.002141
vt 0.385462 0.760712
vt 0.614538 0.760712
vt 0.375000 0.000000
vt 0.375000 1.000000
vt 0.625000 1.000000
vt 0.625000 0.000000
vt 0.375000 0.250000
vt 0.625000 0.250000
vt 0.375000 0.500000
vt 0.125000 0.250000
vt 0.875000 0.250000
vt 0.625000 0.500000
vt 0.375000 0.750000
vt 0.125000 0.000000
vt 0.875000 0.000000
vt 0.625000 0.750000
vt 0.385476 0.962504
vt 0.375000 0.972881
vt 0.375000 0.777121
vt 0.385476 0.787495
vt 0.347881 0.000000
vt 0.337504 0.000393
vt 0.162495 0.000393
vt 0.152121 0.000000
vt 0.385476 0.000393
vt 0.381299 0.000000
vt 0.618701 0.000000
vt 0.614524 0.000393
vt 0.381299 1.000000
vt 0.614524 0.962504
vt 0.618701 1.000000
vt 0.357804 0.000577
vt 0.357804 0.249423
vt 0.337504 0.249606
vt 0.385476 0.249607
vt 0.662496 0.000393
vt 0.652119 0.000000
vt 0.847879 0.000000
vt 0.837505 0.000393
vt 0.625000 0.972881
vt 0.614524 0.787495
vt 0.625000 0.777121
vt 0.642196 0.000577
vt 0.642196 0.249423
vt 0.614524 0.249607
vt 0.662497 0.249606
vt 0.347881 0.250000
vt 0.152121 0.250000
vt 0.162495 0.249606
vt 0.375000 0.277119
vt 0.385476 0.287496
vt 0.385476 0.462505
vt 0.375000 0.472879
vt 0.385462 0.260737
vt 0.614538 0.260737
vt 0.614524 0.287496
vt 0.625000 0.277119
vt 0.625000 0.472879
vt 0.614524 0.462505
vt 0.652119 0.250000
vt 0.837505 0.249606
vt 0.847879 0.250000
vt 0.125000 0.247859
vt 0.125000 0.002141
vt 0.375000 0.502141
vt 0.385476 0.500393
vt 0.385476 0.749607
vt 0.375000 0.747859
vt 0.385462 0.489288
vt 0.614538 0.489288
vt 0.614524 0.500393
vt 0.625000 0.502141
vt 0.625000 0.747859
vt 0.614524 0.749607
vt 0.875000 0.247859
vt 0.875000 0.002141
vt 0.385462 0.760712
vt 0.614538 0.760712
vt 0.375000 0.000000
vt 0.375000 1.000000
vt 0.625000 1.000000
vt 0.625000 0.000000
vt 0.375000 0.250000
vt 0.625000 0.250000
vt 0.375000 0.500000
vt 0.125000 0.250000
vt 0.875000 0.250000
vt 0.625000 0.500000
vt 0.375000 0.750000
vt 0.125000 0.000000
vt 0.875000 0.000000
vt 0.625000 0.750000
vt 0.385476 0.962504
vt 0.375000 0.972881
vt 0.375000 0.777121
vt 0.385476 0.787495
vt 0.347881 0.000000
vt 0.337504 0.000393
vt 0.162495 0.000393
vt 0.152121 0.000000
vt 0.385476 0.000393
vt 0.381299 0.000000
vt 0.618701 0.000000
vt 0.614524 0.000393
vt 0.381299 1.000000
vt 0.614524 0.962504
vt 0.618701 1.000000
vt 0.357804 0.000577
vt 0.357804 0.249423
vt 0.337504 0.249606
vt 0.385476 0.249607
vt 0.662496 0.000393
vt 0.652119 0.000000
vt 0.847879 0.000000
vt 0.837505 0.000393
vt 0.625000 0.972881
vt 0.614524 0.787495
vt 0.625000 0.777121
vt 0.642196 0.000577
vt 0.642196 0.249423
vt 0.614524 0.249607
vt 0.662497 0.249606
vt 0.347881 0.250000
vt 0.152121 0.250000
vt 0.162495 0.249606
vt 0.375000 0.277119
vt 0.385476 0.287496
vt 0.385476 0.462505
vt 0.375000 0.472879
vt 0.385462 0.260737
vt 0.614538 0.260737
vt 0.614524 0.287496
vt 0.625000 0.277119
vt 0.625000 0.472879
vt 0.614524 0.462505
vt 0.652119 0.250000
vt 0.837505 0.249606
vt 0.847879 0.250000
vt 0.125000 0.247859
vt 0.125000 0.002141
vt 0.375000 0.502141
vt 0.385476 0.500393
vt 0.385476 0.749607
vt 0.375000 0.747859
vt 0.385462 0.489288
vt 0.614538 0.489288
vt 0.614524 0.500393
vt 0.625000 0.502141
vt 0.625000 0.747859
vt 0.614524 0.749607
vt 0.875000 0.247859
vt 0.875000 0.002141
vt 0.385462 0.760712
vt 0.614538 0.760712
vt 0.375000 0.000000
vt 0.375000 1.000000
vt 0.625000 1.000000
vt 0.625000 0.000000
vt 0.375000 0.250000
vt 0.625000 0.250000
vt 0.375000 0.500000
vt 0.125000 0.250000
vt 0.875000 0.250000
vt 0.625000 0.500000
vt 0.375000 0.750000
vt 0.125000 0.000000
vt 0.875000 0.000000
vt 0.625000 0.750000
vt 0.385476 0.962504
vt 0.375000 0.972881
vt 0.375000 0.777121
vt 0.385476 0.787495
vt 0.347881 0.000000
vt 0.337504 0.000393
vt 0.162495 0.000393
vt 0.152121 0.000000
vt 0.385476 0.000393
vt 0.381299 0.000000
vt 0.618701 0.000000
vt 0.614524 0.000393
vt 0.381299 1.000000
vt 0.614524 0.962504
vt 0.618701 1.000000
vt 0.357804 0.000577
vt 0.357804 0.249423
vt 0.337504 0.249606
vt 0.385476 0.249607
vt 0.662496 0.000393
vt 0.652119 0.000000
vt 0.847879 0.000000
vt 0.837505 0.000393
vt 0.625000 0.972881
vt 0.614524 0.787495
vt 0.625000 0.777121
vt 0.642196 0.000577
vt 0.642196 0.249423
vt 0.614524 0.249607
vt 0.662497 0.249606
vt 0.347881 0.250000
vt 0.152121 0.250000
vt 0.162495 0.249606
vt 0.375000 0.277119
vt 0.385476 0.287496
vt 0.385476 0.462505
vt 0.375000 0.472879
vt 0.385462 0.260737
vt 0.614538 0.260737
vt 0.614524 0.287496
vt 0.625000 0.277119
vt 0.625000 0.472879
vt 0.614524 0.462505
vt 0.652119 0.250000
vt 0.837505 0.249606
vt 0.847879 0.250000
vt 0.125000 0.247859
vt 0.125000 0.002141
vt 0.375000 0.502141
vt 0.385476 0.500393
vt 0.385476 0.749607
vt 0.375000 0.747859
vt 0.385462 0.489288
vt 0.614538 0.489288
vt 0.614524 0.500393
vt 0.625000 0.502141
vt 0.625000 0.747859
vt 0.614524 0.749607
vt 0.875000 0.247859
vt 0.875000 0.002141
vt 0.385462 0.760712
vt 0.614538 0.760712
vt 0.375000 0.000000
vt 0.375000 1.000000
vt 0.625000 1.000000
vt 0.625000 0.000000
vt 0.375000 0.250000
vt 0.625000 0.250000
vt 0.375000 0.500000
vt 0.125000 0.250000
vt 0.875000 0.250000
vt 0.625000 0.500000
vt 0.375000 0.750000
vt 0.125000 0.000000
vt 0.875000 0.000000
vt 0.625000 0.750000
vt 0.449991 0.500000
vt 0.449984 0.250000
vt 0.550003 0.250000
vt 0.550009 0.500000
vt 0.449991 1.000000
vt 0.449984 0.750000
vt 0.550003 0.750000
vt 0.550009 1.000000
vt 0.625000 0.014034
vt 0.875000 0.014034
vt 0.875000 0.235966
vt 0.625000 0.235966
vt 0.375000 0.235966
vt 0.375000 0.250000
vt 0.125000 0.250000
vt 0.125000 0.235966
vt 0.407399 0.250000
vt 0.407402 0.500000
vt 0.375000 0.500000
vt 0.592595 0.250000
vt 0.592598 0.500000
vt 0.625000 0.250000
vt 0.625000 0.500000
vt 0.875000 0.250000
vt 0.449563 0.998573
vt 0.407399 0.750000
vt 0.449238 0.997487
vt 0.375000 0.750000
vt 0.374429 0.014002
vt 0.375000 0.014034
vt 0.125000 0.014034
vt 0.125000 0.000000
vt 0.625571 0.014002
vt 0.875000 0.000000
vt 0.625000 0.001642
vt 0.592598 0.433011
vt 0.592595 0.750000
vt 0.625000 0.750000
vt -0.000000 -0.000000
vt -0.000000 -0.000000
vt 0.449991 -0.000000
vt 0.550009 -0.000000
vt 0.375000 0.735966
vt 0.375000 0.514034
vt 0.625000 0.514034
vt 0.625000 0.735966
vt 0.449991 0.500000
vt 0.449984 0.250000
vt 0.550003 0.250000
vt 0.550009 0.500000
vt 0.449991 1.000000
vt 0.449984 0.750000
vt 0.550003 0.750000
vt 0.550009 1.000000
vt 0.625000 0.014034
vt 0.875000 0.014034
vt 0.875000 0.235966
vt 0.625000 0.235966
vt 0.375000 0.235966
vt 0.375000 0.250000
vt 0.125000 0.250000
vt 0.125000 0.235966
vt 0.407399 0.250000
vt 0.407402 0.500000
vt 0.375000 0.500000
vt 0.592595 0.250000
vt 0.592598 0.500000
vt 0.625000 0.250000
vt 0.625000 0.500000
vt 0.875000 0.250000
vt 0.449563 0.998573
vt 0.407399 0.750000
vt 0.449238 0.997487
vt 0.375000 0.750000
vt 0.374429 0.014002
vt 0.375000 0.014034
vt 0.125000 0.014034
vt 0.125000 0.000000
vt 0.625571 0.014002
vt 0.875000 0.000000
vt 0.625000 0.001642
vt 0.592598 0.433011
vt 0.592595 0.750000
vt 0.625000 0.750000
vt -0.000000 -0.000000
vt -0.000000 -0.000000
vt 0.449991 -0.000000
vt 0.550009 -0.000000
vt 0.375000 0.735966
vt 0.375000 0.514034
vt 0.625000 0.514034
vt 0.625000 0.735966
vt 0.625000 0.750000
vt 0.625000 0.500000
vt 0.375000 0.500000
vt 0.375000 0.750000
vt 0.125000 0.250000
vt 0.375000 0.250000
vt 0.375000 0.000000
vt 0.125000 0.000000
vt 0.412496 0.970947
vt 0.375000 0.981292
vt 0.375000 0.768708
vt 0.412496 0.779053
vt 0.356292 0.000000
vt 0.345947 0.000675
vt 0.154053 0.000675
vt 0.143708 0.000000
vt 0.412490 0.000678
vt 0.406994 0.000000
vt 0.594352 0.000000
vt 0.593127 0.000678
vt 0.406994 1.000000
vt 0.590206 0.973041
vt 0.594352 1.000000
vt 0.651959 0.000618
vt 0.642123 0.000000
vt 0.857876 0.000000
vt 0.848040 0.000618
vt 0.625000 0.982877
vt 0.590206 0.776959
vt 0.625000 0.767124
vt 0.612528 0.000680
vt 0.625000 0.092741
vt 0.616416 0.093097
vt 0.654053 0.092741
vt 0.406327 0.752282
vt 0.594949 0.752443
vt 0.412496 0.749325
vt 0.593138 0.749325
vt 0.154053 0.250000
vt 0.125000 0.250000
vt 0.125000 0.092741
vt 0.154053 0.092741
vt 0.375000 0.500000
vt 0.383584 0.500000
vt 0.383584 0.657259
vt 0.375000 0.657259
vt 0.616416 0.500000
vt 0.625000 0.500000
vt 0.625000 0.657259
vt 0.616416 0.656903
vt 0.875000 0.250000
vt 0.845947 0.250000
vt 0.845947 0.092741
vt 0.875000 0.092741
vt 0.375000 0.279053
vt 0.375000 0.250000
vt 0.380076 0.257433
vt 0.375000 0.279053
vt 0.383584 0.250000
vt 0.383584 0.250000
vt 0.379261 0.278978
vt 0.379261 0.471022
vt 0.375000 0.470947
vt 0.383584 0.279053
vt 0.383584 0.470947
vt 0.383047 0.257002
vt 0.625000 0.250000
vt 0.625000 0.279053
vt 0.625000 0.250000
vt 0.383584 0.500000
vt 0.383047 0.492998
vt 0.625000 0.500000
vt 0.625000 0.500000
vt 0.625000 0.470947
vt 0.625000 0.279053
vt 0.625000 0.256021
vt 0.625000 0.250000
vt 0.625000 0.279053
vt 0.625000 0.250000
vt 0.625000 0.250000
vt 0.625000 0.279053
vt 0.625000 0.278978
vt 0.625000 0.471022
vt 0.625000 0.470947
vt 0.625000 0.470947
vt 0.625000 0.256984
vt 0.625000 0.256984
vt 0.625000 0.250000
vt 0.625000 0.279053
vt 0.625000 0.500000
vt 0.625000 0.493990
vt 0.625000 0.500000
vt 0.625000 0.500000
vt 0.625000 0.470947
vt 0.625000 0.493016
vt 0.625000 0.493016
vt 0.625000 0.470947
vt 0.625000 0.500000
vt 0.625000 0.470947
vt 0.625000 0.493984
vt 0.625000 0.500000
vt 0.625000 0.470947
vt 0.625000 0.500000
vt 0.625000 0.471022
vt 0.625000 0.278978
vt 0.625000 0.279053
vt 0.625000 0.256016
vt 0.625000 0.250000
vt 0.625000 0.250000
vt 0.625000 0.279053
vt 0.383584 0.092741
vt 0.345947 0.092741
vt 0.616416 0.250000
vt 0.375000 0.470947
vt 0.345947 0.250000
vt 0.654053 0.250000
vt 0.625000 0.279053
vt 0.625000 0.470947
vt 0.625000 0.470947
vt 0.625000 0.279053
vt 0.625000 0.500000
vt 0.625000 0.500000
vt 0.625000 0.279053
vt 0.625000 0.470947
vt 0.625000 0.250000
vt 0.625000 0.250000
vt 0.625000 0.279053
vt 0.625000 0.470946
vt 0.625000 0.250000
vt 0.625000 0.250000
vt 0.625000 0.470947
vt 0.625000 0.279053
vt 0.625000 0.500000
vt 0.625000 0.500000
vt 0.625000 0.279053
vt 0.625000 0.470947
vt 0.625000 0.250000
vt 0.625000 0.250000
vt 0.625000 0.470947
vt 0.625000 0.279053
vt 0.625000 0.500000
vt 0.625000 0.500000
vt 0.625000 0.279053
vt 0.625000 0.470947
vt 0.625000 0.250000
vt 0.625000 0.250000
vt 0.625000 0.470947
vt 0.625000 0.279053
vt 0.625000 0.500000
vt 0.625000 0.500000
vt 0.625000 0.279053
vt 0.625000 0.470947
vt 0.625000 0.250000
vt 0.625000 0.250000
vt 0.625000 0.470947
vt 0.625000 0.279053
vt 0.625000 0.500000
vt 0.625000 0.500000
vt 0.625000 0.279053
vt 0.625000 0.470946
vt 0.625000 0.250000
vt 0.625000 0.250000
vt 0.625000 0.470947
vt 0.625000 0.279053
vt 0.625000 0.500000
vt 0.625000 0.500000
vt 0.390667 0.000666
vt 0.375000 0.092741
vt 0.625000 0.250000
vt 0.380076 0.492567
vt 0.375000 0.749452
vt 0.125000 0.000548
vt 0.625000 0.500000
vt 0.875000 0.000518
vt 0.625000 0.749482
vt 0.625000 0.250000
vt 0.625000 0.500000
vt 0.625000 0.250000
vt 0.625000 0.500000
vt 0.625000 0.250000
vt 0.625000 0.250000
vt 0.625000 0.500000
vt 0.625000 0.500000
vt 0.625000 0.250000
vt 0.625000 0.250000
vt 0.625000 0.500000
vt 0.625000 0.500000
vt 0.625000 0.250000
vt 0.625000 0.250000
vt 0.625000 0.500000
vt 0.625000 0.500000
vt 0.625000 0.250000
vt 0.625000 0.250000
vt 0.625000 0.500000
vt 0.625000 0.500000
vt 0.625000 0.250000
vt 0.625000 0.250000
vt 0.625000 0.500000
vt 0.375000 0.000000
vt 0.375000 1.000000
vt 0.625000 1.000000
vt 0.625000 0.000000
vt 0.125000 0.000000
vt 0.375000 0.750000
vt 0.875000 0.000000
vt 0.625000 0.750000
vt 0.375000 0.250000
vt 0.375000 0.500000
vt 0.625000 0.250000
vt 0.625000 0.500000
vt 0.625000 0.500000
vt 0.625000 0.250000
vt 0.412496 0.970947
vt 0.375000 0.981292
vt 0.375000 0.768708
vt 0.412496 0.779053
vt 0.356292 0.000000
vt 0.345947 0.000675
vt 0.154053 0.000675
vt 0.143708 0.000000
vt 0.412490 0.000678
vt 0.406994 0.000000
vt 0.594352 0.000000
vt 0.593127 0.000678
vt 0.406994 1.000000
vt 0.590206 0.973041
vt 0.594352 1.000000
vt 0.651959 0.000618
vt 0.642123 0.000000
vt 0.857876 0.000000
vt 0.848040 0.000618
vt 0.625000 0.982877
vt 0.590206 0.776959
vt 0.625000 0.767124
vt 0.612528 0.000680
vt 0.625000 0.092741
vt 0.616416 0.093097
vt 0.654053 0.092741
vt 0.406327 0.752282
vt 0.594949 0.752443
vt 0.412496 0.749325
vt 0.593138 0.749325
vt 0.154053 0.250000
vt 0.125000 0.250000
vt 0.125000 0.092741
vt 0.154053 0.092741
vt 0.375000 0.500000
vt 0.383584 0.500000
vt 0.383584 0.657259
vt 0.375000 0.657259
vt 0.616416 0.500000
vt 0.625000 0.500000
vt 0.625000 0.657259
vt 0.616416 0.656903
vt 0.875000 0.250000
vt 0.845947 0.250000
vt 0.845947 0.092741
vt 0.875000 0.092741
vt 0.375000 0.279053
vt 0.375000 0.250000
vt 0.380076 0.257433
vt 0.375000 0.279053
vt 0.383584 0.250000
vt 0.383584 0.250000
vt 0.379261 0.278978
vt 0.379261 0.471022
vt 0.375000 0.470947
vt 0.383584 0.279053
vt 0.383584 0.470947
vt 0.383047 0.257002
vt 0.625000 0.250000
vt 0.625000 0.279053
vt 0.625000 0.250000
vt 0.383584 0.500000
vt 0.383047 0.492998
vt 0.625000 0.500000
vt 0.625000 0.500000
vt 0.625000 0.470947
vt 0.625000 0.279053
vt 0.625000 0.256021
vt 0.625000 0.250000
vt 0.625000 0.279053
vt 0.625000 0.250000
vt 0.625000 0.250000
vt 0.625000 0.279053
vt 0.625000 0.278978
vt 0.625000 0.471022
vt 0.625000 0.470947
vt 0.625000 0.470947
vt 0.625000 0.256984
vt 0.625000 0.256984
vt 0.625000 0.250000
vt 0.625000 0.279053
vt 0.625000 0.500000
vt 0.625000 0.493990
vt 0.625000 0.500000
vt 0.625000 0.500000
vt 0.625000 0.470947
vt 0.625000 0.493016
vt 0.625000 0.493016
vt 0.625000 0.470947
vt 0.625000 0.500000
vt 0.625000 0.470947
vt 0.625000 0.493984
vt 0.625000 0.500000
vt 0.625000 0.470947
vt 0.625000 0.500000
vt 0.625000 0.471022
vt 0.625000 0.278978
vt 0.625000 0.279053
vt 0.625000 0.256016
vt 0.625000 0.250000
vt 0.625000 0.250000
vt 0.625000 0.279053
vt 0.383584 0.092741
vt 0.345947 0.092741
vt 0.616416 0.250000
vt 0.375000 0.470947
vt 0.345947 0.250000
vt 0.654053 0.250000
vt 0.625000 0.279053
vt 0.625000 0.470947
vt 0.625000 0.470947
vt 0.625000 0.279053
vt 0.625000 0.500000
vt 0.625000 0.500000
vt 0.625000 0.279053
vt 0.625000 0.470947
vt 0.625000 0.250000
vt 0.625000 0.250000
vt 0.625000 0.279053
vt 0.625000 0.470946
vt 0.625000 0.250000
vt 0.625000 0.250000
vt 0.625000 0.470947
vt 0.625000 0.279053
vt 0.625000 0.500000
vt 0.625000 0.500000
vt 0.625000 0.279053
vt 0.625000 0.470947
vt 0.625000 0.250000
vt 0.625000 0.250000
vt 0.625000 0.470947
vt 0.625000 0.279053
vt 0.625000 0.500000
vt 0.625000 0.500000
vt 0.625000 0.279053
vt 0.625000 0.470947
vt 0.625000 0.250000
vt 0.625000 0.250000
vt 0.625000 0.470947
vt 0.625000 0.279053
vt 0.625000 0.500000
vt 0.625000 0.500000
vt 0.625000 0.279053
vt 0.625000 0.470947
vt 0.625000 0.250000
vt 0.625000 0.250000
vt 0.625000 0.470947
vt 0.625000 0.279053
vt 0.625000 0.500000
vt 0.625000 0.500000
vt 0.625000 0.279053
vt 0.625000 0.470946
vt 0.625000 0.250000
vt 0.625000 0.250000
vt 0.625000 0.470947
vt 0.625000 0.279053
vt 0.625000 0.500000
vt 0.625000 0.500000
vt 0.390667 0.000666
vt 0.375000 0.092741
vt 0.625000 0.250000
vt 0.380076 0.492567
vt 0.375000 0.749452
vt 0.125000 0.000548
vt 0.625000 0.500000
vt 0.875000 0.000518
vt 0.625000 0.749482
vt 0.625000 0.250000
vt 0.625000 0.500000
vt 0.625000 0.250000
vt 0.625000 0.500000
vt 0.625000 0.250000
vt 0.625000 0.250000
vt 0.625000 0.500000
vt 0.625000 0.500000
vt 0.625000 0.250000
vt 0.625000 0.250000
vt 0.625000 0.500000
vt 0.625000 0.500000
vt 0.625000 0.250000
vt 0.625000 0.250000
vt 0.625000 0.500000
vt 0.625000 0.500000
vt 0.625000 0.250000
vt 0.625000 0.250000
vt 0.625000 0.500000
vt 0.625000 0.500000
vt 0.625000 0.250000
vt 0.625000 0.250000
vt 0.625000 0.500000
vt 0.375000 0.000000
vt 0.375000 1.000000
vt 0.625000 1.000000
vt 0.625000 0.000000
vt 0.125000 0.000000
vt 0.375000 0.750000
vt 0.875000 0.000000
vt 0.625000 0.750000
vt 0.375000 0.250000
vt 0.375000 0.500000
vt 0.625000 0.250000
vt 0.625000 0.500000
vt 0.625000 0.500000
vt 0.625000 0.250000
vt 0.412496 0.970947
vt 0.375000 0.981292
vt 0.375000 0.768708
vt 0.412496 0.779053
vt 0.356292 0.000000
vt 0.345947 0.000675
vt 0.154053 0.000675
vt 0.143708 0.000000
vt 0.412490 0.000678
vt 0.406994 0.000000
vt 0.594352 0.000000
vt 0.593127 0.000678
vt 0.406994 1.000000
vt 0.590206 0.973041
vt 0.594352 1.000000
vt 0.651959 0.000618
vt 0.642123 0.000000
vt 0.857876 0.000000
vt 0.848040 0.000618
vt 0.625000 0.982877
vt 0.590206 0.776959
vt 0.625000 0.767124
vt 0.612528 0.000680
vt 0.625000 0.092741
vt 0.616416 0.093097
vt 0.654053 0.092741
vt 0.406327 0.752282
vt 0.594949 0.752443
vt 0.412496 0.749325
vt 0.593138 0.749325
vt 0.154053 0.250000
vt 0.125000 0.250000
vt 0.125000 0.092741
vt 0.154053 0.092741
vt 0.375000 0.500000
vt 0.383584 0.500000
vt 0.383584 0.657259
vt 0.375000 0.657259
vt 0.616416 0.500000
vt 0.625000 0.500000
vt 0.625000 0.657259
vt 0.616416 0.656903
vt 0.875000 0.250000
vt 0.845947 0.250000
vt 0.845947 0.092741
vt 0.875000 0.092741
vt 0.375000 0.279053
vt 0.375000 0.250000
vt 0.380076 0.257433
vt 0.375000 0.279053
vt 0.383584 0.250000
vt 0.383584 0.250000
vt 0.379261 0.278978
vt 0.379261 0.471022
vt 0.375000 0.470947
vt 0.383584 0.279053
vt 0.383584 0.470947
vt 0.383047 0.257002
vt 0.625000 0.250000
vt 0.625000 0.279053
vt 0.625000 0.250000
vt 0.383584 0.500000
vt 0.383047 0.492998
vt 0.625000 0.500000
vt 0.625000 0.500000
vt 0.625000 0.470947
vt 0.625000 0.279053
vt 0.625000 0.256021
vt 0.625000 0.250000
vt 0.625000 0.279053
vt 0.625000 0.250000
vt 0.625000 0.250000
vt 0.625000 0.279053
vt 0.625000 0.278978
vt 0.625000 0.471022
vt 0.625000 0.470947
vt 0.625000 0.470947
vt 0.625000 0.256984
vt 0.625000 0.256984
vt 0.625000 0.250000
vt 0.625000 0.279053
vt 0.625000 0.500000
vt 0.625000 0.493990
vt 0.625000 0.500000
vt 0.625000 0.500000
vt 0.625000 0.470947
vt 0.625000 0.493016
vt 0.625000 0.493016
vt 0.625000 0.470947
vt 0.625000 0.500000
vt 0.625000 0.470947
vt 0.625000 0.493984
vt 0.625000 0.500000
vt 0.625000 0.470947
vt 0.625000 0.500000
vt 0.625000 0.471022
vt 0.625000 0.278978
vt 0.625000 0.279053
vt 0.625000 0.256016
vt 0.625000 0.250000
vt 0.625000 0.250000
vt 0.625000 0.279053
vt 0.383584 0.092741
vt 0.345947 0.092741
vt 0.616416 0.250000
vt 0.375000 0.470947
vt 0.345947 0.250000
vt 0.654053 0.250000
vt 0.625000 0.279053
vt 0.625000 0.470947
vt 0.625000 0.470947
vt 0.625000 0.279053
vt 0.625000 0.500000
vt 0.625000 0.500000
vt 0.625000 0.279053
vt 0.625000 0.470947
vt 0.625000 0.250000
vt 0.625000 0.250000
vt 0.625000 0.279053
vt 0.625000 0.470946
vt 0.625000 0.250000
vt 0.625000 0.250000
vt 0.625000 0.470947
vt 0.625000 0.279053
vt 0.625000 0.500000
vt 0.625000 0.500000
vt 0.625000 0.279053
vt 0.625000 0.470947
vt 0.625000 0.250000
vt 0.625000 0.250000
vt 0.625000 0.470947
vt 0.625000 0.279053
vt 0.625000 0.500000
vt 0.625000 0.500000
vt 0.625000 0.279053
vt 0.625000 0.470947
vt 0.625000 0.250000
vt 0.625000 0.250000
vt 0.625000 0.470947
vt 0.625000 0.279053
vt 0.625000 0.500000
vt 0.625000 0.500000
vt 0.625000 0.279053
vt 0.625000 0.470947
vt 0.625000 0.250000
vt 0.625000 0.250000
vt 0.625000 0.470947
vt 0.625000 0.279053
vt 0.625000 0.500000
vt 0.625000 0.500000
vt 0.625000 0.279053
vt 0.625000 0.470946
vt 0.625000 0.250000
vt 0.625000 0.250000
vt 0.625000 0.470947
vt 0.625000 0.279053
vt 0.625000 0.500000
vt 0.625000 0.500000
vt 0.390667 0.000666
vt 0.375000 0.092741
vt 0.625000 0.250000
vt 0.380076 0.492567
vt 0.375000 0.749452
vt 0.125000 0.000548
vt 0.625000 0.500000
vt 0.875000 0.000518
vt 0.625000 0.749482
vt 0.625000 0.250000
vt 0.625000 0.500000
vt 0.625000 0.250000
vt 0.625000 0.500000
vt 0.625000 0.250000
vt 0.625000 0.250000
vt 0.625000 0.500000
vt 0.625000 0.500000
vt 0.625000 0.250000
vt 0.625000 0.250000
vt 0.625000 0.500000
vt 0.625000 0.500000
vt 0.625000 0.250000
vt 0.625000 0.250000
vt 0.625000 0.500000
vt 0.625000 0.500000
vt 0.625000 0.250000
vt 0.625000 0.250000
vt 0.625000 0.500000
vt 0.625000 0.500000
vt 0.625000 0.250000
vt 0.625000 0.250000
vt 0.625000 0.500000
vt 0.375000 0.000000
vt 0.375000 1.000000
vt 0.625000 1.000000
vt 0.625000 0.000000
vt 0.125000 0.000000
vt 0.375000 0.750000
vt 0.875000 0.000000
vt 0.625000 0.750000
vt 0.375000 0.250000
vt 0.375000 0.500000
vt 0.625000 0.250000
vt 0.625000 0.500000
vt 0.625000 0.500000
vt 0.625000 0.250000
vt 0.399998 0.500000
vt 0.399998 0.250000
vt 0.600003 0.250000
vt 0.600003 0.500000
vt 0.600003 0.750000
vt 0.600003 1.000000
vt 0.399998 1.000000
vt 0.399998 0.750000
vt 0.875000 0.238577
vt 0.625000 0.238577
vt 0.625000 0.011425
vt 0.875000 0.011425
vt 0.125000 0.011425
vt 0.375000 0.011425
vt 0.375000 0.238577
vt 0.125000 0.238577
vt 0.375000 0.250000
vt 0.125000 0.250000
vt 0.375000 0.500000
vt 0.625000 0.250000
vt 0.625000 0.500000
vt 0.875000 0.250000
vt 0.375000 1.000000
vt 0.375000 0.750000
vt 0.375000 0.000000
vt 0.125000 0.000000
vt 0.625000 0.000000
vt 0.875000 0.000000
vt 0.625000 1.000000
vt 0.625000 0.750000
vt 0.399998 0.500000
vt 0.399998 0.250000
vt 0.600003 0.250000
vt 0.600003 0.500000
vt 0.600003 0.750000
vt 0.600003 1.000000
vt 0.399998 1.000000
vt 0.399998 0.750000
vt 0.875000 0.238577
vt 0.625000 0.238577
vt 0.625000 0.011425
vt 0.875000 0.011425
vt 0.125000 0.011425
vt 0.375000 0.011425
vt 0.375000 0.238577
vt 0.125000 0.238577
vt 0.375000 0.250000
vt 0.125000 0.250000
vt 0.375000 0.500000
vt 0.625000 0.250000
vt 0.625000 0.500000
vt 0.875000 0.250000
vt 0.375000 1.000000
vt 0.375000 0.750000
vt 0.375000 0.000000
vt 0.125000 0.000000
vt 0.625000 0.000000
vt 0.875000 0.000000
vt 0.625000 1.000000
vt 0.625000 0.750000
vt 0.399998 0.500000
vt 0.399998 0.250000
vt 0.600003 0.250000
vt 0.600003 0.500000
vt 0.600003 0.750000
vt 0.600003 1.000000
vt 0.399998 1.000000
vt 0.399998 0.750000
vt 0.875000 0.238577
vt 0.625000 0.238577
vt 0.625000 0.011425
vt 0.875000 0.011425
vt 0.125000 0.011425
vt 0.375000 0.011425
vt 0.375000 0.238577
vt 0.125000 0.238577
vt 0.375000 0.250000
vt 0.125000 0.250000
vt 0.375000 0.500000
vt 0.625000 0.250000
vt 0.625000 0.500000
vt 0.875000 0.250000
vt 0.375000 1.000000
vt 0.375000 0.750000
vt 0.375000 0.000000
vt 0.125000 0.000000
vt 0.625000 0.000000
vt 0.875000 0.000000
vt 0.625000 1.000000
vt 0.625000 0.750000
vt 0.399998 0.500000
vt 0.399998 0.250000
vt 0.600003 0.250000
vt 0.600003 0.500000
vt 0.600003 0.750000
vt 0.600003 1.000000
vt 0.399998 1.000000
vt 0.399998 0.750000
vt 0.875000 0.238577
vt 0.625000 0.238577
vt 0.625000 0.011425
vt 0.875000 0.011425
vt 0.125000 0.011425
vt 0.375000 0.011425
vt 0.375000 0.238577
vt 0.125000 0.238577
vt 0.375000 0.250000
vt 0.125000 0.250000
vt 0.375000 0.500000
vt 0.625000 0.250000
vt 0.625000 0.500000
vt 0.875000 0.250000
vt 0.375000 1.000000
vt 0.375000 0.750000
vt 0.375000 0.000000
vt 0.125000 0.000000
vt 0.625000 0.000000
vt 0.875000 0.000000
vt 0.625000 1.000000
vt 0.625000 0.750000
vt 0.399998 0.500000
vt 0.399998 0.250000
vt 0.600003 0.250000
vt 0.600003 0.500000
vt 0.600003 0.750000
vt 0.600003 1.000000
vt 0.399998 1.000000
vt 0.399998 0.750000
vt 0.875000 0.238577
vt 0.625000 0.238577
vt 0.625000 0.011425
vt 0.875000 0.011425
vt 0.125000 0.011425
vt 0.375000 0.011425
vt 0.375000 0.238577
vt 0.125000 0.238577
vt 0.375000 0.250000
vt 0.125000 0.250000
vt 0.375000 0.500000
vt 0.625000 0.250000
vt 0.625000 0.500000
vt 0.875000 0.250000
vt 0.375000 1.000000
vt 0.375000 0.750000
vt 0.375000 0.000000
vt 0.125000 0.000000
vt 0.625000 0.000000
vt 0.875000 0.000000
vt 0.625000 1.000000
vt 0.625000 0.750000
vt 0.399998 0.500000
vt 0.399998 0.250000
vt 0.600003 0.250000
vt 0.600003 0.500000
vt 0.600003 0.750000
vt 0.600003 1.000000
vt 0.399998 1.000000
vt 0.399998 0.750000
vt 0.875000 0.238577
vt 0.625000 0.238577
vt 0.625000 0.011425
vt 0.875000 0.011425
vt 0.125000 0.011425
vt 0.375000 0.011425
vt 0.375000 0.238577
vt 0.125000 0.238577
vt 0.375000 0.250000
vt 0.125000 0.250000
vt 0.375000 0.500000
vt 0.625000 0.250000
vt 0.625000 0.500000
vt 0.875000 0.250000
vt 0.375000 1.000000
vt 0.375000 0.750000
vt 0.375000 0.000000
vt 0.125000 0.000000
vt 0.625000 0.000000
vt 0.875000 0.000000
vt 0.625000 1.000000
vt 0.625000 0.750000
vt 0.399998 0.500000
vt 0.399998 0.250000
vt 0.600003 0.250000
vt 0.600003 0.500000
vt 0.600003 0.750000
vt 0.600003 1.000000
vt 0.399998 1.000000
vt 0.399998 0.750000
vt 0.875000 0.238577
vt 0.625000 0.238577
vt 0.625000 0.011425
vt 0.875000 0.011425
vt 0.125000 0.011425
vt 0.375000 0.011425
vt 0.375000 0.238577
vt 0.125000 0.238577
vt 0.375000 0.250000
vt 0.125000 0.250000
vt 0.375000 0.500000
vt 0.625000 0.250000
vt 0.625000 0.500000
vt 0.875000 0.250000
vt 0.375000 1.000000
vt 0.375000 0.750000
vt 0.375000 0.000000
vt 0.125000 0.000000
vt 0.625000 0.000000
vt 0.875000 0.000000
vt 0.625000 1.000000
vt 0.625000 0.750000
vt 0.418745 1.000000
vt 0.418745 0.750000
vt 0.581255 0.750000
vt 0.581255 1.000000
vt 0.625000 0.024687
vt 0.875000 0.024687
vt 0.875000 0.225315
vt 0.625000 0.225315
vt 0.125000 0.024687
vt 0.375000 0.024687
vt 0.375000 0.225315
vt 0.125000 0.225315
vt 0.375000 0.236339
vt 0.125000 0.236339
vt 0.375000 0.250000
vt 0.125000 0.250000
vt 0.395726 0.250000
vt 0.395726 0.500000
vt 0.375000 0.500000
vt 0.604274 0.250000
vt 0.625000 0.250000
vt 0.625000 0.500000
vt 0.604274 0.500000
vt 0.625000 0.236340
vt 0.875000 0.236340
vt 0.875000 0.250000
vt 0.395726 1.000000
vt 0.395726 0.750000
vt 0.375000 1.000000
vt 0.375000 0.750000
vt 0.375000 0.000000
vt 0.375000 0.013662
vt 0.125000 0.013662
vt 0.125000 0.000000
vt 0.625000 0.013661
vt 0.875000 0.013661
vt 0.625000 0.000000
vt 0.875000 0.000000
vt 0.625000 1.000000
vt 0.604274 1.000000
vt 0.604274 0.750000
vt 0.625000 0.750000
vt 0.418745 1.000000
vt 0.418745 0.750000
vt 0.581255 0.750000
vt 0.581255 1.000000
vt 0.625000 0.024687
vt 0.875000 0.024687
vt 0.875000 0.225315
vt 0.625000 0.225315
vt 0.125000 0.024687
vt 0.375000 0.024687
vt 0.375000 0.225315
vt 0.125000 0.225315
vt 0.375000 0.236339
vt 0.125000 0.236339
vt 0.375000 0.250000
vt 0.125000 0.250000
vt 0.395726 0.250000
vt 0.395726 0.500000
vt 0.375000 0.500000
vt 0.604274 0.250000
vt 0.625000 0.250000
vt 0.625000 0.500000
vt 0.604274 0.500000
vt 0.625000 0.236340
vt 0.875000 0.236340
vt 0.875000 0.250000
vt 0.395726 1.000000
vt 0.395726 0.750000
vt 0.375000 1.000000
vt 0.375000 0.750000
vt 0.375000 0.000000
vt 0.375000 0.013662
vt 0.125000 0.013662
vt 0.125000 0.000000
vt 0.625000 0.013661
vt 0.875000 0.013661
vt 0.625000 0.000000
vt 0.875000 0.000000
vt 0.625000 1.000000
vt 0.604274 1.000000
vt 0.604274 0.750000
vt 0.625000 0.750000
vt 0.418745 1.000000
vt 0.418745 0.750000
vt 0.581255 0.750000
vt 0.581255 1.000000
vt 0.625000 0.024687
vt 0.875000 0.024687
vt 0.875000 0.225315
vt 0.625000 0.225315
vt 0.125000 0.024687
vt 0.375000 0.024687
vt 0.375000 0.225315
vt 0.125000 0.225315
vt 0.375000 0.236339
vt 0.125000 0.236339
vt 0.375000 0.250000
vt 0.125000 0.250000
vt 0.395726 0.250000
vt 0.395726 0.500000
vt 0.375000 0.500000
vt 0.604274 0.250000
vt 0.625000 0.250000
vt 0.625000 0.500000
vt 0.604274 0.500000
vt 0.625000 0.236340
vt 0.875000 0.236340
vt 0.875000 0.250000
vt 0.395726 1.000000
vt 0.395726 0.750000
vt 0.375000 1.000000
vt 0.375000 0.750000
vt 0.375000 0.000000
vt 0.375000 0.013662
vt 0.125000 0.013662
vt 0.125000 0.000000
vt 0.625000 0.013661
vt 0.875000 0.013661
vt 0.625000 0.000000
vt 0.875000 0.000000
vt 0.625000 1.000000
vt 0.604274 1.000000
vt 0.604274 0.750000
vt 0.625000 0.750000
vt 0.418745 1.000000
vt 0.418745 0.750000
vt 0.581255 0.750000
vt 0.581255 1.000000
vt 0.625000 0.024687
vt 0.875000 0.024687
vt 0.875000 0.225315
vt 0.625000 0.225315
vt 0.125000 0.024687
vt 0.375000 0.024687
vt 0.375000 0.225315
vt 0.125000 0.225315
vt 0.375000 0.236339
vt 0.125000 0.236339
vt 0.375000 0.250000
vt 0.125000 0.250000
vt 0.395726 0.250000
vt 0.395726 0.500000
vt 0.375000 0.500000
vt 0.604274 0.250000
vt 0.625000 0.250000
vt 0.625000 0.500000
vt 0.604274 0.500000
vt 0.625000 0.236340
vt 0.875000 0.236340
vt 0.875000 0.250000
vt 0.395726 1.000000
vt 0.395726 0.750000
vt 0.375000 1.000000
vt 0.375000 0.750000
vt 0.375000 0.000000
vt 0.375000 0.013662
vt 0.125000 0.013662
vt 0.125000 0.000000
vt 0.625000 0.013661
vt 0.875000 0.013661
vt 0.625000 0.000000
vt 0.875000 0.000000
vt 0.625000 1.000000
vt 0.604274 1.000000
vt 0.604274 0.750000
vt 0.625000 0.750000
vt 0.418745 1.000000
vt 0.418745 0.750000
vt 0.581255 0.750000
vt 0.581255 1.000000
vt 0.625000 0.024687
vt 0.875000 0.024687
vt 0.875000 0.225315
vt 0.625000 0.225315
vt 0.125000 0.024687
vt 0.375000 0.024687
vt 0.375000 0.225315
vt 0.125000 0.225315
vt 0.375000 0.236339
vt 0.125000 0.236339
vt 0.375000 0.250000
vt 0.125000 0.250000
vt 0.395726 0.250000
vt 0.395726 0.500000
vt 0.375000 0.500000
vt 0.604274 0.250000
vt 0.625000 0.250000
vt 0.625000 0.500000
vt 0.604274 0.500000
vt 0.625000 0.236340
vt 0.875000 0.236340
vt 0.875000 0.250000
vt 0.395726 1.000000
vt 0.395726 0.750000
vt 0.375000 1.000000
vt 0.375000 0.750000
vt 0.375000 0.000000
vt 0.375000 0.013662
vt 0.125000 0.013662
vt 0.125000 0.000000
vt 0.625000 0.013661
vt 0.875000 0.013661
vt 0.625000 0.000000
vt 0.875000 0.000000
vt 0.625000 1.000000
vt 0.604274 1.000000
vt 0.604274 0.750000
vt 0.625000 0.750000
vt 0.418745 1.000000
vt 0.418745 0.750000
vt 0.581255 0.750000
vt 0.581255 1.000000
vt 0.625000 0.024687
vt 0.875000 0.024687
vt 0.875000 0.225315
vt 0.625000 0.225315
vt 0.125000 0.024687
vt 0.375000 0.024687
vt 0.375000 0.225315
vt 0.125000 0.225315
vt 0.375000 0.236339
vt 0.125000 0.236339
vt 0.375000 0.250000
vt 0.125000 0.250000
vt 0.395726 0.250000
vt 0.395726 0.500000
vt 0.375000 0.500000
vt 0.604274 0.250000
vt 0.625000 0.250000
vt 0.625000 0.500000
vt 0.604274 0.500000
vt 0.625000 0.236340
vt 0.875000 0.236340
vt 0.875000 0.250000
vt 0.395726 1.000000
vt 0.395726 0.750000
vt 0.375000 1.000000
vt 0.375000 0.750000
vt 0.375000 0.000000
vt 0.375000 0.013662
vt 0.125000 0.013662
vt 0.125000 0.000000
vt 0.625000 0.013661
vt 0.875000 0.013661
vt 0.625000 0.000000
vt 0.875000 0.000000
vt 0.625000 1.000000
vt 0.604274 1.000000
vt 0.604274 0.750000
vt 0.625000 0.750000
vt 0.418745 1.000000
vt 0.418745 0.750000
vt 0.581255 0.750000
vt 0.581255 1.000000
vt 0.625000 0.024687
vt 0.875000 0.024687
vt 0.875000 0.225315
vt 0.625000 0.225315
vt 0.125000 0.024687
vt 0.375000 0.024687
vt 0.375000 0.225315
vt 0.125000 0.225315
vt 0.375000 0.236339
vt 0.125000 0.236339
vt 0.375000 0.250000
vt 0.125000 0.250000
vt 0.395726 0.250000
vt 0.395726 0.500000
vt 0.375000 0.500000
vt 0.604274 0.250000
vt 0.625000 0.250000
vt 0.625000 0.500000
vt 0.604274 0.500000
vt 0.625000 0.236340
vt 0.875000 0.236340
vt 0.875000 0.250000
vt 0.395726 1.000000
vt 0.395726 0.750000
vt 0.375000 1.000000
vt 0.375000 0.750000
vt 0.375000 0.000000
vt 0.375000 0.013662
vt 0.125000 0.013662
vt 0.125000 0.000000
vt 0.625000 0.013661
vt 0.875000 0.013661
vt 0.625000 0.000000
vt 0.875000 0.000000
vt 0.625000 1.000000
vt 0.604274 1.000000
vt 0.604274 0.750000
vt 0.625000 0.750000
vt 0.418745 1.000000
vt 0.418745 0.750000
vt 0.581255 0.750000
vt 0.581255 1.000000
vt 0.625000 0.024687
vt 0.875000 0.024687
vt 0.875000 0.225315
vt 0.625000 0.225315
vt 0.125000 0.024687
vt 0.375000 0.024687
vt 0.375000 0.225315
vt 0.125000 0.225315
vt 0.375000 0.236339
vt 0.125000 0.236339
vt 0.375000 0.250000
vt 0.125000 0.250000
vt 0.395726 0.250000
vt 0.395726 0.500000
vt 0.375000 0.500000
vt 0.604274 0.250000
vt 0.625000 0.250000
vt 0.625000 0.500000
vt 0.604274 0.500000
vt 0.625000 0.236340
vt 0.875000 0.236340
vt 0.875000 0.250000
vt 0.395726 1.000000
vt 0.395726 0.750000
vt 0.375000 1.000000
vt 0.375000 0.750000
vt 0.375000 0.000000
vt 0.375000 0.013662
vt 0.125000 0.013662
vt 0.125000 0.000000
vt 0.625000 0.013661
vt 0.875000 0.013661
vt 0.625000 0.000000
vt 0.875000 0.000000
vt 0.625000 1.000000
vt 0.604274 1.000000
vt 0.604274 0.750000
vt 0.625000 0.750000
vt 0.418745 1.000000
vt 0.418745 0.750000
vt 0.581255 0.750000
vt 0.581255 1.000000
vt 0.625000 0.024687
vt 0.875000 0.024687
vt 0.875000 0.225315
vt 0.625000 0.225315
vt 0.125000 0.024687
vt 0.375000 0.024687
vt 0.375000 0.225315
vt 0.125000 0.225315
vt 0.375000 0.236339
vt 0.125000 0.236339
vt 0.375000 0.250000
vt 0.125000 0.250000
vt 0.395726 0.250000
vt 0.395726 0.500000
vt 0.375000 0.500000
vt 0.604274 0.250000
vt 0.625000 0.250000
vt 0.625000 0.500000
vt 0.604274 0.500000
vt 0.625000 0.236340
vt 0.875000 0.236340
vt 0.875000 0.250000
vt 0.395726 1.000000
vt 0.395726 0.750000
vt 0.375000 1.000000
vt 0.375000 0.750000
vt 0.375000 0.000000
vt 0.375000 0.013662
vt 0.125000 0.013662
vt 0.125000 0.000000
vt 0.625000 0.013661
vt 0.875000 0.013661
vt 0.625000 0.000000
vt 0.875000 0.000000
vt 0.625000 1.000000
vt 0.604274 1.000000
vt 0.604274 0.750000
vt 0.625000 0.750000
vt 0.418745 1.000000
vt 0.418745 0.750000
vt 0.581255 0.750000
vt 0.581255 1.000000
vt 0.625000 0.024687
vt 0.875000 0.024687
vt 0.875000 0.225315
vt 0.625000 0.225315
vt 0.125000 0.024687
vt 0.375000 0.024687
vt 0.375000 0.225315
vt 0.125000 0.225315
vt 0.375000 0.236339
vt 0.125000 0.236339
vt 0.375000 0.250000
vt 0.125000 0.250000
vt 0.395726 0.250000
vt 0.395726 0.500000
vt 0.375000 0.500000
vt 0.604274 0.250000
vt 0.625000 0.250000
vt 0.625000 0.500000
vt 0.604274 0.500000
vt 0.625000 0.236340
vt 0.875000 0.236340
vt 0.875000 0.250000
vt 0.395726 1.000000
vt 0.395726 0.750000
vt 0.375000 1.000000
vt 0.375000 0.750000
vt 0.375000 0.000000
vt 0.375000 0.013662
vt 0.125000 0.013662
vt 0.125000 0.000000
vt 0.625000 0.013661
vt 0.875000 0.013661
vt 0.625000 0.000000
vt 0.875000 0.000000
vt 0.625000 1.000000
vt 0.604274 1.000000
vt 0.604274 0.750000
vt 0.625000 0.750000
vt 0.418745 1.000000
vt 0.418745 0.750000
vt 0.581255 0.750000
vt 0.581255 1.000000
vt 0.625000 0.024687
vt 0.875000 0.024687
vt 0.875000 0.225315
vt 0.625000 0.225315
vt 0.125000 0.024687
vt 0.375000 0.024687
vt 0.375000 0.225315
vt 0.125000 0.225315
vt 0.375000 0.236339
vt 0.125000 0.236339
vt 0.375000 0.250000
vt 0.125000 0.250000
vt 0.395726 0.250000
vt 0.395726 0.500000
vt 0.375000 0.500000
vt 0.604274 0.250000
vt 0.625000 0.250000
vt 0.625000 0.500000
vt 0.604274 0.500000
vt 0.625000 0.236340
vt 0.875000 0.236340
vt 0.875000 0.250000
vt 0.395726 1.000000
vt 0.395726 0.750000
vt 0.375000 1.000000
vt 0.375000 0.750000
vt 0.375000 0.000000
vt 0.375000 0.013662
vt 0.125000 0.013662
vt 0.125000 0.000000
vt 0.625000 0.013661
vt 0.875000 0.013661
vt 0.625000 0.000000
vt 0.875000 0.000000
vt 0.625000 1.000000
vt 0.604274 1.000000
vt 0.604274 0.750000
vt 0.625000 0.750000
vt 0.418745 1.000000
vt 0.418745 0.750000
vt 0.581255 0.750000
vt 0.581255 1.000000
vt 0.625000 0.024687
vt 0.875000 0.024687
vt 0.875000 0.225315
vt 0.625000 0.225315
vt 0.125000 0.024687
vt 0.375000 0.024687
vt 0.375000 0.225315
vt 0.125000 0.225315
vt 0.375000 0.236339
vt 0.125000 0.236339
vt 0.375000 0.250000
vt 0.125000 0.250000
vt 0.395726 0.250000
vt 0.395726 0.500000
vt 0.375000 0.500000
vt 0.604274 0.250000
vt 0.625000 0.250000
vt 0.625000 0.500000
vt 0.604274 0.500000
vt 0.625000 0.236340
vt 0.875000 0.236340
vt 0.875000 0.250000
vt 0.395726 1.000000
vt 0.395726 0.750000
vt 0.375000 1.000000
vt 0.375000 0.750000
vt 0.375000 0.000000
vt 0.375000 0.013662
vt 0.125000 0.013662
vt 0.125000 0.000000
vt 0.625000 0.013661
vt 0.875000 0.013661
vt 0.625000 0.000000
vt 0.875000 0.000000
vt 0.625000 1.000000
vt 0.604274 1.000000
vt 0.604274 0.750000
vt 0.625000 0.750000
vt 0.418745 1.000000
vt 0.418745 0.750000
vt 0.581255 0.750000
vt 0.581255 1.000000
vt 0.625000 0.024687
vt 0.875000 0.024687
vt 0.875000 0.225315
vt 0.625000 0.225315
vt 0.125000 0.024687
vt 0.375000 0.024687
vt 0.375000 0.225315
vt 0.125000 0.225315
vt 0.375000 0.236339
vt 0.125000 0.236339
vt 0.375000 0.250000
vt 0.125000 0.250000
vt 0.395726 0.250000
vt 0.395726 0.500000
vt 0.375000 0.500000
vt 0.604274 0.250000
vt 0.625000 0.250000
vt 0.625000 0.500000
vt 0.604274 0.500000
vt 0.625000 0.236340
vt 0.875000 0.236340
vt 0.875000 0.250000
vt 0.395726 1.000000
vt 0.395726 0.750000
vt 0.375000 1.000000
vt 0.375000 0.750000
vt 0.375000 0.000000
vt 0.375000 0.013662
vt 0.125000 0.013662
vt 0.125000 0.000000
vt 0.625000 0.013661
vt 0.875000 0.013661
vt 0.625000 0.000000
vt 0.875000 0.000000
vt 0.625000 1.000000
vt 0.604274 1.000000
vt 0.604274 0.750000
vt 0.625000 0.750000
vt 0.418745 1.000000
vt 0.418745 0.750000
vt 0.581255 0.750000
vt 0.581255 1.000000
vt 0.625000 0.024687
vt 0.875000 0.024687
vt 0.875000 0.225315
vt 0.625000 0.225315
vt 0.125000 0.024687
vt 0.375000 0.024687
vt 0.375000 0.225315
vt 0.125000 0.225315
vt 0.375000 0.236339
vt 0.125000 0.236339
vt 0.375000 0.250000
vt 0.125000 0.250000
vt 0.395726 0.250000
vt 0.395726 0.500000
vt 0.375000 0.500000
vt 0.604274 0.250000
vt 0.625000 0.250000
vt 0.625000 0.500000
vt 0.604274 0.500000
vt 0.625000 0.236340
vt 0.875000 0.236340
vt 0.875000 0.250000
vt 0.395726 1.000000
vt 0.395726 0.750000
vt 0.375000 1.000000
vt 0.375000 0.750000
vt 0.375000 0.000000
vt 0.375000 0.013662
vt 0.125000 0.013662
vt 0.125000 0.000000
vt 0.625000 0.013661
vt 0.875000 0.013661
vt 0.625000 0.000000
vt 0.875000 0.000000
vt 0.625000 1.000000
vt 0.604274 1.000000
vt 0.604274 0.750000
vt 0.625000 0.750000
vt 0.418745 1.000000
vt 0.418745 0.750000
vt 0.581255 0.750000
vt 0.581255 1.000000
vt 0.625000 0.024687
vt 0.875000 0.024687
vt 0.875000 0.225315
vt 0.625000 0.225315
vt 0.125000 0.024687
vt 0.375000 0.024687
vt 0.375000 0.225315
vt 0.125000 0.225315
vt 0.375000 0.236339
vt 0.125000 0.236339
vt 0.375000 0.250000
vt 0.125000 0.250000
vt 0.395726 0.250000
vt 0.395726 0.500000
vt 0.375000 0.500000
vt 0.604274 0.250000
vt 0.625000 0.250000
vt 0.625000 0.500000
vt 0.604274 0.500000
vt 0.625000 0.236340
vt 0.875000 0.236340
vt 0.875000 0.250000
vt 0.395726 1.000000
vt 0.395726 0.750000
vt 0.375000 1.000000
vt 0.375000 0.750000
vt 0.375000 0.000000
vt 0.375000 0.013662
vt 0.125000 0.013662
vt 0.125000 0.000000
vt 0.625000 0.013661
vt 0.875000 0.013661
vt 0.625000 0.000000
vt 0.875000 0.000000
vt 0.625000 1.000000
vt 0.604274 1.000000
vt 0.604274 0.750000
vt 0.625000 0.750000
vt 0.418745 1.000000
vt 0.418745 0.750000
vt 0.581255 0.750000
vt 0.581255 1.000000
vt 0.625000 0.024687
vt 0.875000 0.024687
vt 0.875000 0.225315
vt 0.625000 0.225315
vt 0.125000 0.024687
vt 0.375000 0.024687
vt 0.375000 0.225315
vt 0.125000 0.225315
vt 0.375000 0.236339
vt 0.125000 0.236339
vt 0.375000 0.250000
vt 0.125000 0.250000
vt 0.395726 0.250000
vt 0.395726 0.500000
vt 0.375000 0.500000
vt 0.604274 0.250000
vt 0.625000 0.250000
vt 0.625000 0.500000
vt 0.604274 0.500000
vt 0.625000 0.236340
vt 0.875000 0.236340
vt 0.875000 0.250000
vt 0.395726 1.000000
vt 0.395726 0.750000
vt 0.375000 1.000000
vt 0.375000 0.750000
vt 0.375000 0.000000
vt 0.375000 0.013662
vt 0.125000 0.013662
vt 0.125000 0.000000
vt 0.625000 0.013661
vt 0.875000 0.013661
vt 0.625000 0.000000
vt 0.875000 0.000000
vt 0.625000 1.000000
vt 0.604274 1.000000
vt 0.604274 0.750000
vt 0.625000 0.750000
vt 0.418745 1.000000
vt 0.418745 0.750000
vt 0.581255 0.750000
vt 0.581255 1.000000
vt 0.625000 0.024687
vt 0.875000 0.024687
vt 0.875000 0.225315
vt 0.625000 0.225315
vt 0.125000 0.024687
vt 0.375000 0.024687
vt 0.375000 0.225315
vt 0.125000 0.225315
vt 0.375000 0.236339
vt 0.125000 0.236339
vt 0.375000 0.250000
vt 0.125000 0.250000
vt 0.395726 0.250000
vt 0.395726 0.500000
vt 0.375000 0.500000
vt 0.604274 0.250000
vt 0.625000 0.250000
vt 0.625000 0.500000
vt 0.604274 0.500000
vt 0.625000 0.236340
vt 0.875000 0.236340
vt 0.875000 0.250000
vt 0.395726 1.000000
vt 0.395726 0.750000
vt 0.375000 1.000000
vt 0.375000 0.750000
vt 0.375000 0.000000
vt 0.375000 0.013662
vt 0.125000 0.013662
vt 0.125000 0.000000
vt 0.625000 0.013661
vt 0.875000 0.013661
vt 0.625000 0.000000
vt 0.875000 0.000000
vt 0.625000 1.000000
vt 0.604274 1.000000
vt 0.604274 0.750000
vt 0.625000 0.750000
vt 0.418745 1.000000
vt 0.418745 0.750000
vt 0.581255 0.750000
vt 0.581255 1.000000
vt 0.625000 0.024687
vt 0.875000 0.024687
vt 0.875000 0.225315
vt 0.625000 0.225315
vt 0.125000 0.024687
vt 0.375000 0.024687
vt 0.375000 0.225315
vt 0.125000 0.225315
vt 0.375000 0.236339
vt 0.125000 0.236339
vt 0.375000 0.250000
vt 0.125000 0.250000
vt 0.395726 0.250000
vt 0.395726 0.500000
vt 0.375000 0.500000
vt 0.604274 0.250000
vt 0.625000 0.250000
vt 0.625000 0.500000
vt 0.604274 0.500000
vt 0.625000 0.236340
vt 0.875000 0.236340
vt 0.875000 0.250000
vt 0.395726 1.000000
vt 0.395726 0.750000
vt 0.375000 1.000000
vt 0.375000 0.750000
vt 0.375000 0.000000
vt 0.375000 0.013662
vt 0.125000 0.013662
vt 0.125000 0.000000
vt 0.625000 0.013661
vt 0.875000 0.013661
vt 0.625000 0.000000
vt 0.875000 0.000000
vt 0.625000 1.000000
vt 0.604274 1.000000
vt 0.604274 0.750000
vt 0.625000 0.750000
vt 0.418745 1.000000
vt 0.418745 0.750000
vt 0.581255 0.750000
vt 0.581255 1.000000
vt 0.625000 0.024687
vt 0.875000 0.024687
vt 0.875000 0.225315
vt 0.625000 0.225315
vt 0.125000 0.024687
vt 0.375000 0.024687
vt 0.375000 0.225315
vt 0.125000 0.225315
vt 0.375000 0.236339
vt 0.125000 0.236339
vt 0.375000 0.250000
vt 0.125000 0.250000
vt 0.395726 0.250000
vt 0.395726 0.500000
vt 0.375000 0.500000
vt 0.604274 0.250000
vt 0.625000 0.250000
vt 0.625000 0.500000
vt 0.604274 0.500000
vt 0.625000 0.236340
vt 0.875000 0.236340
vt 0.875000 0.250000
vt 0.395726 1.000000
vt 0.395726 0.750000
vt 0.375000 1.000000
vt 0.375000 0.750000
vt 0.375000 0.000000
vt 0.375000 0.013662
vt 0.125000 0.013662
vt 0.125000 0.000000
vt 0.625000 0.013661
vt 0.875000 0.013661
vt 0.625000 0.000000
vt 0.875000 0.000000
vt 0.625000 1.000000
vt 0.604274 1.000000
vt 0.604274 0.750000
vt 0.625000 0.750000
vt 0.418745 1.000000
vt 0.418745 0.750000
vt 0.581255 0.750000
vt 0.581255 1.000000
vt 0.625000 0.024687
vt 0.875000 0.024687
vt 0.875000 0.225315
vt 0.625000 0.225315
vt 0.125000 0.024687
vt 0.375000 0.024687
vt 0.375000 0.225315
vt 0.125000 0.225315
vt 0.375000 0.236339
vt 0.125000 0.236339
vt 0.375000 0.250000
vt 0.125000 0.250000
vt 0.395726 0.250000
vt 0.395726 0.500000
vt 0.375000 0.500000
vt 0.604274 0.250000
vt 0.625000 0.250000
vt 0.625000 0.500000
vt 0.604274 0.500000
vt 0.625000 0.236340
vt 0.875000 0.236340
vt 0.875000 0.250000
vt 0.395726 1.000000
vt 0.395726 0.750000
vt 0.375000 1.000000
vt 0.375000 0.750000
vt 0.375000 0.000000
vt 0.375000 0.013662
vt 0.125000 0.013662
vt 0.125000 0.000000
vt 0.625000 0.013661
vt 0.875000 0.013661
vt 0.625000 0.000000
vt 0.875000 0.000000
vt 0.625000 1.000000
vt 0.604274 1.000000
vt 0.604274 0.750000
vt 0.625000 0.750000
vt 0.418745 1.000000
vt 0.418745 0.750000
vt 0.581255 0.750000
vt 0.581255 1.000000
vt 0.625000 0.024687
vt 0.875000 0.024687
vt 0.875000 0.225315
vt 0.625000 0.225315
vt 0.125000 0.024687
vt 0.375000 0.024687
vt 0.375000 0.225315
vt 0.125000 0.225315
vt 0.375000 0.236339
vt 0.125000 0.236339
vt 0.375000 0.250000
vt 0.125000 0.250000
vt 0.395726 0.250000
vt 0.395726 0.500000
vt 0.375000 0.500000
vt 0.604274 0.250000
vt 0.625000 0.250000
vt 0.625000 0.500000
vt 0.604274 0.500000
vt 0.625000 0.236340
vt 0.875000 0.236340
vt 0.875000 0.250000
vt 0.395726 1.000000
vt 0.395726 0.750000
vt 0.375000 1.000000
vt 0.375000 0.750000
vt 0.375000 0.000000
vt 0.375000 0.013662
vt 0.125000 0.013662
vt 0.125000 0.000000
vt 0.625000 0.013661
vt 0.875000 0.013661
vt 0.625000 0.000000
vt 0.875000 0.000000
vt 0.625000 1.000000
vt 0.604274 1.000000
vt 0.604274 0.750000
vt 0.625000 0.750000
vt 0.418745 1.000000
vt 0.418745 0.750000
vt 0.581255 0.750000
vt 0.581255 1.000000
vt 0.625000 0.024687
vt 0.875000 0.024687
vt 0.875000 0.225315
vt 0.625000 0.225315
vt 0.125000 0.024687
vt 0.375000 0.024687
vt 0.375000 0.225315
vt 0.125000 0.225315
vt 0.375000 0.236339
vt 0.125000 0.236339
vt 0.375000 0.250000
vt 0.125000 0.250000
vt 0.395726 0.250000
vt 0.395726 0.500000
vt 0.375000 0.500000
vt 0.604274 0.250000
vt 0.625000 0.250000
vt 0.625000 0.500000
vt 0.604274 0.500000
vt 0.625000 0.236340
vt 0.875000 0.236340
vt 0.875000 0.250000
vt 0.395726 1.000000
vt 0.395726 0.750000
vt 0.375000 1.000000
vt 0.375000 0.750000
vt 0.375000 0.000000
vt 0.375000 0.013662
vt 0.125000 0.013662
vt 0.125000 0.000000
vt 0.625000 0.013661
vt 0.875000 0.013661
vt 0.625000 0.000000
vt 0.875000 0.000000
vt 0.625000 1.000000
vt 0.604274 1.000000
vt 0.604274 0.750000
vt 0.625000 0.750000
vt 0.418745 1.000000
vt 0.418745 0.750000
vt 0.581255 0.750000
vt 0.581255 1.000000
vt 0.625000 0.024687
vt 0.875000 0.024687
vt 0.875000 0.225315
vt 0.625000 0.225315
vt 0.125000 0.024687
vt 0.375000 0.024687
vt 0.375000 0.225315
vt 0.125000 0.225315
vt 0.375000 0.236339
vt 0.125000 0.236339
vt 0.375000 0.250000
vt 0.125000 0.250000
vt 0.395726 0.250000
vt 0.395726 0.500000
vt 0.375000 0.500000
vt 0.604274 0.250000
vt 0.625000 0.250000
vt 0.625000 0.500000
vt 0.604274 0.500000
vt 0.625000 0.236340
vt 0.875000 0.236340
vt 0.875000 0.250000
vt 0.395726 1.000000
vt 0.395726 0.750000
vt 0.375000 1.000000
vt 0.375000 0.750000
vt 0.375000 0.000000
vt 0.375000 0.013662
vt 0.125000 0.013662
vt 0.125000 0.000000
vt 0.625000 0.013661
vt 0.875000 0.013661
vt 0.625000 0.000000
vt 0.875000 0.000000
vt 0.625000 1.000000
vt 0.604274 1.000000
vt 0.604274 0.750000
vt 0.625000 0.750000
vt 0.418745 1.000000
vt 0.418745 0.750000
vt 0.581255 0.750000
vt 0.581255 1.000000
vt 0.625000 0.024687
vt 0.875000 0.024687
vt 0.875000 0.225315
vt 0.625000 0.225315
vt 0.125000 0.024687
vt 0.375000 0.024687
vt 0.375000 0.225315
vt 0.125000 0.225315
vt 0.375000 0.236339
vt 0.125000 0.236339
vt 0.375000 0.250000
vt 0.125000 0.250000
vt 0.395726 0.250000
vt 0.395726 0.500000
vt 0.375000 0.500000
vt 0.604274 0.250000
vt 0.625000 0.250000
vt 0.625000 0.500000
vt 0.604274 0.500000
vt 0.625000 0.236340
vt 0.875000 0.236340
vt 0.875000 0.250000
vt 0.395726 1.000000
vt 0.395726 0.750000
vt 0.375000 1.000000
vt 0.375000 0.750000
vt 0.375000 0.000000
vt 0.375000 0.013662
vt 0.125000 0.013662
vt 0.125000 0.000000
vt 0.625000 0.013661
vt 0.875000 0.013661
vt 0.625000 0.000000
vt 0.875000 0.000000
vt 0.625000 1.000000
vt 0.604274 1.000000
vt 0.604274 0.750000
vt 0.625000 0.750000
vt 0.418745 1.000000
vt 0.418745 0.750000
vt 0.581255 0.750000
vt 0.581255 1.000000
vt 0.625000 0.024687
vt 0.875000 0.024687
vt 0.875000 0.225315
vt 0.625000 0.225315
vt 0.125000 0.024687
vt 0.375000 0.024687
vt 0.375000 0.225315
vt 0.125000 0.225315
vt 0.375000 0.236339
vt 0.125000 0.236339
vt 0.375000 0.250000
vt 0.125000 0.250000
vt 0.395726 0.250000
vt 0.395726 0.500000
vt 0.375000 0.500000
vt 0.604274 0.250000
vt 0.625000 0.250000
vt 0.625000 0.500000
vt 0.604274 0.500000
vt 0.625000 0.236340
vt 0.875000 0.236340
vt 0.875000 0.250000
vt 0.395726 1.000000
vt 0.395726 0.750000
vt 0.375000 1.000000
vt 0.375000 0.750000
vt 0.375000 0.000000
vt 0.375000 0.013662
vt 0.125000 0.013662
vt 0.125000 0.000000
vt 0.625000 0.013661
vt 0.875000 0.013661
vt 0.625000 0.000000
vt 0.875000 0.000000
vt 0.625000 1.000000
vt 0.604274 1.000000
vt 0.604274 0.750000
vt 0.625000 0.750000
vt 0.418745 1.000000
vt 0.418745 0.750000
vt 0.581255 0.750000
vt 0.581255 1.000000
vt 0.625000 0.024687
vt 0.875000 0.024687
vt 0.875000 0.225315
vt 0.625000 0.225315
vt 0.125000 0.024687
vt 0.375000 0.024687
vt 0.375000 0.225315
vt 0.125000 0.225315
vt 0.375000 0.236339
vt 0.125000 0.236339
vt 0.375000 0.250000
vt 0.125000 0.250000
vt 0.395726 0.250000
vt 0.395726 0.500000
vt 0.375000 0.500000
vt 0.604274 0.250000
vt 0.625000 0.250000
vt 0.625000 0.500000
vt 0.604274 0.500000
vt 0.625000 0.236340
vt 0.875000 0.236340
vt 0.875000 0.250000
vt 0.395726 1.000000
vt 0.395726 0.750000
vt 0.375000 1.000000
vt 0.375000 0.750000
vt 0.375000 0.000000
vt 0.375000 0.013662
vt 0.125000 0.013662
vt 0.125000 0.000000
vt 0.625000 0.013661
vt 0.875000 0.013661
vt 0.625000 0.000000
vt 0.875000 0.000000
vt 0.625000 1.000000
vt 0.604274 1.000000
vt 0.604274 0.750000
vt 0.625000 0.750000
vt 0.418745 1.000000
vt 0.418745 0.750000
vt 0.581255 0.750000
vt 0.581255 1.000000
vt 0.625000 0.024687
vt 0.875000 0.024687
vt 0.875000 0.225315
vt 0.625000 0.225315
vt 0.125000 0.024687
vt 0.375000 0.024687
vt 0.375000 0.225315
vt 0.125000 0.225315
vt 0.375000 0.236339
vt 0.125000 0.236339
vt 0.375000 0.250000
vt 0.125000 0.250000
vt 0.395726 0.250000
vt 0.395726 0.500000
vt 0.375000 0.500000
vt 0.604274 0.250000
vt 0.625000 0.250000
vt 0.625000 0.500000
vt 0.604274 0.500000
vt 0.625000 0.236340
vt 0.875000 0.236340
vt 0.875000 0.250000
vt 0.395726 1.000000
vt 0.395726 0.750000
vt 0.375000 1.000000
vt 0.375000 0.750000
vt 0.375000 0.000000
vt 0.375000 0.013662
vt 0.125000 0.013662
vt 0.125000 0.000000
vt 0.625000 0.013661
vt 0.875000 0.013661
vt 0.625000 0.000000
vt 0.875000 0.000000
vt 0.625000 1.000000
vt 0.604274 1.000000
vt 0.604274 0.750000
vt 0.625000 0.750000
vt 0.418745 1.000000
vt 0.418745 0.750000
vt 0.581255 0.750000
vt 0.581255 1.000000
vt 0.625000 0.024687
vt 0.875000 0.024687
vt 0.875000 0.225315
vt 0.625000 0.225315
vt 0.125000 0.024687
vt 0.375000 0.024687
vt 0.375000 0.225315
vt 0.125000 0.225315
vt 0.375000 0.236339
vt 0.125000 0.236339
vt 0.375000 0.250000
vt 0.125000 0.250000
vt 0.395726 0.250000
vt 0.395726 0.500000
vt 0.375000 0.500000
vt 0.604274 0.250000
vt 0.625000 0.250000
vt 0.625000 0.500000
vt 0.604274 0.500000
vt 0.625000 0.236340
vt 0.875000 0.236340
vt 0.875000 0.250000
vt 0.395726 1.000000
vt 0.395726 0.750000
vt 0.375000 1.000000
vt 0.375000 0.750000
vt 0.375000 0.000000
vt 0.375000 0.013662
vt 0.125000 0.013662
vt 0.125000 0.000000
vt 0.625000 0.013661
vt 0.875000 0.013661
vt 0.625000 0.000000
vt 0.875000 0.000000
vt 0.625000 1.000000
vt 0.604274 1.000000
vt 0.604274 0.750000
vt 0.625000 0.750000
vt 0.418745 1.000000
vt 0.418745 0.750000
vt 0.581255 0.750000
vt 0.581255 1.000000
vt 0.625000 0.024687
vt 0.875000 0.024687
vt 0.875000 0.225315
vt 0.625000 0.225315
vt 0.125000 0.024687
vt 0.375000 0.024687
vt 0.375000 0.225315
vt 0.125000 0.225315
vt 0.375000 0.236339
vt 0.125000 0.236339
vt 0.375000 0.250000
vt 0.125000 0.250000
vt 0.395726 0.250000
vt 0.395726 0.500000
vt 0.375000 0.500000
vt 0.604274 0.250000
vt 0.625000 0.250000
vt 0.625000 0.500000
vt 0.604274 0.500000
vt 0.625000 0.236340
vt 0.875000 0.236340
vt 0.875000 0.250000
vt 0.395726 1.000000
vt 0.395726 0.750000
vt 0.375000 1.000000
vt 0.375000 0.750000
vt 0.375000 0.000000
vt 0.375000 0.013662
vt 0.125000 0.013662
vt 0.125000 0.000000
vt 0.625000 0.013661
vt 0.875000 0.013661
vt 0.625000 0.000000
vt 0.875000 0.000000
vt 0.625000 1.000000
vt 0.604274 1.000000
vt 0.604274 0.750000
vt 0.625000 0.750000
vt 0.418745 1.000000
vt 0.418745 0.750000
vt 0.581255 0.750000
vt 0.581255 1.000000
vt 0.625000 0.024687
vt 0.875000 0.024687
vt 0.875000 0.225315
vt 0.625000 0.225315
vt 0.125000 0.024687
vt 0.375000 0.024687
vt 0.375000 0.225315
vt 0.125000 0.225315
vt 0.375000 0.236339
vt 0.125000 0.236339
vt 0.375000 0.250000
vt 0.125000 0.250000
vt 0.395726 0.250000
vt 0.395726 0.500000
vt 0.375000 0.500000
vt 0.604274 0.250000
vt 0.625000 0.250000
vt 0.625000 0.500000
vt 0.604274 0.500000
vt 0.625000 0.236340
vt 0.875000 0.236340
vt 0.875000 0.250000
vt 0.395726 1.000000
vt 0.395726 0.750000
vt 0.375000 1.000000
vt 0.375000 0.750000
vt 0.375000 0.000000
vt 0.375000 0.013662
vt 0.125000 0.013662
vt 0.125000 0.000000
vt 0.625000 0.013661
vt 0.875000 0.013661
vt 0.625000 0.000000
vt 0.875000 0.000000
vt 0.625000 1.000000
vt 0.604274 1.000000
vt 0.604274 0.750000
vt 0.625000 0.750000
vt 0.418745 1.000000
vt 0.418745 0.750000
vt 0.581255 0.750000
vt 0.581255 1.000000
vt 0.625000 0.024687
vt 0.875000 0.024687
vt 0.875000 0.225315
vt 0.625000 0.225315
vt 0.125000 0.024687
vt 0.375000 0.024687
vt 0.375000 0.225315
vt 0.125000 0.225315
vt 0.375000 0.236339
vt 0.125000 0.236339
vt 0.375000 0.250000
vt 0.125000 0.250000
vt 0.395726 0.250000
vt 0.395726 0.500000
vt 0.375000 0.500000
vt 0.604274 0.250000
vt 0.625000 0.250000
vt 0.625000 0.500000
vt 0.604274 0.500000
vt 0.625000 0.236340
vt 0.875000 0.236340
vt 0.875000 0.250000
vt 0.395726 1.000000
vt 0.395726 0.750000
vt 0.375000 1.000000
vt 0.375000 0.750000
vt 0.375000 0.000000
vt 0.375000 0.013662
vt 0.125000 0.013662
vt 0.125000 0.000000
vt 0.625000 0.013661
vt 0.875000 0.013661
vt 0.625000 0.000000
vt 0.875000 0.000000
vt 0.625000 1.000000
vt 0.604274 1.000000
vt 0.604274 0.750000
vt 0.625000 0.750000
vt 0.418745 1.000000
vt 0.418745 0.750000
vt 0.581255 0.750000
vt 0.581255 1.000000
vt 0.625000 0.024687
vt 0.875000 0.024687
vt 0.875000 0.225315
vt 0.625000 0.225315
vt 0.125000 0.024687
vt 0.375000 0.024687
vt 0.375000 0.225315
vt 0.125000 0.225315
vt 0.375000 0.236339
vt 0.125000 0.236339
vt 0.375000 0.250000
vt 0.125000 0.250000
vt 0.395726 0.250000
vt 0.395726 0.500000
vt 0.375000 0.500000
vt 0.604274 0.250000
vt 0.625000 0.250000
vt 0.625000 0.500000
vt 0.604274 0.500000
vt 0.625000 0.236340
vt 0.875000 0.236340
vt 0.875000 0.250000
vt 0.395726 1.000000
vt 0.395726 0.750000
vt 0.375000 1.000000
vt 0.375000 0.750000
vt 0.375000 0.000000
vt 0.375000 0.013662
vt 0.125000 0.013662
vt 0.125000 0.000000
vt 0.625000 0.013661
vt 0.875000 0.013661
vt 0.625000 0.000000
vt 0.875000 0.000000
vt 0.625000 1.000000
vt 0.604274 1.000000
vt 0.604274 0.750000
vt 0.625000 0.750000
vt 0.418745 1.000000
vt 0.418745 0.750000
vt 0.581255 0.750000
vt 0.581255 1.000000
vt 0.625000 0.024687
vt 0.875000 0.024687
vt 0.875000 0.225315
vt 0.625000 0.225315
vt 0.125000 0.024687
vt 0.375000 0.024687
vt 0.375000 0.225315
vt 0.125000 0.225315
vt 0.375000 0.236339
vt 0.125000 0.236339
vt 0.375000 0.250000
vt 0.125000 0.250000
vt 0.395726 0.250000
vt 0.395726 0.500000
vt 0.375000 0.500000
vt 0.604274 0.250000
vt 0.625000 0.250000
vt 0.625000 0.500000
vt 0.604274 0.500000
vt 0.625000 0.236340
vt 0.875000 0.236340
vt 0.875000 0.250000
vt 0.395726 1.000000
vt 0.395726 0.750000
vt 0.375000 1.000000
vt 0.375000 0.750000
vt 0.375000 0.000000
vt 0.375000 0.013662
vt 0.125000 0.013662
vt 0.125000 0.000000
vt 0.625000 0.013661
vt 0.875000 0.013661
vt 0.625000 0.000000
vt 0.875000 0.000000
vt 0.625000 1.000000
vt 0.604274 1.000000
vt 0.604274 0.750000
vt 0.625000 0.750000
vt 0.418745 1.000000
vt 0.418745 0.750000
vt 0.581255 0.750000
vt 0.581255 1.000000
vt 0.625000 0.024687
vt 0.875000 0.024687
vt 0.875000 0.225315
vt 0.625000 0.225315
vt 0.125000 0.024687
vt 0.375000 0.024687
vt 0.375000 0.225315
vt 0.125000 0.225315
vt 0.375000 0.236339
vt 0.125000 0.236339
vt 0.375000 0.250000
vt 0.125000 0.250000
vt 0.395726 0.250000
vt 0.395726 0.500000
vt 0.375000 0.500000
vt 0.604274 0.250000
vt 0.625000 0.250000
vt 0.625000 0.500000
vt 0.604274 0.500000
vt 0.625000 0.236340
vt 0.875000 0.236340
vt 0.875000 0.250000
vt 0.395726 1.000000
vt 0.395726 0.750000
vt 0.375000 1.000000
vt 0.375000 0.750000
vt 0.375000 0.000000
vt 0.375000 0.013662
vt 0.125000 0.013662
vt 0.125000 0.000000
vt 0.625000 0.013661
vt 0.875000 0.013661
vt 0.625000 0.000000
vt 0.875000 0.000000
vt 0.625000 1.000000
vt 0.604274 1.000000
vt 0.604274 0.750000
vt 0.625000 0.750000
vt 0.418745 1.000000
vt 0.418745 0.750000
vt 0.581255 0.750000
vt 0.581255 1.000000
vt 0.625000 0.024687
vt 0.875000 0.024687
vt 0.875000 0.225315
vt 0.625000 0.225315
vt 0.125000 0.024687
vt 0.375000 0.024687
vt 0.375000 0.225315
vt 0.125000 0.225315
vt 0.375000 0.236339
vt 0.125000 0.236339
vt 0.375000 0.250000
vt 0.125000 0.250000
vt 0.395726 0.250000
vt 0.395726 0.500000
vt 0.375000 0.500000
vt 0.604274 0.250000
vt 0.625000 0.250000
vt 0.625000 0.500000
vt 0.604274 0.500000
vt 0.625000 0.236340
vt 0.875000 0.236340
vt 0.875000 0.250000
vt 0.395726 1.000000
vt 0.395726 0.750000
vt 0.375000 1.000000
vt 0.375000 0.750000
vt 0.375000 0.000000
vt 0.375000 0.013662
vt 0.125000 0.013662
vt 0.125000 0.000000
vt 0.625000 0.013661
vt 0.875000 0.013661
vt 0.625000 0.000000
vt 0.875000 0.000000
vt 0.625000 1.000000
vt 0.604274 1.000000
vt 0.604274 0.750000
vt 0.625000 0.750000
vt 0.375000 0.312500
vt 0.391667 0.312500
vt 0.391667 0.687500
vt 0.375000 0.687500
vt 0.408333 0.312500
vt 0.408333 0.687500
vt 0.425000 0.312500
vt 0.425000 0.687500
vt 0.441667 0.312500
vt 0.441667 0.687500
vt 0.458333 0.312500
vt 0.458333 0.687500
vt 0.475000 0.312500
vt 0.475000 0.687500
vt 0.491667 0.312500
vt 0.491667 0.687500
vt 0.508333 0.312500
vt 0.508333 0.687500
vt 0.525000 0.312500
vt 0.525000 0.687500
vt 0.541667 0.312500
vt 0.541667 0.687500
vt 0.558333 0.312500
vt 0.558333 0.687500
vt 0.575000 0.312500
vt 0.575000 0.687500
vt 0.591667 0.312500
vt 0.591667 0.687500
vt 0.608333 0.312500
vt 0.608333 0.687500
vt 0.625000 0.312500
vt 0.625000 0.687500
vt 0.375000 0.312500
vt 0.375000 0.687500
vt 0.391667 0.687500
vt 0.391667 0.312500
vt 0.408333 0.687500
vt 0.408333 0.312500
vt 0.425000 0.687500
vt 0.425000 0.312500
vt 0.441667 0.687500
vt 0.441667 0.312500
vt 0.458333 0.687500
vt 0.458333 0.312500
vt 0.475000 0.687500
vt 0.475000 0.312500
vt 0.491667 0.687500
vt 0.491667 0.312500
vt 0.508333 0.687500
vt 0.508333 0.312500
vt 0.525000 0.687500
vt 0.525000 0.312500
vt 0.541667 0.687500
vt 0.541667 0.312500
vt 0.558333 0.687500
vt 0.558333 0.312500
vt 0.575000 0.687500
vt 0.575000 0.312500
vt 0.591667 0.687500
vt 0.591667 0.312500
vt 0.608333 0.687500
vt 0.608333 0.312500
vt 0.625000 0.687500
vt 0.625000 0.312500
vt 0.381592 0.925011
vt 0.375002 0.925011
vt 0.375002 0.750000
vt 0.381592 0.750000
vt 0.381592 0.006591
vt 0.381592 0.000000
vt 0.618410 0.000000
vt 0.618410 0.006591
vt 0.300011 0.006591
vt 0.381592 0.243409
vt 0.300011 0.243409
vt 0.625000 0.925011
vt 0.618410 0.925011
vt 0.618410 0.750000
vt 0.625000 0.750000
vt 0.699989 0.006591
vt 0.699989 0.243409
vt 0.618410 0.243409
vt 0.375002 0.324989
vt 0.381592 0.324989
vt 0.381592 0.500000
vt 0.375002 0.500000
vt 0.618410 0.324989
vt 0.625000 0.324989
vt 0.625000 0.500000
vt 0.618410 0.500000
vt 0.875000 0.006591
vt 0.875000 0.243409
vt 0.125000 0.006591
vt 0.125000 0.243409
vt 0.381592 0.925011
vt 0.375002 0.925011
vt 0.375002 0.750000
vt 0.381592 0.750000
vt 0.381592 0.006591
vt 0.381592 0.000000
vt 0.618410 0.000000
vt 0.618410 0.006591
vt 0.300011 0.006591
vt 0.381592 0.243409
vt 0.300011 0.243409
vt 0.625000 0.925011
vt 0.618410 0.925011
vt 0.618410 0.750000
vt 0.625000 0.750000
vt 0.699989 0.006591
vt 0.699989 0.243409
vt 0.618410 0.243409
vt 0.375002 0.324989
vt 0.381592 0.324989
vt 0.381592 0.500000
vt 0.375002 0.500000
vt 0.618410 0.324989
vt 0.625000 0.324989
vt 0.625000 0.500000
vt 0.618410 0.500000
vt 0.875000 0.006591
vt 0.875000 0.243409
vt 0.125000 0.006591
vt 0.125000 0.243409
vt 0.375000 0.312500
vt 0.391667 0.312500
vt 0.391667 0.687500
vt 0.375000 0.687500
vt 0.408333 0.312500
vt 0.408333 0.687500
vt 0.425000 0.312500
vt 0.425000 0.687500
vt 0.441667 0.312500
vt 0.441667 0.687500
vt 0.458333 0.312500
vt 0.458333 0.687500
vt 0.475000 0.312500
vt 0.475000 0.687500
vt 0.491667 0.312500
vt 0.491667 0.687500
vt 0.508333 0.312500
vt 0.508333 0.687500
vt 0.525000 0.312500
vt 0.525000 0.687500
vt 0.541667 0.312500
vt 0.541667 0.687500
vt 0.558333 0.312500
vt 0.558333 0.687500
vt 0.575000 0.312500
vt 0.575000 0.687500
vt 0.591667 0.312500
vt 0.591667 0.687500
vt 0.608333 0.312500
vt 0.608333 0.687500
vt 0.625000 0.312500
vt 0.625000 0.687500
vt 0.381592 0.925011
vt 0.375002 0.925011
vt 0.375002 0.750000
vt 0.381592 0.750000
vt 0.381592 0.006591
vt 0.381592 0.000000
vt 0.618410 0.000000
vt 0.618410 0.006591
vt 0.300011 0.006591
vt 0.381592 0.243409
vt 0.300011 0.243409
vt 0.625000 0.925011
vt 0.618410 0.925011
vt 0.618410 0.750000
vt 0.625000 0.750000
vt 0.699989 0.006591
vt 0.699989 0.243409
vt 0.618410 0.243409
vt 0.375002 0.324989
vt 0.381592 0.324989
vt 0.381592 0.500000
vt 0.375002 0.500000
vt 0.618410 0.324989
vt 0.625000 0.324989
vt 0.625000 0.500000
vt 0.618410 0.500000
vt 0.875000 0.006591
vt 0.875000 0.243409
vt 0.125000 0.006591
vt 0.125000 0.243409
vt 0.381592 0.925011
vt 0.375002 0.925011
vt 0.375002 0.750000
vt 0.381592 0.750000
vt 0.381592 0.006591
vt 0.381592 0.000000
vt 0.618410 0.000000
vt 0.618410 0.006591
vt 0.300011 0.006591
vt 0.381592 0.243409
vt 0.300011 0.243409
vt 0.625000 0.925011
vt 0.618410 0.925011
vt 0.618410 0.750000
vt 0.625000 0.750000
vt 0.699989 0.006591
vt 0.699989 0.243409
vt 0.618410 0.243409
vt 0.375002 0.324989
vt 0.381592 0.324989
vt 0.381592 0.500000
vt 0.375002 0.500000
vt 0.618410 0.324989
vt 0.625000 0.324989
vt 0.625000 0.500000
vt 0.618410 0.500000
vt 0.875000 0.006591
vt 0.875000 0.243409
vt 0.125000 0.006591
vt 0.125000 0.243409
vt 0.375000 0.312500
vt 0.375000 0.687500
vt 0.391667 0.687500
vt 0.391667 0.312500
vt 0.408333 0.687500
vt 0.408333 0.312500
vt 0.425000 0.687500
vt 0.425000 0.312500
vt 0.441667 0.687500
vt 0.441667 0.312500
vt 0.458333 0.687500
vt 0.458333 0.312500
vt 0.475000 0.687500
vt 0.475000 0.312500
vt 0.491667 0.687500
vt 0.491667 0.312500
vt 0.508333 0.687500
vt 0.508333 0.312500
vt 0.525000 0.687500
vt 0.525000 0.312500
vt 0.541667 0.687500
vt 0.541667 0.312500
vt 0.558333 0.687500
vt 0.558333 0.312500
vt 0.575000 0.687500
vt 0.575000 0.312500
vt 0.591667 0.687500
vt 0.591667 0.312500
vt 0.608333 0.687500
vt 0.608333 0.312500
vt 0.625000 0.687500
vt 0.625000 0.312500
vt 0.381592 0.925011
vt 0.375002 0.925011
vt 0.375002 0.750000
vt 0.381592 0.750000
vt 0.381592 0.006591
vt 0.381592 0.000000
vt 0.618410 0.000000
vt 0.618410 0.006591
vt 0.300011 0.006591
vt 0.381592 0.243409
vt 0.300011 0.243409
vt 0.625000 0.925011
vt 0.618410 0.925011
vt 0.618410 0.750000
vt 0.625000 0.750000
vt 0.699989 0.006591
vt 0.699989 0.243409
vt 0.618410 0.243409
vt 0.375002 0.324989
vt 0.381592 0.324989
vt 0.381592 0.500000
vt 0.375002 0.500000
vt 0.618410 0.324989
vt 0.625000 0.324989
vt 0.625000 0.500000
vt 0.618410 0.500000
vt 0.875000 0.006591
vt 0.875000 0.243409
vt 0.125000 0.006591
vt 0.125000 0.243409
vt 0.381592 0.925011
vt 0.375002 0.925011
vt 0.375002 0.750000
vt 0.381592 0.750000
vt 0.381592 0.006591
vt 0.381592 0.000000
vt 0.618410 0.000000
vt 0.618410 0.006591
vt 0.300011 0.006591
vt 0.381592 0.243409
vt 0.300011 0.243409
vt 0.625000 0.925011
vt 0.618410 0.925011
vt 0.618410 0.750000
vt 0.625000 0.750000
vt 0.699989 0.006591
vt 0.699989 0.243409
vt 0.618410 0.243409
vt 0.375002 0.324989
vt 0.381592 0.324989
vt 0.381592 0.500000
vt 0.375002 0.500000
vt 0.618410 0.324989
vt 0.625000 0.324989
vt 0.625000 0.500000
vt 0.618410 0.500000
vt 0.875000 0.006591
vt 0.875000 0.243409
vt 0.125000 0.006591
vt 0.125000 0.243409
vt 0.381592 0.925011
vt 0.375002 0.925011
vt 0.375002 0.750000
vt 0.381592 0.750000
vt 0.381592 0.006591
vt 0.381592 0.000000
vt 0.618410 0.000000
vt 0.618410 0.006591
vt 0.300011 0.006591
vt 0.381592 0.243409
vt 0.300011 0.243409
vt 0.625000 0.925011
vt 0.618410 0.925011
vt 0.618410 0.750000
vt 0.625000 0.750000
vt 0.699989 0.006591
vt 0.699989 0.243409
vt 0.618410 0.243409
vt 0.375002 0.324989
vt 0.381592 0.324989
vt 0.381592 0.500000
vt 0.375002 0.500000
vt 0.618410 0.324989
vt 0.625000 0.324989
vt 0.625000 0.500000
vt 0.618410 0.500000
vt 0.875000 0.006591
vt 0.875000 0.243409
vt 0.125000 0.006591
vt 0.125000 0.243409
vt 0.375000 0.312500
vt 0.391667 0.312500
vt 0.391667 0.687500
vt 0.375000 0.687500
vt 0.408333 0.312500
vt 0.408333 0.687500
vt 0.425000 0.312500
vt 0.425000 0.687500
vt 0.441667 0.312500
vt 0.441667 0.687500
vt 0.458333 0.312500
vt 0.458333 0.687500
vt 0.475000 0.312500
vt 0.475000 0.687500
vt 0.491667 0.312500
vt 0.491667 0.687500
vt 0.508333 0.312500
vt 0.508333 0.687500
vt 0.525000 0.312500
vt 0.525000 0.687500
vt 0.541667 0.312500
vt 0.541667 0.687500
vt 0.558333 0.312500
vt 0.558333 0.687500
vt 0.575000 0.312500
vt 0.575000 0.687500
vt 0.591667 0.312500
vt 0.591667 0.687500
vt 0.608333 0.312500
vt 0.608333 0.687500
vt 0.625000 0.312500
vt 0.625000 0.687500
vt 0.381592 0.925011
vt 0.375002 0.925011
vt 0.375002 0.750000
vt 0.381592 0.750000
vt 0.381592 0.006591
vt 0.381592 0.000000
vt 0.618410 0.000000
vt 0.618410 0.006591
vt 0.300011 0.006591
vt 0.381592 0.243409
vt 0.300011 0.243409
vt 0.625000 0.925011
vt 0.618410 0.925011
vt 0.618410 0.750000
vt 0.625000 0.750000
vt 0.699989 0.006591
vt 0.699989 0.243409
vt 0.618410 0.243409
vt 0.375002 0.324989
vt 0.381592 0.324989
vt 0.381592 0.500000
vt 0.375002 0.500000
vt 0.618410 0.324989
vt 0.625000 0.324989
vt 0.625000 0.500000
vt 0.618410 0.500000
vt 0.875000 0.006591
vt 0.875000 0.243409
vt 0.125000 0.006591
vt 0.125000 0.243409
vt 0.381592 0.925011
vt 0.375002 0.925011
vt 0.375002 0.750000
vt 0.381592 0.750000
vt 0.381592 0.006591
vt 0.381592 0.000000
vt 0.618410 0.000000
vt 0.618410 0.006591
vt 0.300011 0.006591
vt 0.381592 0.243409
vt 0.300011 0.243409
vt 0.625000 0.925011
vt 0.618410 0.925011
vt 0.618410 0.750000
vt 0.625000 0.750000
vt 0.699989 0.006591
vt 0.699989 0.243409
vt 0.618410 0.243409
vt 0.375002 0.324989
vt 0.381592 0.324989
vt 0.381592 0.500000
vt 0.375002 0.500000
vt 0.618410 0.324989
vt 0.625000 0.324989
vt 0.625000 0.500000
vt 0.618410 0.500000
vt 0.875000 0.006591
vt 0.875000 0.243409
vt 0.125000 0.006591
vt 0.125000 0.243409
vt 0.375000 0.312500
vt 0.375000 0.687500
vt 0.391667 0.687500
vt 0.391667 0.312500
vt 0.408333 0.687500
vt 0.408333 0.312500
vt 0.425000 0.687500
vt 0.425000 0.312500
vt 0.441667 0.687500
vt 0.441667 0.312500
vt 0.458333 0.687500
vt 0.458333 0.312500
vt 0.475000 0.687500
vt 0.475000 0.312500
vt 0.491667 0.687500
vt 0.491667 0.312500
vt 0.508333 0.687500
vt 0.508333 0.312500
vt 0.525000 0.687500
vt 0.525000 0.312500
vt 0.541667 0.687500
vt 0.541667 0.312500
vt 0.558333 0.687500
vt 0.558333 0.312500
vt 0.575000 0.687500
vt 0.575000 0.312500
vt 0.591667 0.687500
vt 0.591667 0.312500
vt 0.608333 0.687500
vt 0.608333 0.312500
vt 0.625000 0.687500
vt 0.625000 0.312500
vt 0.381592 0.925011
vt 0.375002 0.925011
vt 0.375002 0.750000
vt 0.381592 0.750000
vt 0.381592 0.006591
vt 0.381592 0.000000
vt 0.618410 0.000000
vt 0.618410 0.006591
vt 0.300011 0.006591
vt 0.381592 0.243409
vt 0.300011 0.243409
vt 0.625000 0.925011
vt 0.618410 0.925011
vt 0.618410 0.750000
vt 0.625000 0.750000
vt 0.699989 0.006591
vt 0.699989 0.243409
vt 0.618410 0.243409
vt 0.375002 0.324989
vt 0.381592 0.324989
vt 0.381592 0.500000
vt 0.375002 0.500000
vt 0.618410 0.324989
vt 0.625000 0.324989
vt 0.625000 0.500000
vt 0.618410 0.500000
vt 0.875000 0.006591
vt 0.875000 0.243409
vt 0.125000 0.006591
vt 0.125000 0.243409
vt 0.381592 0.925011
vt 0.375002 0.925011
vt 0.375002 0.750000
vt 0.381592 0.750000
vt 0.381592 0.006591
vt 0.381592 0.000000
vt 0.618410 0.000000
vt 0.618410 0.006591
vt 0.300011 0.006591
vt 0.381592 0.243409
vt 0.300011 0.243409
vt 0.625000 0.925011
vt 0.618410 0.925011
vt 0.618410 0.750000
vt 0.625000 0.750000
vt 0.699989 0.006591
vt 0.699989 0.243409
vt 0.618410 0.243409
vt 0.375002 0.324989
vt 0.381592 0.324989
vt 0.381592 0.500000
vt 0.375002 0.500000
vt 0.618410 0.324989
vt 0.625000 0.324989
vt 0.625000 0.500000
vt 0.618410 0.500000
vt 0.875000 0.006591
vt 0.875000 0.243409
vt 0.125000 0.006591
vt 0.125000 0.243409
vt 0.375000 0.312500
vt 0.391667 0.312500
vt 0.391667 0.687500
vt 0.375000 0.687500
vt 0.408333 0.312500
vt 0.408333 0.687500
vt 0.425000 0.312500
vt 0.425000 0.687500
vt 0.441667 0.312500
vt 0.441667 0.687500
vt 0.458333 0.312500
vt 0.458333 0.687500
vt 0.475000 0.312500
vt 0.475000 0.687500
vt 0.491667 0.312500
vt 0.491667 0.687500
vt 0.508333 0.312500
vt 0.508333 0.687500
vt 0.525000 0.312500
vt 0.525000 0.687500
vt 0.541667 0.312500
vt 0.541667 0.687500
vt 0.558333 0.312500
vt 0.558333 0.687500
vt 0.575000 0.312500
vt 0.575000 0.687500
vt 0.591667 0.312500
vt 0.591667 0.687500
vt 0.608333 0.312500
vt 0.608333 0.687500
vt 0.625000 0.312500
vt 0.625000 0.687500
vt 0.375000 0.312500
vt 0.375000 0.687500
vt 0.391667 0.687500
vt 0.391667 0.312500
vt 0.408333 0.687500
vt 0.408333 0.312500
vt 0.425000 0.687500
vt 0.425000 0.312500
vt 0.441667 0.687500
vt 0.441667 0.312500
vt 0.458333 0.687500
vt 0.458333 0.312500
vt 0.475000 0.687500
vt 0.475000 0.312500
vt 0.491667 0.687500
vt 0.491667 0.312500
vt 0.508333 0.687500
vt 0.508333 0.312500
vt 0.525000 0.687500
vt 0.525000 0.312500
vt 0.541667 0.687500
vt 0.541667 0.312500
vt 0.558333 0.687500
vt 0.558333 0.312500
vt 0.575000 0.687500
vt 0.575000 0.312500
vt 0.591667 0.687500
vt 0.591667 0.312500
vt 0.608333 0.687500
vt 0.608333 0.312500
vt 0.625000 0.687500
vt 0.625000 0.312500
vt 0.381592 0.925011
vt 0.375002 0.925011
vt 0.375002 0.750000
vt 0.381592 0.750000
vt 0.381592 0.006591
vt 0.381592 0.000000
vt 0.618410 0.000000
vt 0.618410 0.006591
vt 0.300011 0.006591
vt 0.381592 0.243409
vt 0.300011 0.243409
vt 0.625000 0.925011
vt 0.618410 0.925011
vt 0.618410 0.750000
vt 0.625000 0.750000
vt 0.699989 0.006591
vt 0.699989 0.243409
vt 0.618410 0.243409
vt 0.375002 0.324989
vt 0.381592 0.324989
vt 0.381592 0.500000
vt 0.375002 0.500000
vt 0.618410 0.324989
vt 0.625000 0.324989
vt 0.625000 0.500000
vt 0.618410 0.500000
vt 0.875000 0.006591
vt 0.875000 0.243409
vt 0.125000 0.006591
vt 0.125000 0.243409
vt 0.381592 0.925011
vt 0.375002 0.925011
vt 0.375002 0.750000
vt 0.381592 0.750000
vt 0.381592 0.006591
vt 0.381592 0.000000
vt 0.618410 0.000000
vt 0.618410 0.006591
vt 0.300011 0.006591
vt 0.381592 0.243409
vt 0.300011 0.243409
vt 0.625000 0.925011
vt 0.618410 0.925011
vt 0.618410 0.750000
vt 0.625000 0.750000
vt 0.699989 0.006591
vt 0.699989 0.243409
vt 0.618410 0.243409
vt 0.375002 0.324989
vt 0.381592 0.324989
vt 0.381592 0.500000
vt 0.375002 0.500000
vt 0.618410 0.324989
vt 0.625000 0.324989
vt 0.625000 0.500000
vt 0.618410 0.500000
vt 0.875000 0.006591
vt 0.875000 0.243409
vt 0.125000 0.006591
vt 0.125000 0.243409
vt 0.375000 0.312500
vt 0.391667 0.312500
vt 0.391667 0.687500
vt 0.375000 0.687500
vt 0.408333 0.312500
vt 0.408333 0.687500
vt 0.425000 0.312500
vt 0.425000 0.687500
vt 0.441667 0.312500
vt 0.441667 0.687500
vt 0.458333 0.312500
vt 0.458333 0.687500
vt 0.475000 0.312500
vt 0.475000 0.687500
vt 0.491667 0.312500
vt 0.491667 0.687500
vt 0.508333 0.312500
vt 0.508333 0.687500
vt 0.525000 0.312500
vt 0.525000 0.687500
vt 0.541667 0.312500
vt 0.541667 0.687500
vt 0.558333 0.312500
vt 0.558333 0.687500
vt 0.575000 0.312500
vt 0.575000 0.687500
vt 0.591667 0.312500
vt 0.591667 0.687500
vt 0.608333 0.312500
vt 0.608333 0.687500
vt 0.625000 0.312500
vt 0.625000 0.687500
vt 0.375000 0.312500
vt 0.391667 0.312500
vt 0.391667 0.687500
vt 0.375000 0.687500
vt 0.408333 0.312500
vt 0.408333 0.687500
vt 0.425000 0.312500
vt 0.425000 0.687500
vt 0.441667 0.312500
vt 0.441667 0.687500
vt 0.458333 0.312500
vt 0.458333 0.687500
vt 0.475000 0.312500
vt 0.475000 0.687500
vt 0.491667 0.312500
vt 0.491667 0.687500
vt 0.508333 0.312500
vt 0.508333 0.687500
vt 0.525000 0.312500
vt 0.525000 0.687500
vt 0.541667 0.312500
vt 0.541667 0.687500
vt 0.558333 0.312500
vt 0.558333 0.687500
vt 0.575000 0.312500
vt 0.575000 0.687500
vt 0.591667 0.312500
vt 0.591667 0.687500
vt 0.608333 0.312500
vt 0.608333 0.687500
vt 0.625000 0.312500
vt 0.625000 0.687500
vt 0.375000 0.312500
vt 0.391667 0.312500
vt 0.391667 0.687500
vt 0.375000 0.687500
vt 0.408333 0.312500
vt 0.408333 0.687500
vt 0.425000 0.312500
vt 0.425000 0.687500
vt 0.441667 0.312500
vt 0.441667 0.687500
vt 0.458333 0.312500
vt 0.458333 0.687500
vt 0.475000 0.312500
vt 0.475000 0.687500
vt 0.491667 0.312500
vt 0.491667 0.687500
vt 0.508333 0.312500
vt 0.508333 0.687500
vt 0.525000 0.312500
vt 0.525000 0.687500
vt 0.541667 0.312500
vt 0.541667 0.687500
vt 0.558333 0.312500
vt 0.558333 0.687500
vt 0.575000 0.312500
vt 0.575000 0.687500
vt 0.591667 0.312500
vt 0.591667 0.687500
vt 0.608333 0.312500
vt 0.608333 0.687500
vt 0.625000 0.312500
vt 0.625000 0.687500
vt 0.375000 0.312500
vt 0.391667 0.312500
vt 0.391667 0.687500
vt 0.375000 0.687500
vt 0.408333 0.312500
vt 0.408333 0.687500
vt 0.425000 0.312500
vt 0.425000 0.687500
vt 0.441667 0.312500
vt 0.441667 0.687500
vt 0.458333 0.312500
vt 0.458333 0.687500
vt 0.475000 0.312500
vt 0.475000 0.687500
vt 0.491667 0.312500
vt 0.491667 0.687500
vt 0.508333 0.312500
vt 0.508333 0.687500
vt 0.525000 0.312500
vt 0.525000 0.687500
vt 0.541667 0.312500
vt 0.541667 0.687500
vt 0.558333 0.312500
vt 0.558333 0.687500
vt 0.575000 0.312500
vt 0.575000 0.687500
vt 0.591667 0.312500
vt 0.591667 0.687500
vt 0.608333 0.312500
vt 0.608333 0.687500
vt 0.625000 0.312500
vt 0.625000 0.687500
vt 0.375000 0.312500
vt 0.391667 0.312500
vt 0.391667 0.687500
vt 0.375000 0.687500
vt 0.408333 0.312500
vt 0.408333 0.687500
vt 0.425000 0.312500
vt 0.425000 0.687500
vt 0.441667 0.312500
vt 0.441667 0.687500
vt 0.458333 0.312500
vt 0.458333 0.687500
vt 0.475000 0.312500
vt 0.475000 0.687500
vt 0.491667 0.312500
vt 0.491667 0.687500
vt 0.508333 0.312500
vt 0.508333 0.687500
vt 0.525000 0.312500
vt 0.525000 0.687500
vt 0.541667 0.312500
vt 0.541667 0.687500
vt 0.558333 0.312500
vt 0.558333 0.687500
vt 0.575000 0.312500
vt 0.575000 0.687500
vt 0.591667 0.312500
vt 0.591667 0.687500
vt 0.608333 0.312500
vt 0.608333 0.687500
vt 0.625000 0.312500
vt 0.625000 0.687500
vt 0.375000 0.312500
vt 0.391667 0.312500
vt 0.391667 0.687500
vt 0.375000 0.687500
vt 0.408333 0.312500
vt 0.408333 0.687500
vt 0.425000 0.312500
vt 0.425000 0.687500
vt 0.441667 0.312500
vt 0.441667 0.687500
vt 0.458333 0.312500
vt 0.458333 0.687500
vt 0.475000 0.312500
vt 0.475000 0.687500
vt 0.491667 0.312500
vt 0.491667 0.687500
vt 0.508333 0.312500
vt 0.508333 0.687500
vt 0.525000 0.312500
vt 0.525000 0.687500
vt 0.541667 0.312500
vt 0.541667 0.687500
vt 0.558333 0.312500
vt 0.558333 0.687500
vt 0.575000 0.312500
vt 0.575000 0.687500
vt 0.591667 0.312500
vt 0.591667 0.687500
vt 0.608333 0.312500
vt 0.608333 0.687500
vt 0.625000 0.312500
vt 0.625000 0.687500
vt 0.375000 0.312500
vt 0.391667 0.312500
vt 0.391667 0.687500
vt 0.375000 0.687500
vt 0.408333 0.312500
vt 0.408333 0.687500
vt 0.425000 0.312500
vt 0.425000 0.687500
vt 0.441667 0.312500
vt 0.441667 0.687500
vt 0.458333 0.312500
vt 0.458333 0.687500
vt 0.475000 0.312500
vt 0.475000 0.687500
vt 0.491667 0.312500
vt 0.491667 0.687500
vt 0.508333 0.312500
vt 0.508333 0.687500
vt 0.525000 0.312500
vt 0.525000 0.687500
vt 0.541667 0.312500
vt 0.541667 0.687500
vt 0.558333 0.312500
vt 0.558333 0.687500
vt 0.575000 0.312500
vt 0.575000 0.687500
vt 0.591667 0.312500
vt 0.591667 0.687500
vt 0.608333 0.312500
vt 0.608333 0.687500
vt 0.625000 0.312500
vt 0.625000 0.687500
vt 0.375000 0.312500
vt 0.391667 0.312500
vt 0.391667 0.687500
vt 0.375000 0.687500
vt 0.408333 0.312500
vt 0.408333 0.687500
vt 0.425000 0.312500
vt 0.425000 0.687500
vt 0.441667 0.312500
vt 0.441667 0.687500
vt 0.458333 0.312500
vt 0.458333 0.687500
vt 0.475000 0.312500
vt 0.475000 0.687500
vt 0.491667 0.312500
vt 0.491667 0.687500
vt 0.508333 0.312500
vt 0.508333 0.687500
vt 0.525000 0.312500
vt 0.525000 0.687500
vt 0.541667 0.312500
vt 0.541667 0.687500
vt 0.558333 0.312500
vt 0.558333 0.687500
vt 0.575000 0.312500
vt 0.575000 0.687500
vt 0.591667 0.312500
vt 0.591667 0.687500
vt 0.608333 0.312500
vt 0.608333 0.687500
vt 0.625000 0.312500
vt 0.625000 0.687500
vt 0.375000 0.312500
vt 0.391667 0.312500
vt 0.391667 0.687500
vt 0.375000 0.687500
vt 0.408333 0.312500
vt 0.408333 0.687500
vt 0.425000 0.312500
vt 0.425000 0.687500
vt 0.441667 0.312500
vt 0.441667 0.687500
vt 0.458333 0.312500
vt 0.458333 0.687500
vt 0.475000 0.312500
vt 0.475000 0.687500
vt 0.491667 0.312500
vt 0.491667 0.687500
vt 0.508333 0.312500
vt 0.508333 0.687500
vt 0.525000 0.312500
vt 0.525000 0.687500
vt 0.541667 0.312500
vt 0.541667 0.687500
vt 0.558333 0.312500
vt 0.558333 0.687500
vt 0.575000 0.312500
vt 0.575000 0.687500
vt 0.591667 0.312500
vt 0.591667 0.687500
vt 0.608333 0.312500
vt 0.608333 0.687500
vt 0.625000 0.312500
vt 0.625000 0.687500
vt 0.375000 0.312500
vt 0.391667 0.312500
vt 0.391667 0.687500
vt 0.375000 0.687500
vt 0.408333 0.312500
vt 0.408333 0.687500
vt 0.425000 0.312500
vt 0.425000 0.687500
vt 0.441667 0.312500
vt 0.441667 0.687500
vt 0.458333 0.312500
vt 0.458333 0.687500
vt 0.475000 0.312500
vt 0.475000 0.687500
vt 0.491667 0.312500
vt 0.491667 0.687500
vt 0.508333 0.312500
vt 0.508333 0.687500
vt 0.525000 0.312500
vt 0.525000 0.687500
vt 0.541667 0.312500
vt 0.541667 0.687500
vt 0.558333 0.312500
vt 0.558333 0.687500
vt 0.575000 0.312500
vt 0.575000 0.687500
vt 0.591667 0.312500
vt 0.591667 0.687500
vt 0.608333 0.312500
vt 0.608333 0.687500
vt 0.625000 0.312500
vt 0.625000 0.687500
vt 0.375000 0.312500
vt 0.391667 0.312500
vt 0.391667 0.687500
vt 0.375000 0.687500
vt 0.408333 0.312500
vt 0.408333 0.687500
vt 0.425000 0.312500
vt 0.425000 0.687500
vt 0.441667 0.312500
vt 0.441667 0.687500
vt 0.458333 0.312500
vt 0.458333 0.687500
vt 0.475000 0.312500
vt 0.475000 0.687500
vt 0.491667 0.312500
vt 0.491667 0.687500
vt 0.508333 0.312500
vt 0.508333 0.687500
vt 0.525000 0.312500
vt 0.525000 0.687500
vt 0.541667 0.312500
vt 0.541667 0.687500
vt 0.558333 0.312500
vt 0.558333 0.687500
vt 0.575000 0.312500
vt 0.575000 0.687500
vt 0.591667 0.312500
vt 0.591667 0.687500
vt 0.608333 0.312500
vt 0.608333 0.687500
vt 0.625000 0.312500
vt 0.625000 0.687500
vt 0.375000 0.312500
vt 0.391667 0.312500
vt 0.391667 0.687500
vt 0.375000 0.687500
vt 0.408333 0.312500
vt 0.408333 0.687500
vt 0.425000 0.312500
vt 0.425000 0.687500
vt 0.441667 0.312500
vt 0.441667 0.687500
vt 0.458333 0.312500
vt 0.458333 0.687500
vt 0.475000 0.312500
vt 0.475000 0.687500
vt 0.491667 0.312500
vt 0.491667 0.687500
vt 0.508333 0.312500
vt 0.508333 0.687500
vt 0.525000 0.312500
vt 0.525000 0.687500
vt 0.541667 0.312500
vt 0.541667 0.687500
vt 0.558333 0.312500
vt 0.558333 0.687500
vt 0.575000 0.312500
vt 0.575000 0.687500
vt 0.591667 0.312500
vt 0.591667 0.687500
vt 0.608333 0.312500
vt 0.608333 0.687500
vt 0.625000 0.312500
vt 0.625000 0.687500
vt 0.375000 0.312500
vt 0.391667 0.312500
vt 0.391667 0.687500
vt 0.375000 0.687500
vt 0.408333 0.312500
vt 0.408333 0.687500
vt 0.425000 0.312500
vt 0.425000 0.687500
vt 0.441667 0.312500
vt 0.441667 0.687500
vt 0.458333 0.312500
vt 0.458333 0.687500
vt 0.475000 0.312500
vt 0.475000 0.687500
vt 0.491667 0.312500
vt 0.491667 0.687500
vt 0.508333 0.312500
vt 0.508333 0.687500
vt 0.525000 0.312500
vt 0.525000 0.687500
vt 0.541667 0.312500
vt 0.541667 0.687500
vt 0.558333 0.312500
vt 0.558333 0.687500
vt 0.575000 0.312500
vt 0.575000 0.687500
vt 0.591667 0.312500
vt 0.591667 0.687500
vt 0.608333 0.312500
vt 0.608333 0.687500
vt 0.625000 0.312500
vt 0.625000 0.687500
vt 0.375000 0.312500
vt 0.391667 0.312500
vt 0.391667 0.687500
vt 0.375000 0.687500
vt 0.408333 0.312500
vt 0.408333 0.687500
vt 0.425000 0.312500
vt 0.425000 0.687500
vt 0.441667 0.312500
vt 0.441667 0.687500
vt 0.458333 0.312500
vt 0.458333 0.687500
vt 0.475000 0.312500
vt 0.475000 0.687500
vt 0.491667 0.312500
vt 0.491667 0.687500
vt 0.508333 0.312500
vt 0.508333 0.687500
vt 0.525000 0.312500
vt 0.525000 0.687500
vt 0.541667 0.312500
vt 0.541667 0.687500
vt 0.558333 0.312500
vt 0.558333 0.687500
vt 0.575000 0.312500
vt 0.575000 0.687500
vt 0.591667 0.312500
vt 0.591667 0.687500
vt 0.608333 0.312500
vt 0.608333 0.687500
vt 0.625000 0.312500
vt 0.625000 0.687500
vt 0.381592 0.925011
vt 0.381592 0.750000
vt 0.375002 0.750000
vt 0.375002 0.925011
vt 0.381592 0.006591
vt 0.618410 0.006591
vt 0.618410 0.000000
vt 0.381592 0.000000
vt 0.300011 0.006591
vt 0.300011 0.243409
vt 0.381592 0.243409
vt 0.625000 0.925011
vt 0.625000 0.750000
vt 0.618410 0.750000
vt 0.618410 0.925011
vt 0.618410 0.243409
vt 0.699989 0.243409
vt 0.699989 0.006591
vt 0.375002 0.324989
vt 0.375002 0.500000
vt 0.381592 0.500000
vt 0.381592 0.324989
vt 0.618410 0.324989
vt 0.618410 0.500000
vt 0.625000 0.500000
vt 0.625000 0.324989
vt 0.875000 0.243409
vt 0.875000 0.006591
vt 0.125000 0.006591
vt 0.125000 0.243409
vt 0.381592 0.925011
vt 0.381592 0.750000
vt 0.375002 0.750000
vt 0.375002 0.925011
vt 0.381592 0.006591
vt 0.618410 0.006591
vt 0.618410 0.000000
vt 0.381592 0.000000
vt 0.300011 0.006591
vt 0.300011 0.243409
vt 0.381592 0.243409
vt 0.625000 0.925011
vt 0.625000 0.750000
vt 0.618410 0.750000
vt 0.618410 0.925011
vt 0.618410 0.243409
vt 0.699989 0.243409
vt 0.699989 0.006591
vt 0.375002 0.324989
vt 0.375002 0.500000
vt 0.381592 0.500000
vt 0.381592 0.324989
vt 0.618410 0.324989
vt 0.618410 0.500000
vt 0.625000 0.500000
vt 0.625000 0.324989
vt 0.875000 0.243409
vt 0.875000 0.006591
vt 0.125000 0.006591
vt 0.125000 0.243409
vt 0.381592 0.925011
vt 0.375002 0.925011
vt 0.375002 0.750000
vt 0.381592 0.750000
vt 0.381592 0.006591
vt 0.381592 0.000000
vt 0.618410 0.000000
vt 0.618410 0.006591
vt 0.300011 0.006591
vt 0.381592 0.243409
vt 0.300011 0.243409
vt 0.625000 0.925011
vt 0.618410 0.925011
vt 0.618410 0.750000
vt 0.625000 0.750000
vt 0.699989 0.006591
vt 0.699989 0.243409
vt 0.618410 0.243409
vt 0.375002 0.324989
vt 0.381592 0.324989
vt 0.381592 0.500000
vt 0.375002 0.500000
vt 0.618410 0.324989
vt 0.625000 0.324989
vt 0.625000 0.500000
vt 0.618410 0.500000
vt 0.875000 0.006591
vt 0.875000 0.243409
vt 0.125000 0.006591
vt 0.125000 0.243409
vt 0.381592 0.925011
vt 0.375002 0.925011
vt 0.375002 0.750000
vt 0.381592 0.750000
vt 0.381592 0.006591
vt 0.381592 0.000000
vt 0.618410 0.000000
vt 0.618410 0.006591
vt 0.300011 0.006591
vt 0.381592 0.243409
vt 0.300011 0.243409
vt 0.625000 0.925011
vt 0.618410 0.925011
vt 0.618410 0.750000
vt 0.625000 0.750000
vt 0.699989 0.006591
vt 0.699989 0.243409
vt 0.618410 0.243409
vt 0.375002 0.324989
vt 0.381592 0.324989
vt 0.381592 0.500000
vt 0.375002 0.500000
vt 0.618410 0.324989
vt 0.625000 0.324989
vt 0.625000 0.500000
vt 0.618410 0.500000
vt 0.875000 0.006591
vt 0.875000 0.243409
vt 0.125000 0.006591
vt 0.125000 0.243409
vt 0.375000 0.312500
vt 0.391667 0.312500
vt 0.391667 0.687500
vt 0.375000 0.687500
vt 0.408333 0.312500
vt 0.408333 0.687500
vt 0.425000 0.312500
vt 0.425000 0.687500
vt 0.441667 0.312500
vt 0.441667 0.687500
vt 0.458333 0.312500
vt 0.458333 0.687500
vt 0.475000 0.312500
vt 0.475000 0.687500
vt 0.491667 0.312500
vt 0.491667 0.687500
vt 0.508333 0.312500
vt 0.508333 0.687500
vt 0.525000 0.312500
vt 0.525000 0.687500
vt 0.541667 0.312500
vt 0.541667 0.687500
vt 0.558333 0.312500
vt 0.558333 0.687500
vt 0.575000 0.312500
vt 0.575000 0.687500
vt 0.591667 0.312500
vt 0.591667 0.687500
vt 0.608333 0.312500
vt 0.608333 0.687500
vt 0.625000 0.312500
vt 0.625000 0.687500
vt 0.381592 0.925011
vt 0.381592 0.750000
vt 0.375002 0.750000
vt 0.375002 0.925011
vt 0.381592 0.006591
vt 0.618410 0.006591
vt 0.618410 0.000000
vt 0.381592 0.000000
vt 0.300011 0.006591
vt 0.300011 0.243409
vt 0.381592 0.243409
vt 0.625000 0.925011
vt 0.625000 0.750000
vt 0.618410 0.750000
vt 0.618410 0.925011
vt 0.618410 0.243409
vt 0.699989 0.243409
vt 0.699989 0.006591
vt 0.375002 0.324989
vt 0.375002 0.500000
vt 0.381592 0.500000
vt 0.381592 0.324989
vt 0.618410 0.324989
vt 0.618410 0.500000
vt 0.625000 0.500000
vt 0.625000 0.324989
vt 0.875000 0.243409
vt 0.875000 0.006591
vt 0.125000 0.006591
vt 0.125000 0.243409
vt 0.381592 0.925011
vt 0.381592 0.750000
vt 0.375002 0.750000
vt 0.375002 0.925011
vt 0.381592 0.006591
vt 0.618410 0.006591
vt 0.618410 0.000000
vt 0.381592 0.000000
vt 0.300011 0.006591
vt 0.300011 0.243409
vt 0.381592 0.243409
vt 0.625000 0.925011
vt 0.625000 0.750000
vt 0.618410 0.750000
vt 0.618410 0.925011
vt 0.618410 0.243409
vt 0.699989 0.243409
vt 0.699989 0.006591
vt 0.375002 0.324989
vt 0.375002 0.500000
vt 0.381592 0.500000
vt 0.381592 0.324989
vt 0.618410 0.324989
vt 0.618410 0.500000
vt 0.625000 0.500000
vt 0.625000 0.324989
vt 0.875000 0.243409
vt 0.875000 0.006591
vt 0.125000 0.006591
vt 0.125000 0.243409
vt 0.381592 0.925011
vt 0.381592 0.750000
vt 0.375002 0.750000
vt 0.375002 0.925011
vt 0.381592 0.006591
vt 0.618410 0.006591
vt 0.618410 0.000000
vt 0.381592 0.000000
vt 0.300011 0.006591
vt 0.300011 0.243409
vt 0.381592 0.243409
vt 0.625000 0.925011
vt 0.625000 0.750000
vt 0.618410 0.750000
vt 0.618410 0.925011
vt 0.618410 0.243409
vt 0.699989 0.243409
vt 0.699989 0.006591
vt 0.375002 0.324989
vt 0.375002 0.500000
vt 0.381592 0.500000
vt 0.381592 0.324989
vt 0.618410 0.324989
vt 0.618410 0.500000
vt 0.625000 0.500000
vt 0.625000 0.324989
vt 0.875000 0.243409
vt 0.875000 0.006591
vt 0.125000 0.006591
vt 0.125000 0.243409
vt 0.381592 0.925011
vt 0.381592 0.750000
vt 0.375002 0.750000
vt 0.375002 0.925011
vt 0.381592 0.006591
vt 0.618410 0.006591
vt 0.618410 0.000000
vt 0.381592 0.000000
vt 0.300011 0.006591
vt 0.300011 0.243409
vt 0.381592 0.243409
vt 0.625000 0.925011
vt 0.625000 0.750000
vt 0.618410 0.750000
vt 0.618410 0.925011
vt 0.618410 0.243409
vt 0.699989 0.243409
vt 0.699989 0.006591
vt 0.375002 0.324989
vt 0.375002 0.500000
vt 0.381592 0.500000
vt 0.381592 0.324989
vt 0.618410 0.324989
vt 0.618410 0.500000
vt 0.625000 0.500000
vt 0.625000 0.324989
vt 0.875000 0.243409
vt 0.875000 0.006591
vt 0.125000 0.006591
vt 0.125000 0.243409
vt 0.381592 0.925011
vt 0.381592 0.750000
vt 0.375002 0.750000
vt 0.375002 0.925011
vt 0.381592 0.006591
vt 0.618410 0.006591
vt 0.618410 0.000000
vt 0.381592 0.000000
vt 0.300011 0.006591
vt 0.300011 0.243409
vt 0.381592 0.243409
vt 0.625000 0.925011
vt 0.625000 0.750000
vt 0.618410 0.750000
vt 0.618410 0.925011
vt 0.618410 0.243409
vt 0.699989 0.243409
vt 0.699989 0.006591
vt 0.375002 0.324989
vt 0.375002 0.500000
vt 0.381592 0.500000
vt 0.381592 0.324989
vt 0.618410 0.324989
vt 0.618410 0.500000
vt 0.625000 0.500000
vt 0.625000 0.324989
vt 0.875000 0.243409
vt 0.875000 0.006591
vt 0.125000 0.006591
vt 0.125000 0.243409
vt 0.381592 0.925011
vt 0.381592 0.750000
vt 0.375002 0.750000
vt 0.375002 0.925011
vt 0.381592 0.006591
vt 0.618410 0.006591
vt 0.618410 0.000000
vt 0.381592 0.000000
vt 0.300011 0.006591
vt 0.300011 0.243409
vt 0.381592 0.243409
vt 0.625000 0.925011
vt 0.625000 0.750000
vt 0.618410 0.750000
vt 0.618410 0.925011
vt 0.618410 0.243409
vt 0.699989 0.243409
vt 0.699989 0.006591
vt 0.375002 0.324989
vt 0.375002 0.500000
vt 0.381592 0.500000
vt 0.381592 0.324989
vt 0.618410 0.324989
vt 0.618410 0.500000
vt 0.625000 0.500000
vt 0.625000 0.324989
vt 0.875000 0.243409
vt 0.875000 0.006591
vt 0.125000 0.006591
vt 0.125000 0.243409
vt 0.381592 0.925011
vt 0.381592 0.750000
vt 0.375002 0.750000
vt 0.375002 0.925011
vt 0.381592 0.006591
vt 0.618410 0.006591
vt 0.618410 0.000000
vt 0.381592 0.000000
vt 0.300011 0.006591
vt 0.300011 0.243409
vt 0.381592 0.243409
vt 0.625000 0.925011
vt 0.625000 0.750000
vt 0.618410 0.750000
vt 0.618410 0.925011
vt 0.618410 0.243409
vt 0.699989 0.243409
vt 0.699989 0.006591
vt 0.375002 0.324989
vt 0.375002 0.500000
vt 0.381592 0.500000
vt 0.381592 0.324989
vt 0.618410 0.324989
vt 0.618410 0.500000
vt 0.625000 0.500000
vt 0.625000 0.324989
vt 0.875000 0.243409
vt 0.875000 0.006591
vt 0.125000 0.006591
vt 0.125000 0.243409
vt 0.381592 0.925011
vt 0.381592 0.750000
vt 0.375002 0.750000
vt 0.375002 0.925011
vt 0.381592 0.006591
vt 0.618410 0.006591
vt 0.618410 0.000000
vt 0.381592 0.000000
vt 0.300011 0.006591
vt 0.300011 0.243409
vt 0.381592 0.243409
vt 0.625000 0.925011
vt 0.625000 0.750000
vt 0.618410 0.750000
vt 0.618410 0.925011
vt 0.618410 0.243409
vt 0.699989 0.243409
vt 0.699989 0.006591
vt 0.375002 0.324989
vt 0.375002 0.500000
vt 0.381592 0.500000
vt 0.381592 0.324989
vt 0.618410 0.324989
vt 0.618410 0.500000
vt 0.625000 0.500000
vt 0.625000 0.324989
vt 0.875000 0.243409
vt 0.875000 0.006591
vt 0.125000 0.006591
vt 0.125000 0.243409
vt 0.381592 0.925011
vt 0.381592 0.750000
vt 0.375002 0.750000
vt 0.375002 0.925011
vt 0.381592 0.006591
vt 0.618410 0.006591
vt 0.618410 0.000000
vt 0.381592 0.000000
vt 0.300011 0.006591
vt 0.300011 0.243409
vt 0.381592 0.243409
vt 0.625000 0.925011
vt 0.625000 0.750000
vt 0.618410 0.750000
vt 0.618410 0.925011
vt 0.618410 0.243409
vt 0.699989 0.243409
vt 0.699989 0.006591
vt 0.375002 0.324989
vt 0.375002 0.500000
vt 0.381592 0.500000
vt 0.381592 0.324989
vt 0.618410 0.324989
vt 0.618410 0.500000
vt 0.625000 0.500000
vt 0.625000 0.324989
vt 0.875000 0.243409
vt 0.875000 0.006591
vt 0.125000 0.006591
vt 0.125000 0.243409
vt 0.381592 0.925011
vt 0.381592 0.750000
vt 0.375002 0.750000
vt 0.375002 0.925011
vt 0.381592 0.006591
vt 0.618410 0.006591
vt 0.618410 0.000000
vt 0.381592 0.000000
vt 0.300011 0.006591
vt 0.300011 0.243409
vt 0.381592 0.243409
vt 0.625000 0.925011
vt 0.625000 0.750000
vt 0.618410 0.750000
vt 0.618410 0.925011
vt 0.618410 0.243409
vt 0.699989 0.243409
vt 0.699989 0.006591
vt 0.375002 0.324989
vt 0.375002 0.500000
vt 0.381592 0.500000
vt 0.381592 0.324989
vt 0.618410 0.324989
vt 0.618410 0.500000
vt 0.625000 0.500000
vt 0.625000 0.324989
vt 0.875000 0.243409
vt 0.875000 0.006591
vt 0.125000 0.006591
vt 0.125000 0.243409
vt 0.381592 0.925011
vt 0.381592 0.750000
vt 0.375002 0.750000
vt 0.375002 0.925011
vt 0.381592 0.006591
vt 0.618410 0.006591
vt 0.618410 0.000000
vt 0.381592 0.000000
vt 0.300011 0.006591
vt 0.300011 0.243409
vt 0.381592 0.243409
vt 0.625000 0.925011
vt 0.625000 0.750000
vt 0.618410 0.750000
vt 0.618410 0.925011
vt 0.618410 0.243409
vt 0.699989 0.243409
vt 0.699989 0.006591
vt 0.375002 0.324989
vt 0.375002 0.500000
vt 0.381592 0.500000
vt 0.381592 0.324989
vt 0.618410 0.324989
vt 0.618410 0.500000
vt 0.625000 0.500000
vt 0.625000 0.324989
vt 0.875000 0.243409
vt 0.875000 0.006591
vt 0.125000 0.006591
vt 0.125000 0.243409
vt 0.381592 0.925011
vt 0.381592 0.750000
vt 0.375002 0.750000
vt 0.375002 0.925011
vt 0.381592 0.006591
vt 0.618410 0.006591
vt 0.618410 0.000000
vt 0.381592 0.000000
vt 0.300011 0.006591
vt 0.300011 0.243409
vt 0.381592 0.243409
vt 0.625000 0.925011
vt 0.625000 0.750000
vt 0.618410 0.750000
vt 0.618410 0.925011
vt 0.618410 0.243409
vt 0.699989 0.243409
vt 0.699989 0.006591
vt 0.375002 0.324989
vt 0.375002 0.500000
vt 0.381592 0.500000
vt 0.381592 0.324989
vt 0.618410 0.324989
vt 0.618410 0.500000
vt 0.625000 0.500000
vt 0.625000 0.324989
vt 0.875000 0.243409
vt 0.875000 0.006591
vt 0.125000 0.006591
vt 0.125000 0.243409
vt 0.381592 0.925011
vt 0.381592 0.750000
vt 0.375002 0.750000
vt 0.375002 0.925011
vt 0.381592 0.006591
vt 0.618410 0.006591
vt 0.618410 0.000000
vt 0.381592 0.000000
vt 0.300011 0.006591
vt 0.300011 0.243409
vt 0.381592 0.243409
vt 0.625000 0.925011
vt 0.625000 0.750000
vt 0.618410 0.750000
vt 0.618410 0.925011
vt 0.618410 0.243409
vt 0.699989 0.243409
vt 0.699989 0.006591
vt 0.375002 0.324989
vt 0.375002 0.500000
vt 0.381592 0.500000
vt 0.381592 0.324989
vt 0.618410 0.324989
vt 0.618410 0.500000
vt 0.625000 0.500000
vt 0.625000 0.324989
vt 0.875000 0.243409
vt 0.875000 0.006591
vt 0.125000 0.006591
vt 0.125000 0.243409
vt 0.381592 0.925011
vt 0.375002 0.925011
vt 0.375002 0.750000
vt 0.381592 0.750000
vt 0.381592 0.006591
vt 0.381592 0.000000
vt 0.618410 0.000000
vt 0.618410 0.006591
vt 0.300011 0.006591
vt 0.381592 0.243409
vt 0.300011 0.243409
vt 0.625000 0.925011
vt 0.618410 0.925011
vt 0.618410 0.750000
vt 0.625000 0.750000
vt 0.699989 0.006591
vt 0.699989 0.243409
vt 0.618410 0.243409
vt 0.375002 0.324989
vt 0.381592 0.324989
vt 0.381592 0.500000
vt 0.375002 0.500000
vt 0.618410 0.324989
vt 0.625000 0.324989
vt 0.625000 0.500000
vt 0.618410 0.500000
vt 0.875000 0.006591
vt 0.875000 0.243409
vt 0.125000 0.006591
vt 0.125000 0.243409
vt 0.381592 0.925011
vt 0.375002 0.925011
vt 0.375002 0.750000
vt 0.381592 0.750000
vt 0.381592 0.006591
vt 0.381592 0.000000
vt 0.618410 0.000000
vt 0.618410 0.006591
vt 0.300011 0.006591
vt 0.381592 0.243409
vt 0.300011 0.243409
vt 0.625000 0.925011
vt 0.618410 0.925011
vt 0.618410 0.750000
vt 0.625000 0.750000
vt 0.699989 0.006591
vt 0.699989 0.243409
vt 0.618410 0.243409
vt 0.375002 0.324989
vt 0.381592 0.324989
vt 0.381592 0.500000
vt 0.375002 0.500000
vt 0.618410 0.324989
vt 0.625000 0.324989
vt 0.625000 0.500000
vt 0.618410 0.500000
vt 0.875000 0.006591
vt 0.875000 0.243409
vt 0.125000 0.006591
vt 0.125000 0.243409
vt 0.381592 0.925011
vt 0.375002 0.925011
vt 0.375002 0.750000
vt 0.381592 0.750000
vt 0.381592 0.006591
vt 0.381592 0.000000
vt 0.618410 0.000000
vt 0.618410 0.006591
vt 0.300011 0.006591
vt 0.381592 0.243409
vt 0.300011 0.243409
vt 0.625000 0.925011
vt 0.618410 0.925011
vt 0.618410 0.750000
vt 0.625000 0.750000
vt 0.699989 0.006591
vt 0.699989 0.243409
vt 0.618410 0.243409
vt 0.375002 0.324989
vt 0.381592 0.324989
vt 0.381592 0.500000
vt 0.375002 0.500000
vt 0.618410 0.324989
vt 0.625000 0.324989
vt 0.625000 0.500000
vt 0.618410 0.500000
vt 0.875000 0.006591
vt 0.875000 0.243409
vt 0.125000 0.006591
vt 0.125000 0.243409
vt 0.381592 0.925011
vt 0.375002 0.925011
vt 0.375002 0.750000
vt 0.381592 0.750000
vt 0.381592 0.006591
vt 0.381592 0.000000
vt 0.618410 0.000000
vt 0.618410 0.006591
vt 0.300011 0.006591
vt 0.381592 0.243409
vt 0.300011 0.243409
vt 0.625000 0.925011
vt 0.618410 0.925011
vt 0.618410 0.750000
vt 0.625000 0.750000
vt 0.699989 0.006591
vt 0.699989 0.243409
vt 0.618410 0.243409
vt 0.375002 0.324989
vt 0.381592 0.324989
vt 0.381592 0.500000
vt 0.375002 0.500000
vt 0.618410 0.324989
vt 0.625000 0.324989
vt 0.625000 0.500000
vt 0.618410 0.500000
vt 0.875000 0.006591
vt 0.875000 0.243409
vt 0.125000 0.006591
vt 0.125000 0.243409
vt 0.381592 0.925011
vt 0.375002 0.925011
vt 0.375002 0.750000
vt 0.381592 0.750000
vt 0.381592 0.006591
vt 0.381592 0.000000
vt 0.618410 0.000000
vt 0.618410 0.006591
vt 0.300011 0.006591
vt 0.381592 0.243409
vt 0.300011 0.243409
vt 0.625000 0.925011
vt 0.618410 0.925011
vt 0.618410 0.750000
vt 0.625000 0.750000
vt 0.699989 0.006591
vt 0.699989 0.243409
vt 0.618410 0.243409
vt 0.375002 0.324989
vt 0.381592 0.324989
vt 0.381592 0.500000
vt 0.375002 0.500000
vt 0.618410 0.324989
vt 0.625000 0.324989
vt 0.625000 0.500000
vt 0.618410 0.500000
vt 0.875000 0.006591
vt 0.875000 0.243409
vt 0.125000 0.006591
vt 0.125000 0.243409
vt 0.381592 0.925011
vt 0.375002 0.925011
vt 0.375002 0.750000
vt 0.381592 0.750000
vt 0.381592 0.006591
vt 0.381592 0.000000
vt 0.618410 0.000000
vt 0.618410 0.006591
vt 0.300011 0.006591
vt 0.381592 0.243409
vt 0.300011 0.243409
vt 0.625000 0.925011
vt 0.618410 0.925011
vt 0.618410 0.750000
vt 0.625000 0.750000
vt 0.699989 0.006591
vt 0.699989 0.243409
vt 0.618410 0.243409
vt 0.375002 0.324989
vt 0.381592 0.324989
vt 0.381592 0.500000
vt 0.375002 0.500000
vt 0.618410 0.324989
vt 0.625000 0.324989
vt 0.625000 0.500000
vt 0.618410 0.500000
vt 0.875000 0.006591
vt 0.875000 0.243409
vt 0.125000 0.006591
vt 0.125000 0.243409
vt 0.381592 0.925011
vt 0.375002 0.925011
vt 0.375002 0.750000
vt 0.381592 0.750000
vt 0.381592 0.006591
vt 0.381592 0.000000
vt 0.618410 0.000000
vt 0.618410 0.006591
vt 0.300011 0.006591
vt 0.381592 0.243409
vt 0.300011 0.243409
vt 0.625000 0.925011
vt 0.618410 0.925011
vt 0.618410 0.750000
vt 0.625000 0.750000
vt 0.699989 0.006591
vt 0.699989 0.243409
vt 0.618410 0.243409
vt 0.375002 0.324989
vt 0.381592 0.324989
vt 0.381592 0.500000
vt 0.375002 0.500000
vt 0.618410 0.324989
vt 0.625000 0.324989
vt 0.625000 0.500000
vt 0.618410 0.500000
vt 0.875000 0.006591
vt 0.875000 0.243409
vt 0.125000 0.006591
vt 0.125000 0.243409
vt 0.381592 0.925011
vt 0.375002 0.925011
vt 0.375002 0.750000
vt 0.381592 0.750000
vt 0.381592 0.006591
vt 0.381592 0.000000
vt 0.618410 0.000000
vt 0.618410 0.006591
vt 0.300011 0.006591
vt 0.381592 0.243409
vt 0.300011 0.243409
vt 0.625000 0.925011
vt 0.618410 0.925011
vt 0.618410 0.750000
vt 0.625000 0.750000
vt 0.699989 0.006591
vt 0.699989 0.243409
vt 0.618410 0.243409
vt 0.375002 0.324989
vt 0.381592 0.324989
vt 0.381592 0.500000
vt 0.375002 0.500000
vt 0.618410 0.324989
vt 0.625000 0.324989
vt 0.625000 0.500000
vt 0.618410 0.500000
vt 0.875000 0.006591
vt 0.875000 0.243409
vt 0.125000 0.006591
vt 0.125000 0.243409
vt 0.381592 0.925011
vt 0.375002 0.925011
vt 0.375002 0.750000
vt 0.381592 0.750000
vt 0.381592 0.006591
vt 0.381592 0.000000
vt 0.618410 0.000000
vt 0.618410 0.006591
vt 0.300011 0.006591
vt 0.381592 0.243409
vt 0.300011 0.243409
vt 0.625000 0.925011
vt 0.618410 0.925011
vt 0.618410 0.750000
vt 0.625000 0.750000
vt 0.699989 0.006591
vt 0.699989 0.243409
vt 0.618410 0.243409
vt 0.375002 0.324989
vt 0.381592 0.324989
vt 0.381592 0.500000
vt 0.375002 0.500000
vt 0.618410 0.324989
vt 0.625000 0.324989
vt 0.625000 0.500000
vt 0.618410 0.500000
vt 0.875000 0.006591
vt 0.875000 0.243409
vt 0.125000 0.006591
vt 0.125000 0.243409
vt 0.381592 0.925011
vt 0.375002 0.925011
vt 0.375002 0.750000
vt 0.381592 0.750000
vt 0.381592 0.006591
vt 0.381592 0.000000
vt 0.618410 0.000000
vt 0.618410 0.006591
vt 0.300011 0.006591
vt 0.381592 0.243409
vt 0.300011 0.243409
vt 0.625000 0.925011
vt 0.618410 0.925011
vt 0.618410 0.750000
vt 0.625000 0.750000
vt 0.699989 0.006591
vt 0.699989 0.243409
vt 0.618410 0.243409
vt 0.375002 0.324989
vt 0.381592 0.324989
vt 0.381592 0.500000
vt 0.375002 0.500000
vt 0.618410 0.324989
vt 0.625000 0.324989
vt 0.625000 0.500000
vt 0.618410 0.500000
vt 0.875000 0.006591
vt 0.875000 0.243409
vt 0.125000 0.006591
vt 0.125000 0.243409
vt 0.381592 0.925011
vt 0.375002 0.925011
vt 0.375002 0.750000
vt 0.381592 0.750000
vt 0.381592 0.006591
vt 0.381592 0.000000
vt 0.618410 0.000000
vt 0.618410 0.006591
vt 0.300011 0.006591
vt 0.381592 0.243409
vt 0.300011 0.243409
vt 0.625000 0.925011
vt 0.618410 0.925011
vt 0.618410 0.750000
vt 0.625000 0.750000
vt 0.699989 0.006591
vt 0.699989 0.243409
vt 0.618410 0.243409
vt 0.375002 0.324989
vt 0.381592 0.324989
vt 0.381592 0.500000
vt 0.375002 0.500000
vt 0.618410 0.324989
vt 0.625000 0.324989
vt 0.625000 0.500000
vt 0.618410 0.500000
vt 0.875000 0.006591
vt 0.875000 0.243409
vt 0.125000 0.006591
vt 0.125000 0.243409
vt 0.381592 0.925011
vt 0.375002 0.925011
vt 0.375002 0.750000
vt 0.381592 0.750000
vt 0.381592 0.006591
vt 0.381592 0.000000
vt 0.618410 0.000000
vt 0.618410 0.006591
vt 0.300011 0.006591
vt 0.381592 0.243409
vt 0.300011 0.243409
vt 0.625000 0.925011
vt 0.618410 0.925011
vt 0.618410 0.750000
vt 0.625000 0.750000
vt 0.699989 0.006591
vt 0.699989 0.243409
vt 0.618410 0.243409
vt 0.375002 0.324989
vt 0.381592 0.324989
vt 0.381592 0.500000
vt 0.375002 0.500000
vt 0.618410 0.324989
vt 0.625000 0.324989
vt 0.625000 0.500000
vt 0.618410 0.500000
vt 0.875000 0.006591
vt 0.875000 0.243409
vt 0.125000 0.006591
vt 0.125000 0.243409
vt 0.381592 0.925011
vt 0.375002 0.925011
vt 0.375002 0.750000
vt 0.381592 0.750000
vt 0.381592 0.006591
vt 0.381592 0.000000
vt 0.618410 0.000000
vt 0.618410 0.006591
vt 0.300011 0.006591
vt 0.381592 0.243409
vt 0.300011 0.243409
vt 0.625000 0.925011
vt 0.618410 0.925011
vt 0.618410 0.750000
vt 0.625000 0.750000
vt 0.699989 0.006591
vt 0.699989 0.243409
vt 0.618410 0.243409
vt 0.375002 0.324989
vt 0.381592 0.324989
vt 0.381592 0.500000
vt 0.375002 0.500000
vt 0.618410 0.324989
vt 0.625000 0.324989
vt 0.625000 0.500000
vt 0.618410 0.500000
vt 0.875000 0.006591
vt 0.875000 0.243409
vt 0.125000 0.006591
vt 0.125000 0.243409
vt 0.375000 0.312500
vt 0.391667 0.312500
vt 0.391667 0.687500
vt 0.375000 0.687500
vt 0.408333 0.312500
vt 0.408333 0.687500
vt 0.425000 0.312500
vt 0.425000 0.687500
vt 0.441667 0.312500
vt 0.441667 0.687500
vt 0.458333 0.312500
vt 0.458333 0.687500
vt 0.475000 0.312500
vt 0.475000 0.687500
vt 0.491667 0.312500
vt 0.491667 0.687500
vt 0.508333 0.312500
vt 0.508333 0.687500
vt 0.525000 0.312500
vt 0.525000 0.687500
vt 0.541667 0.312500
vt 0.541667 0.687500
vt 0.558333 0.312500
vt 0.558333 0.687500
vt 0.575000 0.312500
vt 0.575000 0.687500
vt 0.591667 0.312500
vt 0.591667 0.687500
vt 0.608333 0.312500
vt 0.608333 0.687500
vt 0.625000 0.312500
vt 0.625000 0.687500
vt 0.381592 0.925011
vt 0.375002 0.925011
vt 0.375002 0.750000
vt 0.381592 0.750000
vt 0.381592 0.006591
vt 0.381592 0.000000
vt 0.618410 0.000000
vt 0.618410 0.006591
vt 0.300011 0.006591
vt 0.381592 0.243409
vt 0.300011 0.243409
vt 0.625000 0.925011
vt 0.618410 0.925011
vt 0.618410 0.750000
vt 0.625000 0.750000
vt 0.699989 0.006591
vt 0.699989 0.243409
vt 0.618410 0.243409
vt 0.375002 0.324989
vt 0.381592 0.324989
vt 0.381592 0.500000
vt 0.375002 0.500000
vt 0.618410 0.324989
vt 0.625000 0.324989
vt 0.625000 0.500000
vt 0.618410 0.500000
vt 0.875000 0.006591
vt 0.875000 0.243409
vt 0.125000 0.006591
vt 0.125000 0.243409
vt 0.375000 0.312500
vt 0.391667 0.312500
vt 0.391667 0.687500
vt 0.375000 0.687500
vt 0.408333 0.312500
vt 0.408333 0.687500
vt 0.425000 0.312500
vt 0.425000 0.687500
vt 0.441667 0.312500
vt 0.441667 0.687500
vt 0.458333 0.312500
vt 0.458333 0.687500
vt 0.475000 0.312500
vt 0.475000 0.687500
vt 0.491667 0.312500
vt 0.491667 0.687500
vt 0.508333 0.312500
vt 0.508333 0.687500
vt 0.525000 0.312500
vt 0.525000 0.687500
vt 0.541667 0.312500
vt 0.541667 0.687500
vt 0.558333 0.312500
vt 0.558333 0.687500
vt 0.575000 0.312500
vt 0.575000 0.687500
vt 0.591667 0.312500
vt 0.591667 0.687500
vt 0.608333 0.312500
vt 0.608333 0.687500
vt 0.625000 0.312500
vt 0.625000 0.687500
vt 0.375000 0.312500
vt 0.391667 0.312500
vt 0.391667 0.687500
vt 0.375000 0.687500
vt 0.408333 0.312500
vt 0.408333 0.687500
vt 0.425000 0.312500
vt 0.425000 0.687500
vt 0.441667 0.312500
vt 0.441667 0.687500
vt 0.458333 0.312500
vt 0.458333 0.687500
vt 0.475000 0.312500
vt 0.475000 0.687500
vt 0.491667 0.312500
vt 0.491667 0.687500
vt 0.508333 0.312500
vt 0.508333 0.687500
vt 0.525000 0.312500
vt 0.525000 0.687500
vt 0.541667 0.312500
vt 0.541667 0.687500
vt 0.558333 0.312500
vt 0.558333 0.687500
vt 0.575000 0.312500
vt 0.575000 0.687500
vt 0.591667 0.312500
vt 0.591667 0.687500
vt 0.608333 0.312500
vt 0.608333 0.687500
vt 0.625000 0.312500
vt 0.625000 0.687500
vt 0.375000 0.312500
vt 0.391667 0.312500
vt 0.391667 0.687500
vt 0.375000 0.687500
vt 0.408333 0.312500
vt 0.408333 0.687500
vt 0.425000 0.312500
vt 0.425000 0.687500
vt 0.441667 0.312500
vt 0.441667 0.687500
vt 0.458333 0.312500
vt 0.458333 0.687500
vt 0.475000 0.312500
vt 0.475000 0.687500
vt 0.491667 0.312500
vt 0.491667 0.687500
vt 0.508333 0.312500
vt 0.508333 0.687500
vt 0.525000 0.312500
vt 0.525000 0.687500
vt 0.541667 0.312500
vt 0.541667 0.687500
vt 0.558333 0.312500
vt 0.558333 0.687500
vt 0.575000 0.312500
vt 0.575000 0.687500
vt 0.591667 0.312500
vt 0.591667 0.687500
vt 0.608333 0.312500
vt 0.608333 0.687500
vt 0.625000 0.312500
vt 0.625000 0.687500
vt 0.375000 0.312500
vt 0.391667 0.312500
vt 0.391667 0.687500
vt 0.375000 0.687500
vt 0.408333 0.312500
vt 0.408333 0.687500
vt 0.425000 0.312500
vt 0.425000 0.687500
vt 0.441667 0.312500
vt 0.441667 0.687500
vt 0.458333 0.312500
vt 0.458333 0.687500
vt 0.475000 0.312500
vt 0.475000 0.687500
vt 0.491667 0.312500
vt 0.491667 0.687500
vt 0.508333 0.312500
vt 0.508333 0.687500
vt 0.525000 0.312500
vt 0.525000 0.687500
vt 0.541667 0.312500
vt 0.541667 0.687500
vt 0.558333 0.312500
vt 0.558333 0.687500
vt 0.575000 0.312500
vt 0.575000 0.687500
vt 0.591667 0.312500
vt 0.591667 0.687500
vt 0.608333 0.312500
vt 0.608333 0.687500
vt 0.625000 0.312500
vt 0.625000 0.687500
vt 0.375000 0.312500
vt 0.391667 0.312500
vt 0.391667 0.687500
vt 0.375000 0.687500
vt 0.408333 0.312500
vt 0.408333 0.687500
vt 0.425000 0.312500
vt 0.425000 0.687500
vt 0.441667 0.312500
vt 0.441667 0.687500
vt 0.458333 0.312500
vt 0.458333 0.687500
vt 0.475000 0.312500
vt 0.475000 0.687500
vt 0.491667 0.312500
vt 0.491667 0.687500
vt 0.508333 0.312500
vt 0.508333 0.687500
vt 0.525000 0.312500
vt 0.525000 0.687500
vt 0.541667 0.312500
vt 0.541667 0.687500
vt 0.558333 0.312500
vt 0.558333 0.687500
vt 0.575000 0.312500
vt 0.575000 0.687500
vt 0.591667 0.312500
vt 0.591667 0.687500
vt 0.608333 0.312500
vt 0.608333 0.687500
vt 0.625000 0.312500
vt 0.625000 0.687500
vt 0.375000 0.312500
vt 0.391667 0.312500
vt 0.391667 0.687500
vt 0.375000 0.687500
vt 0.408333 0.312500
vt 0.408333 0.687500
vt 0.425000 0.312500
vt 0.425000 0.687500
vt 0.441667 0.312500
vt 0.441667 0.687500
vt 0.458333 0.312500
vt 0.458333 0.687500
vt 0.475000 0.312500
vt 0.475000 0.687500
vt 0.491667 0.312500
vt 0.491667 0.687500
vt 0.508333 0.312500
vt 0.508333 0.687500
vt 0.525000 0.312500
vt 0.525000 0.687500
vt 0.541667 0.312500
vt 0.541667 0.687500
vt 0.558333 0.312500
vt 0.558333 0.687500
vt 0.575000 0.312500
vt 0.575000 0.687500
vt 0.591667 0.312500
vt 0.591667 0.687500
vt 0.608333 0.312500
vt 0.608333 0.687500
vt 0.625000 0.312500
vt 0.625000 0.687500
vt 0.375000 0.312500
vt 0.391667 0.312500
vt 0.391667 0.687500
vt 0.375000 0.687500
vt 0.408333 0.312500
vt 0.408333 0.687500
vt 0.425000 0.312500
vt 0.425000 0.687500
vt 0.441667 0.312500
vt 0.441667 0.687500
vt 0.458333 0.312500
vt 0.458333 0.687500
vt 0.475000 0.312500
vt 0.475000 0.687500
vt 0.491667 0.312500
vt 0.491667 0.687500
vt 0.508333 0.312500
vt 0.508333 0.687500
vt 0.525000 0.312500
vt 0.525000 0.687500
vt 0.541667 0.312500
vt 0.541667 0.687500
vt 0.558333 0.312500
vt 0.558333 0.687500
vt 0.575000 0.312500
vt 0.575000 0.687500
vt 0.591667 0.312500
vt 0.591667 0.687500
vt 0.608333 0.312500
vt 0.608333 0.687500
vt 0.625000 0.312500
vt 0.625000 0.687500
vt 0.375000 0.312500
vt 0.391667 0.312500
vt 0.391667 0.687500
vt 0.375000 0.687500
vt 0.408333 0.312500
vt 0.408333 0.687500
vt 0.425000 0.312500
vt 0.425000 0.687500
vt 0.441667 0.312500
vt 0.441667 0.687500
vt 0.458333 0.312500
vt 0.458333 0.687500
vt 0.475000 0.312500
vt 0.475000 0.687500
vt 0.491667 0.312500
vt 0.491667 0.687500
vt 0.508333 0.312500
vt 0.508333 0.687500
vt 0.525000 0.312500
vt 0.525000 0.687500
vt 0.541667 0.312500
vt 0.541667 0.687500
vt 0.558333 0.312500
vt 0.558333 0.687500
vt 0.575000 0.312500
vt 0.575000 0.687500
vt 0.591667 0.312500
vt 0.591667 0.687500
vt 0.608333 0.312500
vt 0.608333 0.687500
vt 0.625000 0.312500
vt 0.625000 0.687500
vt 0.375000 0.312500
vt 0.391667 0.312500
vt 0.391667 0.687500
vt 0.375000 0.687500
vt 0.408333 0.312500
vt 0.408333 0.687500
vt 0.425000 0.312500
vt 0.425000 0.687500
vt 0.441667 0.312500
vt 0.441667 0.687500
vt 0.458333 0.312500
vt 0.458333 0.687500
vt 0.475000 0.312500
vt 0.475000 0.687500
vt 0.491667 0.312500
vt 0.491667 0.687500
vt 0.508333 0.312500
vt 0.508333 0.687500
vt 0.525000 0.312500
vt 0.525000 0.687500
vt 0.541667 0.312500
vt 0.541667 0.687500
vt 0.558333 0.312500
vt 0.558333 0.687500
vt 0.575000 0.312500
vt 0.575000 0.687500
vt 0.591667 0.312500
vt 0.591667 0.687500
vt 0.608333 0.312500
vt 0.608333 0.687500
vt 0.625000 0.312500
vt 0.625000 0.687500
vt 0.375000 0.312500
vt 0.391667 0.312500
vt 0.391667 0.687500
vt 0.375000 0.687500
vt 0.408333 0.312500
vt 0.408333 0.687500
vt 0.425000 0.312500
vt 0.425000 0.687500
vt 0.441667 0.312500
vt 0.441667 0.687500
vt 0.458333 0.312500
vt 0.458333 0.687500
vt 0.475000 0.312500
vt 0.475000 0.687500
vt 0.491667 0.312500
vt 0.491667 0.687500
vt 0.508333 0.312500
vt 0.508333 0.687500
vt 0.525000 0.312500
vt 0.525000 0.687500
vt 0.541667 0.312500
vt 0.541667 0.687500
vt 0.558333 0.312500
vt 0.558333 0.687500
vt 0.575000 0.312500
vt 0.575000 0.687500
vt 0.591667 0.312500
vt 0.591667 0.687500
vt 0.608333 0.312500
vt 0.608333 0.687500
vt 0.625000 0.312500
vt 0.625000 0.687500
vt 0.375000 0.312500
vt 0.391667 0.312500
vt 0.391667 0.687500
vt 0.375000 0.687500
vt 0.408333 0.312500
vt 0.408333 0.687500
vt 0.425000 0.312500
vt 0.425000 0.687500
vt 0.441667 0.312500
vt 0.441667 0.687500
vt 0.458333 0.312500
vt 0.458333 0.687500
vt 0.475000 0.312500
vt 0.475000 0.687500
vt 0.491667 0.312500
vt 0.491667 0.687500
vt 0.508333 0.312500
vt 0.508333 0.687500
vt 0.525000 0.312500
vt 0.525000 0.687500
vt 0.541667 0.312500
vt 0.541667 0.687500
vt 0.558333 0.312500
vt 0.558333 0.687500
vt 0.575000 0.312500
vt 0.575000 0.687500
vt 0.591667 0.312500
vt 0.591667 0.687500
vt 0.608333 0.312500
vt 0.608333 0.687500
vt 0.625000 0.312500
vt 0.625000 0.687500
vt 0.375000 0.312500
vt 0.391667 0.312500
vt 0.391667 0.687500
vt 0.375000 0.687500
vt 0.408333 0.312500
vt 0.408333 0.687500
vt 0.425000 0.312500
vt 0.425000 0.687500
vt 0.441667 0.312500
vt 0.441667 0.687500
vt 0.458333 0.312500
vt 0.458333 0.687500
vt 0.475000 0.312500
vt 0.475000 0.687500
vt 0.491667 0.312500
vt 0.491667 0.687500
vt 0.508333 0.312500
vt 0.508333 0.687500
vt 0.525000 0.312500
vt 0.525000 0.687500
vt 0.541667 0.312500
vt 0.541667 0.687500
vt 0.558333 0.312500
vt 0.558333 0.687500
vt 0.575000 0.312500
vt 0.575000 0.687500
vt 0.591667 0.312500
vt 0.591667 0.687500
vt 0.608333 0.312500
vt 0.608333 0.687500
vt 0.625000 0.312500
vt 0.625000 0.687500
vt 0.375000 0.312500
vt 0.391667 0.312500
vt 0.391667 0.687500
vt 0.375000 0.687500
vt 0.408333 0.312500
vt 0.408333 0.687500
vt 0.425000 0.312500
vt 0.425000 0.687500
vt 0.441667 0.312500
vt 0.441667 0.687500
vt 0.458333 0.312500
vt 0.458333 0.687500
vt 0.475000 0.312500
vt 0.475000 0.687500
vt 0.491667 0.312500
vt 0.491667 0.687500
vt 0.508333 0.312500
vt 0.508333 0.687500
vt 0.525000 0.312500
vt 0.525000 0.687500
vt 0.541667 0.312500
vt 0.541667 0.687500
vt 0.558333 0.312500
vt 0.558333 0.687500
vt 0.575000 0.312500
vt 0.575000 0.687500
vt 0.591667 0.312500
vt 0.591667 0.687500
vt 0.608333 0.312500
vt 0.608333 0.687500
vt 0.625000 0.312500
vt 0.625000 0.687500
vt 0.375000 0.312500
vt 0.391667 0.312500
vt 0.391667 0.687500
vt 0.375000 0.687500
vt 0.408333 0.312500
vt 0.408333 0.687500
vt 0.425000 0.312500
vt 0.425000 0.687500
vt 0.441667 0.312500
vt 0.441667 0.687500
vt 0.458333 0.312500
vt 0.458333 0.687500
vt 0.475000 0.312500
vt 0.475000 0.687500
vt 0.491667 0.312500
vt 0.491667 0.687500
vt 0.508333 0.312500
vt 0.508333 0.687500
vt 0.525000 0.312500
vt 0.525000 0.687500
vt 0.541667 0.312500
vt 0.541667 0.687500
vt 0.558333 0.312500
vt 0.558333 0.687500
vt 0.575000 0.312500
vt 0.575000 0.687500
vt 0.591667 0.312500
vt 0.591667 0.687500
vt 0.608333 0.312500
vt 0.608333 0.687500
vt 0.625000 0.312500
vt 0.625000 0.687500
vt 0.375000 0.312500
vt 0.391667 0.312500
vt 0.391667 0.687500
vt 0.375000 0.687500
vt 0.408333 0.312500
vt 0.408333 0.687500
vt 0.425000 0.312500
vt 0.425000 0.687500
vt 0.441667 0.312500
vt 0.441667 0.687500
vt 0.458333 0.312500
vt 0.458333 0.687500
vt 0.475000 0.312500
vt 0.475000 0.687500
vt 0.491667 0.312500
vt 0.491667 0.687500
vt 0.508333 0.312500
vt 0.508333 0.687500
vt 0.525000 0.312500
vt 0.525000 0.687500
vt 0.541667 0.312500
vt 0.541667 0.687500
vt 0.558333 0.312500
vt 0.558333 0.687500
vt 0.575000 0.312500
vt 0.575000 0.687500
vt 0.591667 0.312500
vt 0.591667 0.687500
vt 0.608333 0.312500
vt 0.608333 0.687500
vt 0.625000 0.312500
vt 0.625000 0.687500
vt 0.375000 0.312500
vt 0.391667 0.312500
vt 0.391667 0.687500
vt 0.375000 0.687500
vt 0.408333 0.312500
vt 0.408333 0.687500
vt 0.425000 0.312500
vt 0.425000 0.687500
vt 0.441667 0.312500
vt 0.441667 0.687500
vt 0.458333 0.312500
vt 0.458333 0.687500
vt 0.475000 0.312500
vt 0.475000 0.687500
vt 0.491667 0.312500
vt 0.491667 0.687500
vt 0.508333 0.312500
vt 0.508333 0.687500
vt 0.525000 0.312500
vt 0.525000 0.687500
vt 0.541667 0.312500
vt 0.541667 0.687500
vt 0.558333 0.312500
vt 0.558333 0.687500
vt 0.575000 0.312500
vt 0.575000 0.687500
vt 0.591667 0.312500
vt 0.591667 0.687500
vt 0.608333 0.312500
vt 0.608333 0.687500
vt 0.625000 0.312500
vt 0.625000 0.687500
vt 0.381592 0.925011
vt 0.381592 0.750000
vt 0.375002 0.750000
vt 0.375002 0.925011
vt 0.381592 0.006591
vt 0.618410 0.006591
vt 0.618410 0.000000
vt 0.381592 0.000000
vt 0.300011 0.006591
vt 0.300011 0.243409
vt 0.381592 0.243409
vt 0.625000 0.925011
vt 0.625000 0.750000
vt 0.618410 0.750000
vt 0.618410 0.925011
vt 0.618410 0.243409
vt 0.699989 0.243409
vt 0.699989 0.006591
vt 0.375002 0.324989
vt 0.375002 0.500000
vt 0.381592 0.500000
vt 0.381592 0.324989
vt 0.618410 0.324989
vt 0.618410 0.500000
vt 0.625000 0.500000
vt 0.625000 0.324989
vt 0.875000 0.243409
vt 0.875000 0.006591
vt 0.125000 0.006591
vt 0.125000 0.243409
vt 0.381592 0.925011
vt 0.381592 0.750000
vt 0.375002 0.750000
vt 0.375002 0.925011
vt 0.381592 0.006591
vt 0.618410 0.006591
vt 0.618410 0.000000
vt 0.381592 0.000000
vt 0.300011 0.006591
vt 0.300011 0.243409
vt 0.381592 0.243409
vt 0.625000 0.925011
vt 0.625000 0.750000
vt 0.618410 0.750000
vt 0.618410 0.925011
vt 0.618410 0.243409
vt 0.699989 0.243409
vt 0.699989 0.006591
vt 0.375002 0.324989
vt 0.375002 0.500000
vt 0.381592 0.500000
vt 0.381592 0.324989
vt 0.618410 0.324989
vt 0.618410 0.500000
vt 0.625000 0.500000
vt 0.625000 0.324989
vt 0.875000 0.243409
vt 0.875000 0.006591
vt 0.125000 0.006591
vt 0.125000 0.243409
vt 0.381592 0.925011
vt 0.381592 0.750000
vt 0.375002 0.750000
vt 0.375002 0.925011
vt 0.381592 0.006591
vt 0.618410 0.006591
vt 0.618410 0.000000
vt 0.381592 0.000000
vt 0.300011 0.006591
vt 0.300011 0.243409
vt 0.381592 0.243409
vt 0.625000 0.925011
vt 0.625000 0.750000
vt 0.618410 0.750000
vt 0.618410 0.925011
vt 0.618410 0.243409
vt 0.699989 0.243409
vt 0.699989 0.006591
vt 0.375002 0.324989
vt 0.375002 0.500000
vt 0.381592 0.500000
vt 0.381592 0.324989
vt 0.618410 0.324989
vt 0.618410 0.500000
vt 0.625000 0.500000
vt 0.625000 0.324989
vt 0.875000 0.243409
vt 0.875000 0.006591
vt 0.125000 0.006591
vt 0.125000 0.243409
vt 0.381592 0.925011
vt 0.381592 0.750000
vt 0.375002 0.750000
vt 0.375002 0.925011
vt 0.381592 0.006591
vt 0.618410 0.006591
vt 0.618410 0.000000
vt 0.381592 0.000000
vt 0.300011 0.006591
vt 0.300011 0.243409
vt 0.381592 0.243409
vt 0.625000 0.925011
vt 0.625000 0.750000
vt 0.618410 0.750000
vt 0.618410 0.925011
vt 0.618410 0.243409
vt 0.699989 0.243409
vt 0.699989 0.006591
vt 0.375002 0.324989
vt 0.375002 0.500000
vt 0.381592 0.500000
vt 0.381592 0.324989
vt 0.618410 0.324989
vt 0.618410 0.500000
vt 0.625000 0.500000
vt 0.625000 0.324989
vt 0.875000 0.243409
vt 0.875000 0.006591
vt 0.125000 0.006591
vt 0.125000 0.243409
vt 0.381592 0.925011
vt 0.381592 0.750000
vt 0.375002 0.750000
vt 0.375002 0.925011
vt 0.381592 0.006591
vt 0.618410 0.006591
vt 0.618410 0.000000
vt 0.381592 0.000000
vt 0.300011 0.006591
vt 0.300011 0.243409
vt 0.381592 0.243409
vt 0.625000 0.925011
vt 0.625000 0.750000
vt 0.618410 0.750000
vt 0.618410 0.925011
vt 0.618410 0.243409
vt 0.699989 0.243409
vt 0.699989 0.006591
vt 0.375002 0.324989
vt 0.375002 0.500000
vt 0.381592 0.500000
vt 0.381592 0.324989
vt 0.618410 0.324989
vt 0.618410 0.500000
vt 0.625000 0.500000
vt 0.625000 0.324989
vt 0.875000 0.243409
vt 0.875000 0.006591
vt 0.125000 0.006591
vt 0.125000 0.243409
vt 0.381592 0.925011
vt 0.381592 0.750000
vt 0.375002 0.750000
vt 0.375002 0.925011
vt 0.381592 0.006591
vt 0.618410 0.006591
vt 0.618410 0.000000
vt 0.381592 0.000000
vt 0.300011 0.006591
vt 0.300011 0.243409
vt 0.381592 0.243409
vt 0.625000 0.925011
vt 0.625000 0.750000
vt 0.618410 0.750000
vt 0.618410 0.925011
vt 0.618410 0.243409
vt 0.699989 0.243409
vt 0.699989 0.006591
vt 0.375002 0.324989
vt 0.375002 0.500000
vt 0.381592 0.500000
vt 0.381592 0.324989
vt 0.618410 0.324989
vt 0.618410 0.500000
vt 0.625000 0.500000
vt 0.625000 0.324989
vt 0.875000 0.243409
vt 0.875000 0.006591
vt 0.125000 0.006591
vt 0.125000 0.243409
vt 0.381592 0.925011
vt 0.381592 0.750000
vt 0.375002 0.750000
vt 0.375002 0.925011
vt 0.381592 0.006591
vt 0.618410 0.006591
vt 0.618410 0.000000
vt 0.381592 0.000000
vt 0.300011 0.006591
vt 0.300011 0.243409
vt 0.381592 0.243409
vt 0.625000 0.925011
vt 0.625000 0.750000
vt 0.618410 0.750000
vt 0.618410 0.925011
vt 0.618410 0.243409
vt 0.699989 0.243409
vt 0.699989 0.006591
vt 0.375002 0.324989
vt 0.375002 0.500000
vt 0.381592 0.500000
vt 0.381592 0.324989
vt 0.618410 0.324989
vt 0.618410 0.500000
vt 0.625000 0.500000
vt 0.625000 0.324989
vt 0.875000 0.243409
vt 0.875000 0.006591
vt 0.125000 0.006591
vt 0.125000 0.243409
vt 0.381592 0.925011
vt 0.381592 0.750000
vt 0.375002 0.750000
vt 0.375002 0.925011
vt 0.381592 0.006591
vt 0.618410 0.006591
vt 0.618410 0.000000
vt 0.381592 0.000000
vt 0.300011 0.006591
vt 0.300011 0.243409
vt 0.381592 0.243409
vt 0.625000 0.925011
vt 0.625000 0.750000
vt 0.618410 0.750000
vt 0.618410 0.925011
vt 0.618410 0.243409
vt 0.699989 0.243409
vt 0.699989 0.006591
vt 0.375002 0.324989
vt 0.375002 0.500000
vt 0.381592 0.500000
vt 0.381592 0.324989
vt 0.618410 0.324989
vt 0.618410 0.500000
vt 0.625000 0.500000
vt 0.625000 0.324989
vt 0.875000 0.243409
vt 0.875000 0.006591
vt 0.125000 0.006591
vt 0.125000 0.243409
vt 0.381592 0.925011
vt 0.381592 0.750000
vt 0.375002 0.750000
vt 0.375002 0.925011
vt 0.381592 0.006591
vt 0.618410 0.006591
vt 0.618410 0.000000
vt 0.381592 0.000000
vt 0.300011 0.006591
vt 0.300011 0.243409
vt 0.381592 0.243409
vt 0.625000 0.925011
vt 0.625000 0.750000
vt 0.618410 0.750000
vt 0.618410 0.925011
vt 0.618410 0.243409
vt 0.699989 0.243409
vt 0.699989 0.006591
vt 0.375002 0.324989
vt 0.375002 0.500000
vt 0.381592 0.500000
vt 0.381592 0.324989
vt 0.618410 0.324989
vt 0.618410 0.500000
vt 0.625000 0.500000
vt 0.625000 0.324989
vt 0.875000 0.243409
vt 0.875000 0.006591
vt 0.125000 0.006591
vt 0.125000 0.243409
vt 0.381592 0.925011
vt 0.381592 0.750000
vt 0.375002 0.750000
vt 0.375002 0.925011
vt 0.381592 0.006591
vt 0.618410 0.006591
vt 0.618410 0.000000
vt 0.381592 0.000000
vt 0.300011 0.006591
vt 0.300011 0.243409
vt 0.381592 0.243409
vt 0.625000 0.925011
vt 0.625000 0.750000
vt 0.618410 0.750000
vt 0.618410 0.925011
vt 0.618410 0.243409
vt 0.699989 0.243409
vt 0.699989 0.006591
vt 0.375002 0.324989
vt 0.375002 0.500000
vt 0.381592 0.500000
vt 0.381592 0.324989
vt 0.618410 0.324989
vt 0.618410 0.500000
vt 0.625000 0.500000
vt 0.625000 0.324989
vt 0.875000 0.243409
vt 0.875000 0.006591
vt 0.125000 0.006591
vt 0.125000 0.243409
vt 0.381592 0.925011
vt 0.381592 0.750000
vt 0.375002 0.750000
vt 0.375002 0.925011
vt 0.381592 0.006591
vt 0.618410 0.006591
vt 0.618410 0.000000
vt 0.381592 0.000000
vt 0.300011 0.006591
vt 0.300011 0.243409
vt 0.381592 0.243409
vt 0.625000 0.925011
vt 0.625000 0.750000
vt 0.618410 0.750000
vt 0.618410 0.925011
vt 0.618410 0.243409
vt 0.699989 0.243409
vt 0.699989 0.006591
vt 0.375002 0.324989
vt 0.375002 0.500000
vt 0.381592 0.500000
vt 0.381592 0.324989
vt 0.618410 0.324989
vt 0.618410 0.500000
vt 0.625000 0.500000
vt 0.625000 0.324989
vt 0.875000 0.243409
vt 0.875000 0.006591
vt 0.125000 0.006591
vt 0.125000 0.243409
vt 0.381592 0.925011
vt 0.381592 0.750000
vt 0.375002 0.750000
vt 0.375002 0.925011
vt 0.381592 0.006591
vt 0.618410 0.006591
vt 0.618410 0.000000
vt 0.381592 0.000000
vt 0.300011 0.006591
vt 0.300011 0.243409
vt 0.381592 0.243409
vt 0.625000 0.925011
vt 0.625000 0.750000
vt 0.618410 0.750000
vt 0.618410 0.925011
vt 0.618410 0.243409
vt 0.699989 0.243409
vt 0.699989 0.006591
vt 0.375002 0.324989
vt 0.375002 0.500000
vt 0.381592 0.500000
vt 0.381592 0.324989
vt 0.618410 0.324989
vt 0.618410 0.500000
vt 0.625000 0.500000
vt 0.625000 0.324989
vt 0.875000 0.243409
vt 0.875000 0.006591
vt 0.125000 0.006591
vt 0.125000 0.243409
vt 0.381592 0.925011
vt 0.381592 0.750000
vt 0.375002 0.750000
vt 0.375002 0.925011
vt 0.381592 0.006591
vt 0.618410 0.006591
vt 0.618410 0.000000
vt 0.381592 0.000000
vt 0.300011 0.006591
vt 0.300011 0.243409
vt 0.381592 0.243409
vt 0.625000 0.925011
vt 0.625000 0.750000
vt 0.618410 0.750000
vt 0.618410 0.925011
vt 0.618410 0.243409
vt 0.699989 0.243409
vt 0.699989 0.006591
vt 0.375002 0.324989
vt 0.375002 0.500000
vt 0.381592 0.500000
vt 0.381592 0.324989
vt 0.618410 0.324989
vt 0.618410 0.500000
vt 0.625000 0.500000
vt 0.625000 0.324989
vt 0.875000 0.243409
vt 0.875000 0.006591
vt 0.125000 0.006591
vt 0.125000 0.243409
vt 0.381592 0.925011
vt 0.381592 0.750000
vt 0.375002 0.750000
vt 0.375002 0.925011
vt 0.381592 0.006591
vt 0.618410 0.006591
vt 0.618410 0.000000
vt 0.381592 0.000000
vt 0.300011 0.006591
vt 0.300011 0.243409
vt 0.381592 0.243409
vt 0.625000 0.925011
vt 0.625000 0.750000
vt 0.618410 0.750000
vt 0.618410 0.925011
vt 0.618410 0.243409
vt 0.699989 0.243409
vt 0.699989 0.006591
vt 0.375002 0.324989
vt 0.375002 0.500000
vt 0.381592 0.500000
vt 0.381592 0.324989
vt 0.618410 0.324989
vt 0.618410 0.500000
vt 0.625000 0.500000
vt 0.625000 0.324989
vt 0.875000 0.243409
vt 0.875000 0.006591
vt 0.125000 0.006591
vt 0.125000 0.243409
vt 0.381592 0.925011
vt 0.375002 0.925011
vt 0.375002 0.750000
vt 0.381592 0.750000
vt 0.381592 0.006591
vt 0.381592 0.000000
vt 0.618410 0.000000
vt 0.618410 0.006591
vt 0.300011 0.006591
vt 0.381592 0.243409
vt 0.300011 0.243409
vt 0.625000 0.925011
vt 0.618410 0.925011
vt 0.618410 0.750000
vt 0.625000 0.750000
vt 0.699989 0.006591
vt 0.699989 0.243409
vt 0.618410 0.243409
vt 0.375002 0.324989
vt 0.381592 0.324989
vt 0.381592 0.500000
vt 0.375002 0.500000
vt 0.618410 0.324989
vt 0.625000 0.324989
vt 0.625000 0.500000
vt 0.618410 0.500000
vt 0.875000 0.006591
vt 0.875000 0.243409
vt 0.125000 0.006591
vt 0.125000 0.243409
vt 0.381592 0.925011
vt 0.375002 0.925011
vt 0.375002 0.750000
vt 0.381592 0.750000
vt 0.381592 0.006591
vt 0.381592 0.000000
vt 0.618410 0.000000
vt 0.618410 0.006591
vt 0.300011 0.006591
vt 0.381592 0.243409
vt 0.300011 0.243409
vt 0.625000 0.925011
vt 0.618410 0.925011
vt 0.618410 0.750000
vt 0.625000 0.750000
vt 0.699989 0.006591
vt 0.699989 0.243409
vt 0.618410 0.243409
vt 0.375002 0.324989
vt 0.381592 0.324989
vt 0.381592 0.500000
vt 0.375002 0.500000
vt 0.618410 0.324989
vt 0.625000 0.324989
vt 0.625000 0.500000
vt 0.618410 0.500000
vt 0.875000 0.006591
vt 0.875000 0.243409
vt 0.125000 0.006591
vt 0.125000 0.243409
vt 0.381592 0.925011
vt 0.375002 0.925011
vt 0.375002 0.750000
vt 0.381592 0.750000
vt 0.381592 0.006591
vt 0.381592 0.000000
vt 0.618410 0.000000
vt 0.618410 0.006591
vt 0.300011 0.006591
vt 0.381592 0.243409
vt 0.300011 0.243409
vt 0.625000 0.925011
vt 0.618410 0.925011
vt 0.618410 0.750000
vt 0.625000 0.750000
vt 0.699989 0.006591
vt 0.699989 0.243409
vt 0.618410 0.243409
vt 0.375002 0.324989
vt 0.381592 0.324989
vt 0.381592 0.500000
vt 0.375002 0.500000
vt 0.618410 0.324989
vt 0.625000 0.324989
vt 0.625000 0.500000
vt 0.618410 0.500000
vt 0.875000 0.006591
vt 0.875000 0.243409
vt 0.125000 0.006591
vt 0.125000 0.243409
vt 0.381592 0.925011
vt 0.375002 0.925011
vt 0.375002 0.750000
vt 0.381592 0.750000
vt 0.381592 0.006591
vt 0.381592 0.000000
vt 0.618410 0.000000
vt 0.618410 0.006591
vt 0.300011 0.006591
vt 0.381592 0.243409
vt 0.300011 0.243409
vt 0.625000 0.925011
vt 0.618410 0.925011
vt 0.618410 0.750000
vt 0.625000 0.750000
vt 0.699989 0.006591
vt 0.699989 0.243409
vt 0.618410 0.243409
vt 0.375002 0.324989
vt 0.381592 0.324989
vt 0.381592 0.500000
vt 0.375002 0.500000
vt 0.618410 0.324989
vt 0.625000 0.324989
vt 0.625000 0.500000
vt 0.618410 0.500000
vt 0.875000 0.006591
vt 0.875000 0.243409
vt 0.125000 0.006591
vt 0.125000 0.243409
vt 0.381592 0.925011
vt 0.375002 0.925011
vt 0.375002 0.750000
vt 0.381592 0.750000
vt 0.381592 0.006591
vt 0.381592 0.000000
vt 0.618410 0.000000
vt 0.618410 0.006591
vt 0.300011 0.006591
vt 0.381592 0.243409
vt 0.300011 0.243409
vt 0.625000 0.925011
vt 0.618410 0.925011
vt 0.618410 0.750000
vt 0.625000 0.750000
vt 0.699989 0.006591
vt 0.699989 0.243409
vt 0.618410 0.243409
vt 0.375002 0.324989
vt 0.381592 0.324989
vt 0.381592 0.500000
vt 0.375002 0.500000
vt 0.618410 0.324989
vt 0.625000 0.324989
vt 0.625000 0.500000
vt 0.618410 0.500000
vt 0.875000 0.006591
vt 0.875000 0.243409
vt 0.125000 0.006591
vt 0.125000 0.243409
vt 0.381592 0.925011
vt 0.375002 0.925011
vt 0.375002 0.750000
vt 0.381592 0.750000
vt 0.381592 0.006591
vt 0.381592 0.000000
vt 0.618410 0.000000
vt 0.618410 0.006591
vt 0.300011 0.006591
vt 0.381592 0.243409
vt 0.300011 0.243409
vt 0.625000 0.925011
vt 0.618410 0.925011
vt 0.618410 0.750000
vt 0.625000 0.750000
vt 0.699989 0.006591
vt 0.699989 0.243409
vt 0.618410 0.243409
vt 0.375002 0.324989
vt 0.381592 0.324989
vt 0.381592 0.500000
vt 0.375002 0.500000
vt 0.618410 0.324989
vt 0.625000 0.324989
vt 0.625000 0.500000
vt 0.618410 0.500000
vt 0.875000 0.006591
vt 0.875000 0.243409
vt 0.125000 0.006591
vt 0.125000 0.243409
vt 0.381592 0.925011
vt 0.375002 0.925011
vt 0.375002 0.750000
vt 0.381592 0.750000
vt 0.381592 0.006591
vt 0.381592 0.000000
vt 0.618410 0.000000
vt 0.618410 0.006591
vt 0.300011 0.006591
vt 0.381592 0.243409
vt 0.300011 0.243409
vt 0.625000 0.925011
vt 0.618410 0.925011
vt 0.618410 0.750000
vt 0.625000 0.750000
vt 0.699989 0.006591
vt 0.699989 0.243409
vt 0.618410 0.243409
vt 0.375002 0.324989
vt 0.381592 0.324989
vt 0.381592 0.500000
vt 0.375002 0.500000
vt 0.618410 0.324989
vt 0.625000 0.324989
vt 0.625000 0.500000
vt 0.618410 0.500000
vt 0.875000 0.006591
vt 0.875000 0.243409
vt 0.125000 0.006591
vt 0.125000 0.243409
vt 0.381592 0.925011
vt 0.375002 0.925011
vt 0.375002 0.750000
vt 0.381592 0.750000
vt 0.381592 0.006591
vt 0.381592 0.000000
vt 0.618410 0.000000
vt 0.618410 0.006591
vt 0.300011 0.006591
vt 0.381592 0.243409
vt 0.300011 0.243409
vt 0.625000 0.925011
vt 0.618410 0.925011
vt 0.618410 0.750000
vt 0.625000 0.750000
vt 0.699989 0.006591
vt 0.699989 0.243409
vt 0.618410 0.243409
vt 0.375002 0.324989
vt 0.381592 0.324989
vt 0.381592 0.500000
vt 0.375002 0.500000
vt 0.618410 0.324989
vt 0.625000 0.324989
vt 0.625000 0.500000
vt 0.618410 0.500000
vt 0.875000 0.006591
vt 0.875000 0.243409
vt 0.125000 0.006591
vt 0.125000 0.243409
vt 0.381592 0.925011
vt 0.375002 0.925011
vt 0.375002 0.750000
vt 0.381592 0.750000
vt 0.381592 0.006591
vt 0.381592 0.000000
vt 0.618410 0.000000
vt 0.618410 0.006591
vt 0.300011 0.006591
vt 0.381592 0.243409
vt 0.300011 0.243409
vt 0.625000 0.925011
vt 0.618410 0.925011
vt 0.618410 0.750000
vt 0.625000 0.750000
vt 0.699989 0.006591
vt 0.699989 0.243409
vt 0.618410 0.243409
vt 0.375002 0.324989
vt 0.381592 0.324989
vt 0.381592 0.500000
vt 0.375002 0.500000
vt 0.618410 0.324989
vt 0.625000 0.324989
vt 0.625000 0.500000
vt 0.618410 0.500000
vt 0.875000 0.006591
vt 0.875000 0.243409
vt 0.125000 0.006591
vt 0.125000 0.243409
vt 0.381592 0.925011
vt 0.375002 0.925011
vt 0.375002 0.750000
vt 0.381592 0.750000
vt 0.381592 0.006591
vt 0.381592 0.000000
vt 0.618410 0.000000
vt 0.618410 0.006591
vt 0.300011 0.006591
vt 0.381592 0.243409
vt 0.300011 0.243409
vt 0.625000 0.925011
vt 0.618410 0.925011
vt 0.618410 0.750000
vt 0.625000 0.750000
vt 0.699989 0.006591
vt 0.699989 0.243409
vt 0.618410 0.243409
vt 0.375002 0.324989
vt 0.381592 0.324989
vt 0.381592 0.500000
vt 0.375002 0.500000
vt 0.618410 0.324989
vt 0.625000 0.324989
vt 0.625000 0.500000
vt 0.618410 0.500000
vt 0.875000 0.006591
vt 0.875000 0.243409
vt 0.125000 0.006591
vt 0.125000 0.243409
vt 0.381592 0.925011
vt 0.375002 0.925011
vt 0.375002 0.750000
vt 0.381592 0.750000
vt 0.381592 0.006591
vt 0.381592 0.000000
vt 0.618410 0.000000
vt 0.618410 0.006591
vt 0.300011 0.006591
vt 0.381592 0.243409
vt 0.300011 0.243409
vt 0.625000 0.925011
vt 0.618410 0.925011
vt 0.618410 0.750000
vt 0.625000 0.750000
vt 0.699989 0.006591
vt 0.699989 0.243409
vt 0.618410 0.243409
vt 0.375002 0.324989
vt 0.381592 0.324989
vt 0.381592 0.500000
vt 0.375002 0.500000
vt 0.618410 0.324989
vt 0.625000 0.324989
vt 0.625000 0.500000
vt 0.618410 0.500000
vt 0.875000 0.006591
vt 0.875000 0.243409
vt 0.125000 0.006591
vt 0.125000 0.243409
vt 0.381592 0.925011
vt 0.375002 0.925011
vt 0.375002 0.750000
vt 0.381592 0.750000
vt 0.381592 0.006591
vt 0.381592 0.000000
vt 0.618410 0.000000
vt 0.618410 0.006591
vt 0.300011 0.006591
vt 0.381592 0.243409
vt 0.300011 0.243409
vt 0.625000 0.925011
vt 0.618410 0.925011
vt 0.618410 0.750000
vt 0.625000 0.750000
vt 0.699989 0.006591
vt 0.699989 0.243409
vt 0.618410 0.243409
vt 0.375002 0.324989
vt 0.381592 0.324989
vt 0.381592 0.500000
vt 0.375002 0.500000
vt 0.618410 0.324989
vt 0.625000 0.324989
vt 0.625000 0.500000
vt 0.618410 0.500000
vt 0.875000 0.006591
vt 0.875000 0.243409
vt 0.125000 0.006591
vt 0.125000 0.243409
vt 0.381592 0.925011
vt 0.375002 0.925011
vt 0.375002 0.750000
vt 0.381592 0.750000
vt 0.381592 0.006591
vt 0.381592 0.000000
vt 0.618410 0.000000
vt 0.618410 0.006591
vt 0.300011 0.006591
vt 0.381592 0.243409
vt 0.300011 0.243409
vt 0.625000 0.925011
vt 0.618410 0.925011
vt 0.618410 0.750000
vt 0.625000 0.750000
vt 0.699989 0.006591
vt 0.699989 0.243409
vt 0.618410 0.243409
vt 0.375002 0.324989
vt 0.381592 0.324989
vt 0.381592 0.500000
vt 0.375002 0.500000
vt 0.618410 0.324989
vt 0.625000 0.324989
vt 0.625000 0.500000
vt 0.618410 0.500000
vt 0.875000 0.006591
vt 0.875000 0.243409
vt 0.125000 0.006591
vt 0.125000 0.243409
vt 0.375000 0.312500
vt 0.391667 0.312500
vt 0.391667 0.687500
vt 0.375000 0.687500
vt 0.408333 0.312500
vt 0.408333 0.687500
vt 0.425000 0.312500
vt 0.425000 0.687500
vt 0.441667 0.312500
vt 0.441667 0.687500
vt 0.458333 0.312500
vt 0.458333 0.687500
vt 0.475000 0.312500
vt 0.475000 0.687500
vt 0.491667 0.312500
vt 0.491667 0.687500
vt 0.508333 0.312500
vt 0.508333 0.687500
vt 0.525000 0.312500
vt 0.525000 0.687500
vt 0.541667 0.312500
vt 0.541667 0.687500
vt 0.558333 0.312500
vt 0.558333 0.687500
vt 0.575000 0.312500
vt 0.575000 0.687500
vt 0.591667 0.312500
vt 0.591667 0.687500
vt 0.608333 0.312500
vt 0.608333 0.687500
vt 0.625000 0.312500
vt 0.625000 0.687500
vt 0.381592 0.925011
vt 0.375002 0.925011
vt 0.375002 0.750000
vt 0.381592 0.750000
vt 0.381592 0.006591
vt 0.381592 0.000000
vt 0.618410 0.000000
vt 0.618410 0.006591
vt 0.300011 0.006591
vt 0.381592 0.243409
vt 0.300011 0.243409
vt 0.625000 0.925011
vt 0.618410 0.925011
vt 0.618410 0.750000
vt 0.625000 0.750000
vt 0.699989 0.006591
vt 0.699989 0.243409
vt 0.618410 0.243409
vt 0.375002 0.324989
vt 0.381592 0.324989
vt 0.381592 0.500000
vt 0.375002 0.500000
vt 0.618410 0.324989
vt 0.625000 0.324989
vt 0.625000 0.500000
vt 0.618410 0.500000
vt 0.875000 0.006591
vt 0.875000 0.243409
vt 0.125000 0.006591
vt 0.125000 0.243409
vt 0.381592 0.925011
vt 0.375002 0.925011
vt 0.375002 0.750000
vt 0.381592 0.750000
vt 0.381592 0.006591
vt 0.381592 0.000000
vt 0.618410 0.000000
vt 0.618410 0.006591
vt 0.300011 0.006591
vt 0.381592 0.243409
vt 0.300011 0.243409
vt 0.625000 0.925011
vt 0.618410 0.925011
vt 0.618410 0.750000
vt 0.625000 0.750000
vt 0.699989 0.006591
vt 0.699989 0.243409
vt 0.618410 0.243409
vt 0.375002 0.324989
vt 0.381592 0.324989
vt 0.381592 0.500000
vt 0.375002 0.500000
vt 0.618410 0.324989
vt 0.625000 0.324989
vt 0.625000 0.500000
vt 0.618410 0.500000
vt 0.875000 0.006591
vt 0.875000 0.243409
vt 0.125000 0.006591
vt 0.125000 0.243409
vt 0.381592 0.925011
vt 0.381592 0.750000
vt 0.375002 0.750000
vt 0.375002 0.925011
vt 0.381592 0.006591
vt 0.618410 0.006591
vt 0.618410 0.000000
vt 0.381592 0.000000
vt 0.300011 0.006591
vt 0.300011 0.243409
vt 0.381592 0.243409
vt 0.625000 0.925011
vt 0.625000 0.750000
vt 0.618410 0.750000
vt 0.618410 0.925011
vt 0.618410 0.243409
vt 0.699989 0.243409
vt 0.699989 0.006591
vt 0.375002 0.324989
vt 0.375002 0.500000
vt 0.381592 0.500000
vt 0.381592 0.324989
vt 0.618410 0.324989
vt 0.618410 0.500000
vt 0.625000 0.500000
vt 0.625000 0.324989
vt 0.875000 0.243409
vt 0.875000 0.006591
vt 0.125000 0.006591
vt 0.125000 0.243409
vt 0.381592 0.925011
vt 0.375002 0.925011
vt 0.375002 0.750000
vt 0.381592 0.750000
vt 0.381592 0.006591
vt 0.381592 0.000000
vt 0.618410 0.000000
vt 0.618410 0.006591
vt 0.300011 0.006591
vt 0.381592 0.243409
vt 0.300011 0.243409
vt 0.625000 0.925011
vt 0.618410 0.925011
vt 0.618410 0.750000
vt 0.625000 0.750000
vt 0.699989 0.006591
vt 0.699989 0.243409
vt 0.618410 0.243409
vt 0.375002 0.324989
vt 0.381592 0.324989
vt 0.381592 0.500000
vt 0.375002 0.500000
vt 0.618410 0.324989
vt 0.625000 0.324989
vt 0.625000 0.500000
vt 0.618410 0.500000
vt 0.875000 0.006591
vt 0.875000 0.243409
vt 0.125000 0.006591
vt 0.125000 0.243409
vt 0.381592 0.925011
vt 0.375002 0.925011
vt 0.375002 0.750000
vt 0.381592 0.750000
vt 0.381592 0.006591
vt 0.381592 0.000000
vt 0.618410 0.000000
vt 0.618410 0.006591
vt 0.300011 0.006591
vt 0.381592 0.243409
vt 0.300011 0.243409
vt 0.625000 0.925011
vt 0.618410 0.925011
vt 0.618410 0.750000
vt 0.625000 0.750000
vt 0.699989 0.006591
vt 0.699989 0.243409
vt 0.618410 0.243409
vt 0.375002 0.324989
vt 0.381592 0.324989
vt 0.381592 0.500000
vt 0.375002 0.500000
vt 0.618410 0.324989
vt 0.625000 0.324989
vt 0.625000 0.500000
vt 0.618410 0.500000
vt 0.875000 0.006591
vt 0.875000 0.243409
vt 0.125000 0.006591
vt 0.125000 0.243409
vt 0.381592 0.925011
vt 0.381592 0.750000
vt 0.375002 0.750000
vt 0.375002 0.925011
vt 0.381592 0.006591
vt 0.618410 0.006591
vt 0.618410 0.000000
vt 0.381592 0.000000
vt 0.300011 0.006591
vt 0.300011 0.243409
vt 0.381592 0.243409
vt 0.625000 0.925011
vt 0.625000 0.750000
vt 0.618410 0.750000
vt 0.618410 0.925011
vt 0.618410 0.243409
vt 0.699989 0.243409
vt 0.699989 0.006591
vt 0.375002 0.324989
vt 0.375002 0.500000
vt 0.381592 0.500000
vt 0.381592 0.324989
vt 0.618410 0.324989
vt 0.618410 0.500000
vt 0.625000 0.500000
vt 0.625000 0.324989
vt 0.875000 0.243409
vt 0.875000 0.006591
vt 0.125000 0.006591
vt 0.125000 0.243409
vn -0.053982 -0.998491 0.010099
vn -0.381933 -0.924167 0.006580
vn -0.381933 -0.924167 -0.006580
vn -0.053982 -0.998491 -0.010099
vn -0.924220 -0.381804 0.006581
vn -0.999944 -0.000266 0.010581
vn -0.999944 -0.000266 -0.010581
vn -0.924220 -0.381804 -0.006580
vn -0.054389 -0.000255 0.998520
vn -0.034789 -0.378468 0.924960
vn 0.034792 -0.378463 0.924962
vn 0.054389 -0.000255 0.998520
vn -0.034806 -0.924920 0.378566
vn 0.053982 -0.998491 0.010099
vn 0.034805 -0.924922 0.378560
vn -0.923944 -0.000166 0.382528
vn -0.923944 0.000166 0.382528
vn -0.999944 0.000266 0.010581
vn -0.382561 -0.000166 0.923930
vn -0.054389 0.000255 0.998520
vn -0.382561 0.000166 0.923930
vn 0.999944 -0.000266 0.010586
vn 0.924143 -0.381991 0.006580
vn 0.924143 -0.381991 -0.006580
vn 0.999944 -0.000266 -0.010586
vn 0.381932 -0.924167 0.006581
vn 0.053982 -0.998491 -0.010099
vn 0.381932 -0.924167 -0.006581
vn 0.382561 -0.000166 0.923930
vn 0.382561 0.000166 0.923930
vn 0.054389 0.000255 0.998520
vn 0.923869 -0.000166 0.382710
vn 0.999944 0.000266 0.010586
vn 0.923869 0.000166 0.382710
vn -0.924221 0.381802 0.006581
vn -0.924221 0.381802 -0.006581
vn -0.999944 0.000266 -0.010581
vn -0.381892 0.924184 0.006579
vn -0.053975 0.998491 0.010096
vn -0.053975 0.998491 -0.010096
vn -0.381892 0.924183 -0.006578
vn -0.034810 0.924962 0.378463
vn 0.034813 0.924964 0.378457
vn 0.053975 0.998491 0.010096
vn -0.034789 0.378462 0.924963
vn 0.034784 0.378455 0.924966
vn 0.381891 0.924184 0.006580
vn 0.381891 0.924184 -0.006579
vn 0.053975 0.998491 -0.010096
vn 0.924144 0.381989 0.006579
vn 0.999944 0.000266 -0.010586
vn 0.924144 0.381989 -0.006579
vn -0.923926 0.000166 -0.382570
vn -0.923926 -0.000166 -0.382570
vn -0.382561 0.000166 -0.923930
vn -0.054389 0.000255 -0.998520
vn -0.054389 -0.000255 -0.998520
vn -0.382561 -0.000166 -0.923930
vn -0.034794 0.378462 -0.924963
vn 0.034793 0.378456 -0.924965
vn 0.054389 0.000255 -0.998520
vn -0.034811 0.924963 -0.378461
vn 0.034809 0.924964 -0.378458
vn 0.382561 0.000166 -0.923930
vn 0.382561 -0.000166 -0.923930
vn 0.054389 -0.000255 -0.998520
vn 0.923851 0.000166 -0.382752
vn 0.923851 -0.000166 -0.382752
vn -0.034809 -0.924920 -0.378566
vn 0.034811 -0.924921 -0.378562
vn -0.034781 -0.378468 -0.924961
vn 0.034783 -0.378464 -0.924962
vn -0.887934 -0.325266 0.325230
vn -0.325248 -0.887923 0.325279
vn -0.325124 -0.325229 0.887987
vn 0.325202 -0.887956 0.325235
vn 0.887957 -0.325195 0.325239
vn 0.325112 -0.325191 0.888005
vn -0.325277 0.887932 0.325225
vn -0.887924 0.325288 0.325236
vn -0.325132 0.325210 0.887991
vn 0.887954 0.325221 0.325221
vn 0.325250 0.887962 0.325171
vn 0.325032 0.325163 0.888045
vn -0.325163 0.325215 -0.887978
vn -0.887909 0.325295 -0.325269
vn -0.325280 0.887940 -0.325201
vn 0.887945 0.325220 -0.325246
vn 0.325094 0.325173 -0.888019
vn 0.325232 0.887966 -0.325179
vn -0.325271 -0.887915 -0.325276
vn -0.887932 -0.325282 -0.325220
vn -0.325054 -0.325238 -0.888009
vn 0.887950 -0.325219 -0.325236
vn 0.325241 -0.887938 -0.325247
vn 0.325042 -0.325199 -0.888028
vn -0.012380 -0.998471 0.053875
vn -0.378529 -0.924935 0.034808
vn -0.378526 -0.924936 -0.034808
vn -0.012380 -0.998471 -0.053876
vn -0.924921 -0.378563 0.034806
vn -0.998519 -0.000440 0.054397
vn -0.998519 -0.000440 -0.054398
vn -0.924920 -0.378565 -0.034805
vn -0.012972 -0.000457 0.999916
vn -0.008076 -0.381802 0.924209
vn 0.008075 -0.381802 0.924209
vn 0.012972 -0.000457 0.999916
vn -0.008078 -0.924243 0.381718
vn 0.012380 -0.998471 0.053875
vn 0.008078 -0.924243 0.381718
vn -0.923902 -0.000285 0.382629
vn -0.923902 0.000285 0.382629
vn -0.998519 0.000440 0.054397
vn -0.382667 -0.000285 0.923886
vn -0.012972 0.000457 0.999916
vn -0.382667 0.000285 0.923886
vn 0.998519 -0.000440 0.054396
vn 0.924922 -0.378561 0.034806
vn 0.924920 -0.378564 -0.034807
vn 0.998519 -0.000440 -0.054397
vn 0.378528 -0.924935 0.034807
vn 0.012380 -0.998471 -0.053876
vn 0.378525 -0.924936 -0.034808
vn 0.382666 -0.000285 0.923887
vn 0.382666 0.000285 0.923887
vn 0.012972 0.000457 0.999916
vn 0.923903 -0.000285 0.382627
vn 0.998519 0.000440 0.054396
vn 0.923903 0.000285 0.382627
vn -0.924915 0.378577 0.034807
vn -0.924914 0.378580 -0.034809
vn -0.998519 0.000440 -0.054398
vn -0.378628 0.924894 0.034812
vn -0.012383 0.998470 0.053886
vn -0.012383 0.998470 -0.053886
vn -0.378629 0.924894 -0.034811
vn -0.008079 0.924218 0.381780
vn 0.008079 0.924217 0.381782
vn 0.012383 0.998470 0.053886
vn -0.008075 0.381805 0.924208
vn 0.008076 0.381806 0.924207
vn 0.378627 0.924894 0.034822
vn 0.378628 0.924894 -0.034820
vn 0.012383 0.998470 -0.053886
vn 0.924916 0.378576 0.034804
vn 0.998519 0.000440 -0.054397
vn 0.924915 0.378577 -0.034803
vn -0.923882 0.000285 -0.382677
vn -0.923882 -0.000285 -0.382677
vn -0.382725 0.000285 -0.923862
vn -0.012974 0.000457 -0.999916
vn -0.012974 -0.000457 -0.999916
vn -0.382725 -0.000285 -0.923862
vn -0.008079 0.381840 -0.924193
vn 0.008079 0.381841 -0.924193
vn 0.012974 0.000457 -0.999916
vn -0.008079 0.924206 -0.381809
vn 0.008079 0.924205 -0.381810
vn 0.382724 0.000285 -0.923863
vn 0.382724 -0.000285 -0.923863
vn 0.012974 -0.000457 -0.999916
vn 0.923883 0.000285 -0.382675
vn 0.923883 -0.000285 -0.382675
vn -0.008077 -0.924231 -0.381747
vn 0.008077 -0.924231 -0.381747
vn -0.008079 -0.381836 -0.924195
vn 0.008079 -0.381836 -0.924195
vn -0.887929 -0.325262 0.325248
vn -0.325268 -0.887929 0.325242
vn -0.325200 -0.325293 0.887936
vn 0.325267 -0.887930 0.325241
vn 0.887932 -0.325259 0.325245
vn 0.325183 -0.325295 0.887941
vn -0.325294 0.887904 0.325285
vn -0.887931 0.325260 0.325246
vn -0.325189 0.325300 0.887937
vn 0.887940 0.325264 0.325217
vn 0.325284 0.887880 0.325362
vn 0.325225 0.325319 0.887917
vn -0.325327 0.325305 -0.887884
vn -0.887908 0.325277 -0.325291
vn -0.325297 0.887898 -0.325297
vn 0.887926 0.325270 -0.325250
vn 0.325341 0.325338 -0.887867
vn 0.325287 0.887874 -0.325374
vn -0.325239 -0.887928 -0.325274
vn -0.887915 -0.325267 -0.325281
vn -0.325306 -0.325302 -0.887893
vn 0.887909 -0.325276 -0.325291
vn 0.325238 -0.887929 -0.325273
vn 0.325321 -0.325300 -0.887889
vn -0.012380 -0.998471 0.053875
vn -0.378531 -0.924934 0.034808
vn -0.378530 -0.924935 -0.034808
vn -0.012380 -0.998471 -0.053876
vn -0.924916 -0.378576 0.034806
vn -0.998519 -0.000440 0.054396
vn -0.998519 -0.000440 -0.054397
vn -0.924916 -0.378575 -0.034805
vn -0.012972 -0.000457 0.999916
vn -0.008076 -0.381802 0.924209
vn 0.008075 -0.381802 0.924209
vn 0.012972 -0.000457 0.999916
vn -0.008078 -0.924243 0.381718
vn 0.012380 -0.998471 0.053875
vn 0.008078 -0.924243 0.381718
vn -0.923903 -0.000285 0.382627
vn -0.923903 0.000285 0.382627
vn -0.998519 0.000440 0.054396
vn -0.382668 -0.000285 0.923886
vn -0.012972 0.000457 0.999916
vn -0.382668 0.000285 0.923886
vn 0.998519 -0.000440 0.054396
vn 0.924928 -0.378546 0.034806
vn 0.924926 -0.378549 -0.034807
vn 0.998519 -0.000440 -0.054397
vn 0.378531 -0.924934 0.034807
vn 0.012380 -0.998471 -0.053876
vn 0.378528 -0.924935 -0.034808
vn 0.382668 -0.000285 0.923886
vn 0.382668 0.000285 0.923886
vn 0.012972 0.000457 0.999916
vn 0.923903 -0.000285 0.382627
vn 0.998519 0.000440 0.054396
vn 0.923903 0.000285 0.382627
vn -0.924909 0.378591 0.034803
vn -0.924909 0.378592 -0.034805
vn -0.998519 0.000440 -0.054397
vn -0.378631 0.924893 0.034813
vn -0.012383 0.998470 0.053894
vn -0.012383 0.998470 -0.053895
vn -0.378632 0.924892 -0.034815
vn -0.008079 0.924197 0.381831
vn 0.008079 0.924197 0.381831
vn 0.012383 0.998470 0.053894
vn -0.008075 0.381806 0.924207
vn 0.008076 0.381806 0.924207
vn 0.378631 0.924893 0.034815
vn 0.378631 0.924893 -0.034813
vn 0.012383 0.998470 -0.053895
vn 0.924922 0.378562 0.034804
vn 0.998519 0.000440 -0.054397
vn 0.924922 0.378562 -0.034803
vn -0.923883 0.000285 -0.382675
vn -0.923883 -0.000285 -0.382675
vn -0.382726 0.000285 -0.923862
vn -0.012974 0.000457 -0.999916
vn -0.012974 -0.000457 -0.999916
vn -0.382726 -0.000285 -0.923862
vn -0.008079 0.381841 -0.924193
vn 0.008079 0.381841 -0.924193
vn 0.012974 0.000457 -0.999916
vn -0.008079 0.924185 -0.381860
vn 0.008079 0.924185 -0.381860
vn 0.382726 0.000285 -0.923862
vn 0.382726 -0.000285 -0.923862
vn 0.012974 -0.000457 -0.999916
vn 0.923883 0.000285 -0.382675
vn 0.923883 -0.000285 -0.382675
vn -0.008077 -0.924232 -0.381747
vn 0.008077 -0.924232 -0.381747
vn -0.008079 -0.381836 -0.924195
vn 0.008079 -0.381837 -0.924195
vn -0.887933 -0.325250 0.325249
vn -0.325263 -0.887933 0.325236
vn -0.325199 -0.325304 0.887932
vn 0.325260 -0.887935 0.325233
vn 0.887940 -0.325232 0.325248
vn 0.325182 -0.325321 0.887932
vn -0.325288 0.887908 0.325280
vn -0.887940 0.325266 0.325214
vn -0.325198 0.325320 0.887926
vn 0.887946 0.325245 0.325219
vn 0.325287 0.887903 0.325295
vn 0.325222 0.325344 0.887909
vn -0.325346 0.325329 -0.887869
vn -0.887924 0.325262 -0.325262
vn -0.325293 0.887888 -0.325328
vn 0.887936 0.325237 -0.325254
vn 0.325319 0.325336 -0.887876
vn 0.325283 0.887903 -0.325300
vn -0.325239 -0.887929 -0.325272
vn -0.887926 -0.325233 -0.325285
vn -0.325306 -0.325306 -0.887892
vn 0.887917 -0.325251 -0.325294
vn 0.325229 -0.887936 -0.325263
vn 0.325320 -0.325320 -0.887882
vn -0.012380 -0.998471 0.053875
vn -0.378531 -0.924934 0.034808
vn -0.378530 -0.924935 -0.034808
vn -0.012380 -0.998471 -0.053876
vn -0.924916 -0.378576 0.034806
vn -0.998519 -0.000440 0.054396
vn -0.998519 -0.000440 -0.054397
vn -0.924915 -0.378578 -0.034805
vn -0.012972 -0.000457 0.999916
vn -0.008076 -0.381802 0.924209
vn 0.008075 -0.381802 0.924209
vn 0.012972 -0.000457 0.999916
vn -0.008078 -0.924243 0.381718
vn 0.012380 -0.998471 0.053875
vn 0.008078 -0.924243 0.381718
vn -0.923903 -0.000285 0.382627
vn -0.923903 0.000285 0.382627
vn -0.998519 0.000440 0.054396
vn -0.382668 -0.000285 0.923886
vn -0.012972 0.000457 0.999916
vn -0.382668 0.000285 0.923886
vn 0.998519 -0.000440 0.054396
vn 0.924916 -0.378574 0.034806
vn 0.924915 -0.378577 -0.034807
vn 0.998519 -0.000440 -0.054397
vn 0.378531 -0.924934 0.034808
vn 0.012380 -0.998471 -0.053876
vn 0.378528 -0.924935 -0.034808
vn 0.382668 -0.000285 0.923886
vn 0.382668 0.000285 0.923886
vn 0.012972 0.000457 0.999916
vn 0.923903 -0.000285 0.382627
vn 0.998519 0.000440 0.054396
vn 0.923903 0.000285 0.382627
vn -0.924909 0.378591 0.034803
vn -0.924909 0.378592 -0.034805
vn -0.998519 0.000440 -0.054397
vn -0.378631 0.924893 0.034813
vn -0.012383 0.998470 0.053894
vn -0.012383 0.998470 -0.053895
vn -0.378632 0.924892 -0.034815
vn -0.008079 0.924197 0.381831
vn 0.008079 0.924197 0.381831
vn 0.012383 0.998470 0.053894
vn -0.008075 0.381806 0.924207
vn 0.008076 0.381806 0.924207
vn 0.378631 0.924893 0.034814
vn 0.378631 0.924893 -0.034813
vn 0.012383 0.998470 -0.053895
vn 0.924910 0.378589 0.034804
vn 0.998519 0.000440 -0.054397
vn 0.924910 0.378589 -0.034803
vn -0.923883 0.000285 -0.382675
vn -0.923883 -0.000285 -0.382675
vn -0.382726 0.000285 -0.923862
vn -0.012974 0.000457 -0.999916
vn -0.012974 -0.000457 -0.999916
vn -0.382726 -0.000285 -0.923862
vn -0.008079 0.381841 -0.924193
vn 0.008079 0.381840 -0.924193
vn 0.012974 0.000457 -0.999916
vn -0.008079 0.924185 -0.381860
vn 0.008079 0.924185 -0.381860
vn 0.382726 0.000285 -0.923862
vn 0.382726 -0.000285 -0.923862
vn 0.012974 -0.000457 -0.999916
vn 0.923883 0.000285 -0.382675
vn 0.923883 -0.000285 -0.382675
vn -0.008077 -0.924232 -0.381747
vn 0.008077 -0.924232 -0.381747
vn -0.008079 -0.381837 -0.924195
vn 0.008079 -0.381836 -0.924195
vn -0.887933 -0.325250 0.325249
vn -0.325263 -0.887933 0.325236
vn -0.325199 -0.325304 0.887932
vn 0.325263 -0.887933 0.325236
vn 0.887940 -0.325232 0.325248
vn 0.325183 -0.325313 0.887934
vn -0.325288 0.887908 0.325280
vn -0.887940 0.325266 0.325214
vn -0.325198 0.325320 0.887926
vn 0.887946 0.325245 0.325219
vn 0.325287 0.887903 0.325295
vn 0.325223 0.325336 0.887911
vn -0.325345 0.325345 -0.887864
vn -0.887924 0.325262 -0.325262
vn -0.325293 0.887888 -0.325328
vn 0.887936 0.325237 -0.325254
vn 0.325320 0.325329 -0.887878
vn 0.325285 0.887901 -0.325303
vn -0.325239 -0.887929 -0.325272
vn -0.887916 -0.325264 -0.325281
vn -0.325305 -0.325322 -0.887887
vn 0.887917 -0.325251 -0.325294
vn 0.325229 -0.887936 -0.325263
vn 0.325321 -0.325312 -0.887884
vn -0.012380 -0.998471 0.053875
vn -0.378533 -0.924933 0.034808
vn -0.378532 -0.924933 -0.034808
vn -0.012380 -0.998471 -0.053876
vn -0.924914 -0.378581 0.034803
vn -0.998519 -0.000440 0.054396
vn -0.998519 -0.000440 -0.054397
vn -0.924912 -0.378585 -0.034802
vn -0.012971 -0.000457 0.999916
vn -0.008076 -0.381801 0.924209
vn 0.008075 -0.381801 0.924209
vn 0.012971 -0.000457 0.999916
vn -0.008078 -0.924243 0.381718
vn 0.012380 -0.998471 0.053876
vn 0.008078 -0.924243 0.381719
vn -0.923903 -0.000285 0.382627
vn -0.923903 0.000285 0.382627
vn -0.998519 0.000440 0.054396
vn -0.382682 -0.000285 0.923880
vn -0.012971 0.000457 0.999916
vn -0.382682 0.000285 0.923880
vn 0.998519 -0.000440 0.054396
vn 0.924914 -0.378581 0.034802
vn 0.924913 -0.378583 -0.034804
vn 0.998519 -0.000440 -0.054397
vn 0.378556 -0.924923 0.034811
vn 0.012380 -0.998471 -0.053876
vn 0.378552 -0.924925 -0.034809
vn 0.382682 -0.000285 0.923880
vn 0.382682 0.000285 0.923880
vn 0.012971 0.000457 0.999916
vn 0.923903 -0.000285 0.382627
vn 0.998519 0.000440 0.054396
vn 0.923903 0.000285 0.382627
vn -0.924908 0.378595 0.034801
vn -0.924906 0.378600 -0.034802
vn -0.998519 0.000440 -0.054397
vn -0.378632 0.924892 0.034814
vn -0.012383 0.998470 0.053894
vn -0.012383 0.998470 -0.053895
vn -0.378635 0.924891 -0.034818
vn -0.008079 0.924197 0.381830
vn 0.008079 0.924197 0.381831
vn 0.012383 0.998470 0.053894
vn -0.008075 0.381805 0.924207
vn 0.008076 0.381806 0.924207
vn 0.378655 0.924883 0.034818
vn 0.378656 0.924882 -0.034818
vn 0.012384 0.998470 -0.053895
vn 0.924909 0.378592 0.034802
vn 0.998519 0.000440 -0.054397
vn 0.924909 0.378593 -0.034801
vn -0.923883 0.000285 -0.382675
vn -0.923883 -0.000285 -0.382675
vn -0.382740 0.000285 -0.923856
vn -0.012974 0.000457 -0.999916
vn -0.012974 -0.000457 -0.999916
vn -0.382740 -0.000285 -0.923856
vn -0.008079 0.381841 -0.924193
vn 0.008079 0.381840 -0.924193
vn 0.012974 0.000457 -0.999916
vn -0.008079 0.924185 -0.381861
vn 0.008079 0.924185 -0.381860
vn 0.382740 0.000285 -0.923856
vn 0.382740 -0.000285 -0.923856
vn 0.012974 -0.000457 -0.999916
vn 0.923883 0.000285 -0.382675
vn 0.923883 -0.000285 -0.382675
vn -0.008077 -0.924231 -0.381748
vn 0.008077 -0.924232 -0.381747
vn -0.008079 -0.381836 -0.924195
vn 0.008079 -0.381835 -0.924195
vn -0.887925 -0.325299 0.325222
vn -0.325275 -0.887930 0.325233
vn -0.325211 -0.325263 0.887943
vn 0.325285 -0.887923 0.325243
vn 0.887927 -0.325296 0.325219
vn 0.325195 -0.325264 0.887948
vn -0.325299 0.887901 0.325290
vn -0.887935 0.325299 0.325195
vn -0.325204 0.325273 0.887941
vn 0.887943 0.325271 0.325201
vn 0.325295 0.887891 0.325321
vn 0.325229 0.325282 0.887929
vn -0.325350 0.325298 -0.887879
vn -0.887904 0.325342 -0.325238
vn -0.325312 0.887869 -0.325364
vn 0.887931 0.325270 -0.325235
vn 0.325328 0.325259 -0.887901
vn 0.325305 0.887886 -0.325323
vn -0.325260 -0.887918 -0.325280
vn -0.887903 -0.325329 -0.325252
vn -0.325316 -0.325281 -0.887898
vn 0.887906 -0.325308 -0.325266
vn 0.325240 -0.887933 -0.325259
vn 0.325335 -0.325248 -0.887903
vn -0.032443 0.999474 0.000000
vn -0.032443 0.999474 0.000000
vn 0.032443 0.999474 0.000000
vn 0.032443 0.999474 0.000000
vn -0.032444 -0.999474 0.000000
vn -0.032444 -0.999474 0.000000
vn 0.032444 -0.999474 0.000000
vn 0.032444 -0.999474 0.000000
vn 0.999829 -0.018486 0.000000
vn 0.999829 -0.018486 0.000000
vn 0.999829 0.018486 0.000000
vn 0.999829 0.018486 0.000000
vn -0.856288 0.516498 0.000000
vn -0.609862 0.792508 0.000000
vn -0.609862 0.792508 0.000000
vn -0.856288 0.516498 0.000000
vn -0.406040 0.913855 0.000000
vn -0.406040 0.913855 0.000000
vn -0.118211 0.992989 0.000000
vn -0.118211 0.992989 0.000000
vn 0.118211 0.992989 0.000000
vn 0.118211 0.992989 0.000000
vn 0.406060 0.913847 0.000000
vn 0.609862 0.792508 0.000000
vn 0.609862 0.792508 0.000000
vn 0.406060 0.913847 0.000000
vn -0.118212 -0.992988 0.000000
vn -0.118212 -0.992988 0.000000
vn -0.406040 -0.913855 0.000000
vn -0.609861 -0.792508 0.000000
vn -0.609861 -0.792508 0.000000
vn -0.406040 -0.913855 0.000000
vn -0.856287 -0.516500 0.000000
vn -0.856287 -0.516500 0.000000
vn 0.609861 -0.792508 0.000000
vn 0.609861 -0.792508 0.000000
vn 0.406059 -0.913847 0.000000
vn 0.406059 -0.913847 0.000000
vn 0.118212 -0.992988 0.000000
vn 0.118212 -0.992988 0.000000
vn 0.000001 0.000000 1.000000
vn 0.000001 0.000000 1.000000
vn 0.000001 0.000000 1.000000
vn 0.000001 0.000000 1.000000
vn 0.000001 0.000000 1.000000
vn 0.000001 0.000000 1.000000
vn 0.000001 0.000000 1.000000
vn 0.000001 0.000000 1.000000
vn 0.000001 0.000000 1.000000
vn 0.000001 0.000000 1.000000
vn 0.000001 0.000000 1.000000
vn 0.000001 0.000000 1.000000
vn 0.000001 0.000000 1.000000
vn 0.000001 0.000000 1.000000
vn 0.000001 0.000000 1.000000
vn 0.000001 0.000000 1.000000
vn 0.000001 0.000000 -1.000000
vn 0.000001 0.000000 -1.000000
vn 0.000001 0.000000 -1.000000
vn 0.000001 0.000000 -1.000000
vn 0.000001 0.000000 -1.000000
vn 0.000001 0.000000 -1.000000
vn 0.000001 0.000000 -1.000000
vn 0.000001 0.000000 -1.000000
vn 0.000001 0.000000 -1.000000
vn 0.000001 0.000000 -1.000000
vn 0.000001 0.000000 -1.000000
vn 0.000001 0.000000 -1.000000
vn 0.000001 0.000000 -1.000000
vn 0.000001 0.000000 -1.000000
vn 0.000001 0.000000 -1.000000
vn 0.000001 0.000000 -1.000000
vn 0.000000 0.999474 -0.032443
vn 0.000000 0.999474 -0.032443
vn 0.000000 0.999474 0.032443
vn 0.000000 0.999474 0.032443
vn 0.000000 -0.999474 -0.032444
vn 0.000000 -0.999474 -0.032444
vn 0.000000 -0.999474 0.032444
vn 0.000000 -0.999474 0.032444
vn 0.000000 -0.018485 0.999829
vn 0.000000 -0.018485 0.999829
vn 0.000000 0.018485 0.999829
vn 0.000000 0.018485 0.999829
vn 0.000000 0.516510 -0.856281
vn 0.000000 0.792506 -0.609864
vn 0.000000 0.792506 -0.609864
vn 0.000000 0.516510 -0.856281
vn 0.000000 0.913853 -0.406047
vn 0.000000 0.913853 -0.406047
vn 0.000000 0.992988 -0.118212
vn 0.000000 0.992988 -0.118212
vn 0.000000 0.992988 0.118212
vn 0.000000 0.992988 0.118212
vn 0.000000 0.913848 0.406057
vn 0.000000 0.792506 0.609864
vn 0.000000 0.792506 0.609864
vn 0.000000 0.913848 0.406057
vn 0.000000 -0.992988 -0.118213
vn 0.000000 -0.992988 -0.118213
vn 0.000000 -0.913854 -0.406044
vn 0.000000 -0.792507 -0.609862
vn 0.000000 -0.792507 -0.609862
vn 0.000000 -0.913854 -0.406044
vn 0.000000 -0.516511 -0.856281
vn 0.000000 -0.516511 -0.856281
vn 0.000000 -0.792507 0.609862
vn 0.000000 -0.792507 0.609862
vn 0.000000 -0.913849 0.406055
vn 0.000000 -0.913849 0.406055
vn 0.000000 -0.992988 0.118213
vn 0.000000 -0.992988 0.118213
vn -1.000000 0.000001 0.000000
vn -1.000000 0.000001 0.000000
vn -1.000000 0.000001 0.000000
vn -1.000000 0.000001 0.000000
vn -1.000000 0.000001 0.000000
vn -1.000000 0.000001 0.000000
vn -1.000000 0.000001 0.000000
vn -1.000000 0.000001 0.000000
vn -1.000000 0.000001 0.000000
vn -1.000000 0.000001 0.000000
vn -1.000000 0.000001 0.000000
vn -1.000000 0.000001 0.000000
vn -1.000000 0.000001 0.000000
vn -1.000000 0.000001 0.000000
vn -1.000000 0.000001 0.000000
vn -1.000000 0.000001 0.000000
vn 1.000000 0.000002 0.000000
vn 1.000000 0.000002 0.000000
vn 1.000000 0.000002 0.000000
vn 1.000000 0.000002 0.000000
vn 1.000000 0.000002 0.000000
vn 1.000000 0.000002 0.000000
vn 1.000000 0.000002 0.000000
vn 1.000000 0.000002 0.000000
vn 1.000000 0.000002 0.000000
vn 1.000000 0.000002 0.000000
vn 1.000000 0.000002 0.000000
vn 1.000000 0.000002 0.000000
vn 1.000000 0.000002 0.000000
vn 1.000000 0.000002 0.000000
vn 1.000000 0.000002 0.000000
vn 1.000000 0.000002 0.000000
vn 0.000000 0.000000 1.000000
vn 0.000000 0.000000 1.000000
vn 0.000000 0.000000 1.000000
vn 0.000000 0.000000 1.000000
vn 1.000000 0.000000 0.000000
vn 1.000000 0.000000 0.000000
vn 1.000000 0.000000 0.000000
vn 1.000000 0.000000 0.000000
vn -0.037387 -0.998147 0.048009
vn -0.405806 -0.913426 0.031229
vn -0.405806 -0.913425 -0.031230
vn -0.037387 -0.998147 -0.048009
vn -0.934460 -0.354909 0.028701
vn -0.998932 -0.001904 0.046162
vn -0.998932 -0.001904 -0.046162
vn -0.934460 -0.354909 -0.028702
vn -0.013106 -0.000679 0.999914
vn -0.020754 -0.302817 0.952823
vn 0.014391 -0.303439 0.952742
vn 0.010983 -0.002244 0.999937
vn -0.027491 -0.882165 0.470137
vn 0.033572 -0.998234 0.049011
vn 0.018524 -0.881285 0.472222
vn 0.987460 -0.150983 0.046110
vn 0.887250 -0.460354 0.029363
vn 0.887250 -0.460353 -0.029363
vn 0.987460 -0.150983 -0.046110
vn 0.366317 -0.929942 0.031921
vn 0.033572 -0.998234 -0.049011
vn 0.366317 -0.929943 -0.031920
vn 0.322270 -0.049512 0.945352
vn 0.325636 -0.038618 0.944706
vn 0.012611 -0.001486 0.999919
vn 0.884637 -0.134653 0.446414
vn 0.991863 -0.118894 0.045521
vn 0.889784 -0.105370 0.444052
vn -0.027491 -0.882164 -0.470140
vn 0.018523 -0.881285 -0.472223
vn -0.020754 -0.302809 -0.952825
vn -0.013106 -0.000679 -0.999914
vn 0.010982 -0.002244 -0.999937
vn 0.014388 -0.303429 -0.952745
vn -0.998930 0.000000 -0.046239
vn -0.901995 0.000000 -0.431747
vn -0.901996 0.000000 -0.431744
vn -0.998931 0.000000 -0.046239
vn -0.337432 0.000000 -0.941350
vn -0.008243 0.000000 -0.999966
vn -0.011634 0.000000 -0.999932
vn -0.337429 0.000000 -0.941351
vn 0.001330 -0.001330 -0.999998
vn 0.337431 0.000000 -0.941350
vn 0.325622 -0.038617 -0.944711
vn 0.012610 -0.001486 -0.999919
vn 0.902000 0.000000 -0.431735
vn 0.998334 0.000000 -0.057706
vn 0.991863 -0.118894 -0.045521
vn 0.889784 -0.105369 -0.444051
vn -0.998931 0.000000 0.046239
vn -0.901999 0.000000 0.431739
vn -0.902283 0.004617 0.431120
vn -0.998918 0.007134 0.045949
vn -0.337436 0.000000 0.941349
vn -0.008243 0.000000 0.999966
vn -0.008230 0.006536 0.999945
vn -0.336935 0.004003 0.941519
vn -0.934491 0.354820 0.028802
vn -0.934491 0.354820 -0.028802
vn -0.998918 0.007134 -0.045949
vn -0.405735 0.913453 0.031345
vn -0.009691 0.998721 0.049625
vn -0.009691 0.998721 -0.049625
vn -0.405735 0.913453 -0.031345
vn -0.006237 0.888407 0.459014
vn -0.000000 0.888038 0.459770
vn -0.000000 0.998749 0.050006
vn -0.004970 0.314006 0.949408
vn -0.000000 0.006527 0.999979
vn -0.000000 0.314549 0.949241
vn -0.008229 0.006536 -0.999945
vn -0.004970 0.314006 -0.949408
vn -0.000000 0.314549 -0.949241
vn -0.000000 0.006527 -0.999979
vn -0.006237 0.888404 -0.459021
vn -0.000000 0.998749 -0.050006
vn -0.000000 0.888035 -0.459776
vn 0.016509 -0.998643 0.049386
vn 0.010654 -0.888632 0.458498
vn 0.109547 -0.880980 0.460298
vn 0.123520 -0.991016 0.051278
vn 0.008477 -0.313621 0.949510
vn 0.013555 -0.008236 0.999874
vn 0.000825 -0.006655 0.999978
vn 0.038972 -0.311776 0.949356
vn 0.998904 -0.009301 0.045862
vn 0.934484 -0.354838 0.028800
vn 0.934484 -0.354839 -0.028800
vn 0.998904 -0.009301 -0.045863
vn 0.405746 -0.913448 0.031349
vn 0.016509 -0.998643 -0.049386
vn 0.405746 -0.913448 -0.031348
vn 0.336762 -0.005227 0.941575
vn 0.336762 0.005227 0.941575
vn 0.013556 0.008214 0.999874
vn 0.902359 -0.006026 0.430943
vn 0.998904 0.009301 0.045862
vn 0.902359 0.006026 0.430943
vn 0.013555 -0.008236 -0.999874
vn 0.008476 -0.313621 -0.949510
vn 0.038970 -0.311776 -0.949356
vn 0.000825 -0.006655 -0.999978
vn 0.010654 -0.888629 -0.458504
vn 0.123520 -0.991016 -0.051278
vn 0.109547 -0.880976 -0.460304
vn 0.902357 -0.006026 -0.430948
vn 0.902357 0.006026 -0.430948
vn 0.998905 0.009301 -0.045862
vn 0.336762 -0.005226 -0.941575
vn 0.013556 0.008214 -0.999874
vn 0.336762 0.005226 -0.941576
vn 0.016509 0.998645 -0.049356
vn 0.010661 0.888638 -0.458486
vn 0.000000 0.888024 -0.459798
vn 0.000000 0.998749 -0.050009
vn 0.008500 0.313613 -0.949513
vn 0.000000 0.007597 -0.999971
vn 0.000000 0.314554 -0.949240
vn 0.934488 0.354829 -0.028799
vn 0.934488 0.354828 0.028799
vn 0.405723 0.913459 -0.031347
vn 0.016509 0.998645 0.049356
vn 0.405723 0.913459 0.031346
vn 0.008500 0.313613 0.949513
vn 0.000000 0.314554 0.949240
vn 0.000000 0.007597 0.999971
vn 0.010660 0.888641 0.458480
vn 0.000000 0.998749 0.050009
vn 0.000000 0.888027 0.459791
vn -0.011634 0.000000 0.999932
vn -0.998930 0.000000 0.046239
vn 0.001330 -0.001330 0.999998
vn 0.998334 0.000000 0.057705
vn 0.000001 -0.998110 0.061451
vn 0.000001 -0.998110 -0.061451
vn 0.096335 -0.994139 -0.049069
vn 0.096335 -0.994139 0.049069
vn 0.000000 0.006979 -0.999976
vn 0.000757 -0.007817 -0.999969
vn -0.000000 0.998749 0.050007
vn -0.000000 0.998749 -0.050007
vn 0.000757 -0.007817 0.999969
vn -0.000000 0.006979 0.999976
vn 0.049233 -0.997581 0.049065
vn 0.049233 -0.997582 -0.049065
vn 0.000000 0.006787 0.999977
vn 0.000364 -0.007298 0.999973
vn 0.000000 0.998749 -0.050007
vn 0.000000 0.998749 0.050007
vn 0.000364 -0.007298 -0.999973
vn 0.000000 0.006787 -0.999977
vn -0.048775 -0.997601 0.049131
vn -0.048775 -0.997601 -0.049131
vn 0.000000 0.006809 0.999977
vn -0.000360 -0.007297 0.999973
vn 0.000000 0.998749 -0.050006
vn 0.000000 0.998749 0.050006
vn -0.000360 -0.007297 -0.999973
vn -0.000000 0.006809 -0.999977
vn -0.066405 -0.996482 0.051126
vn -0.066405 -0.996482 -0.051126
vn 0.000000 0.007922 0.999969
vn -0.000479 -0.007249 0.999974
vn 0.000000 0.998749 -0.050006
vn 0.000000 0.998749 0.050006
vn -0.000479 -0.007249 -0.999974
vn 0.000000 0.007922 -0.999969
vn 0.000160 -0.998749 0.050015
vn 0.000160 -0.998749 -0.050015
vn 0.000000 0.008384 0.999965
vn 0.000001 -0.008389 0.999965
vn 0.000000 0.998749 -0.050006
vn 0.000000 0.998749 0.050006
vn 0.000001 -0.008389 -0.999965
vn -0.000000 0.008384 -0.999965
vn 0.078585 -0.995592 0.051199
vn 0.078585 -0.995592 -0.051199
vn 0.000000 0.007866 0.999969
vn 0.000557 -0.007123 0.999974
vn 0.000000 0.998749 -0.050007
vn 0.000000 0.998749 0.050007
vn 0.000557 -0.007123 -0.999974
vn -0.000000 0.007866 -0.999969
vn -0.902079 -0.001235 0.431569
vn -0.902000 0.000000 0.431736
vn -0.337297 -0.001070 0.941398
vn -0.337429 0.000000 0.941351
vn 0.337439 0.000000 0.941347
vn 0.902006 0.000000 0.431723
vn -0.336927 0.004003 -0.941522
vn -0.902279 0.004617 -0.431128
vn -0.337297 -0.001070 -0.941398
vn -0.902075 -0.001235 -0.431577
vn 0.000000 -0.888035 -0.459777
vn 0.085750 -0.883488 -0.460539
vn 0.000000 -0.314552 -0.949240
vn 0.029899 -0.312520 -0.949441
vn 0.884640 -0.134651 -0.446410
vn 0.322253 -0.049510 -0.945358
vn 0.000000 -0.314552 0.949240
vn 0.029899 -0.312520 0.949441
vn 0.000000 -0.888038 0.459770
vn 0.085751 -0.883491 0.460532
vn -0.000000 0.314548 -0.949242
vn -0.000000 0.888030 -0.459786
vn -0.000000 0.888033 0.459779
vn -0.000000 0.314548 0.949242
vn 0.015318 -0.313515 -0.949460
vn 0.043995 -0.886481 -0.460669
vn 0.043995 -0.886485 0.460662
vn 0.015318 -0.313515 0.949460
vn 0.000000 0.314549 0.949241
vn 0.000000 0.888036 0.459774
vn 0.000000 0.888032 -0.459781
vn 0.000000 0.314549 -0.949241
vn -0.015199 -0.313600 -0.949434
vn -0.043562 -0.886568 -0.460542
vn -0.043563 -0.886572 0.460536
vn -0.015199 -0.313600 0.949434
vn 0.000000 0.314547 0.949242
vn 0.000000 0.888039 0.459769
vn 0.000000 0.888035 -0.459775
vn 0.000000 0.314547 -0.949242
vn -0.021013 -0.313219 -0.949449
vn -0.058766 -0.885665 -0.460591
vn -0.058767 -0.885669 0.460584
vn -0.021013 -0.313219 0.949449
vn 0.000000 0.314550 0.949241
vn 0.000000 0.888037 0.459773
vn 0.000000 0.888033 -0.459779
vn 0.000000 0.314550 -0.949241
vn 0.000051 -0.314550 -0.949241
vn 0.000143 -0.888036 -0.459774
vn 0.000143 -0.888039 0.459768
vn 0.000050 -0.314550 0.949241
vn 0.000000 0.314550 0.949241
vn 0.000000 0.888036 0.459773
vn 0.000000 0.888033 -0.459780
vn 0.000000 0.314550 -0.949241
vn 0.024851 -0.312886 -0.949466
vn 0.069557 -0.884858 -0.460639
vn 0.069558 -0.884862 0.460632
vn 0.024851 -0.312886 0.949466
vn 0.000000 0.314549 0.949241
vn 0.000000 0.888033 0.459780
vn 0.000000 0.888029 -0.459787
vn 0.000000 0.314549 -0.949241
vn -0.879047 -0.298629 0.371613
vn -0.339948 -0.855263 0.391101
vn -0.291741 -0.269696 0.917688
vn 0.295823 -0.855945 0.424085
vn 0.827105 -0.389702 0.405005
vn 0.257320 -0.279924 0.924894
vn -0.879044 -0.298631 -0.371620
vn -0.291741 -0.269700 -0.917687
vn -0.339948 -0.855259 -0.391111
vn 0.827111 -0.389698 -0.404998
vn 0.295821 -0.855951 -0.424073
vn 0.257287 -0.279908 -0.924908
vn -0.338966 0.855392 0.391672
vn -0.879125 0.297726 0.372153
vn -0.291057 0.269064 0.918091
vn -0.879124 0.297724 -0.372157
vn -0.338962 0.855390 -0.391679
vn -0.291052 0.269059 -0.918094
vn 0.291039 -0.269072 0.918094
vn 0.338958 -0.855389 0.391685
vn 0.879135 -0.297708 0.372144
vn 0.338947 -0.855392 -0.391688
vn 0.291030 -0.269055 -0.918102
vn 0.879133 -0.297716 -0.372143
vn 0.291026 0.269043 -0.918107
vn 0.338943 0.855401 -0.391671
vn 0.879143 0.297697 -0.372135
vn 0.338942 0.855405 0.391664
vn 0.291033 0.269057 0.918100
vn 0.879147 0.297687 0.372134
vn -0.037387 -0.998147 0.048009
vn -0.405806 -0.913426 0.031229
vn -0.405807 -0.913425 -0.031229
vn -0.037387 -0.998147 -0.048009
vn -0.934460 -0.354910 0.028701
vn -0.998932 -0.001904 0.046162
vn -0.998932 -0.001904 -0.046162
vn -0.934460 -0.354909 -0.028701
vn -0.013106 -0.000679 0.999914
vn -0.020753 -0.302815 0.952823
vn 0.014390 -0.303437 0.952743
vn 0.010983 -0.002244 0.999937
vn -0.027491 -0.882165 0.470138
vn 0.033572 -0.998234 0.049011
vn 0.018523 -0.881285 0.472223
vn 0.987460 -0.150983 0.046110
vn 0.887250 -0.460354 0.029363
vn 0.887250 -0.460354 -0.029362
vn 0.987460 -0.150983 -0.046110
vn 0.366318 -0.929942 0.031921
vn 0.033572 -0.998234 -0.049011
vn 0.366317 -0.929942 -0.031920
vn 0.322274 -0.049511 0.945351
vn 0.325639 -0.038618 0.944705
vn 0.012611 -0.001486 0.999919
vn 0.884638 -0.134652 0.446412
vn 0.991863 -0.118894 0.045521
vn 0.889784 -0.105369 0.444052
vn -0.027492 -0.882163 -0.470141
vn 0.018524 -0.881284 -0.472223
vn -0.020755 -0.302807 -0.952826
vn -0.013106 -0.000679 -0.999914
vn 0.010982 -0.002244 -0.999937
vn 0.014388 -0.303428 -0.952746
vn -0.998930 0.000000 -0.046239
vn -0.901995 0.000000 -0.431747
vn -0.901995 0.000000 -0.431747
vn -0.998931 0.000000 -0.046239
vn -0.337434 0.000000 -0.941349
vn -0.008243 0.000000 -0.999966
vn -0.011634 0.000000 -0.999932
vn -0.337433 0.000000 -0.941349
vn 0.001330 -0.001330 -0.999998
vn 0.337431 0.000000 -0.941350
vn 0.325628 -0.038616 -0.944709
vn 0.012611 -0.001486 -0.999919
vn 0.902002 0.000000 -0.431731
vn 0.998334 0.000000 -0.057706
vn 0.991863 -0.118894 -0.045521
vn 0.889783 -0.105369 -0.444054
vn -0.998930 0.000000 0.046239
vn -0.901998 0.000000 0.431741
vn -0.902282 0.004617 0.431122
vn -0.998918 0.007134 0.045949
vn -0.337434 0.000000 0.941349
vn -0.008243 0.000000 0.999966
vn -0.008229 0.006536 0.999945
vn -0.336931 0.004003 0.941521
vn -0.934491 0.354820 0.028802
vn -0.934491 0.354819 -0.028802
vn -0.998918 0.007134 -0.045949
vn -0.405730 0.913455 0.031345
vn -0.009691 0.998721 0.049625
vn -0.009691 0.998721 -0.049625
vn -0.405730 0.913455 -0.031345
vn -0.006237 0.888406 0.459016
vn -0.000000 0.888037 0.459771
vn -0.000000 0.998749 0.050006
vn -0.004970 0.314006 0.949408
vn 0.000000 0.006527 0.999979
vn -0.000000 0.314549 0.949241
vn -0.008229 0.006536 -0.999945
vn -0.004970 0.314006 -0.949408
vn -0.000000 0.314549 -0.949241
vn 0.000000 0.006527 -0.999979
vn -0.006237 0.888403 -0.459023
vn -0.000000 0.998749 -0.050006
vn -0.000000 0.888034 -0.459778
vn 0.016509 -0.998643 0.049386
vn 0.010654 -0.888631 0.458499
vn 0.109546 -0.880979 0.460299
vn 0.123520 -0.991016 0.051278
vn 0.008477 -0.313621 0.949510
vn 0.013555 -0.008236 0.999874
vn 0.000825 -0.006655 0.999978
vn 0.038972 -0.311776 0.949356
vn 0.998905 -0.009301 0.045862
vn 0.934484 -0.354838 0.028800
vn 0.934484 -0.354838 -0.028800
vn 0.998904 -0.009301 -0.045863
vn 0.405746 -0.913448 0.031348
vn 0.016509 -0.998643 -0.049386
vn 0.405746 -0.913448 -0.031349
vn 0.336762 -0.005227 0.941575
vn 0.336762 0.005226 0.941575
vn 0.013556 0.008214 0.999874
vn 0.902359 -0.006026 0.430943
vn 0.998905 0.009301 0.045862
vn 0.902359 0.006026 0.430943
vn 0.013555 -0.008236 -0.999874
vn 0.008476 -0.313621 -0.949510
vn 0.038971 -0.311776 -0.949356
vn 0.000825 -0.006655 -0.999978
vn 0.010654 -0.888627 -0.458506
vn 0.123520 -0.991016 -0.051278
vn 0.109547 -0.880976 -0.460306
vn 0.902355 -0.006026 -0.430951
vn 0.902356 0.006026 -0.430950
vn 0.998905 0.009301 -0.045862
vn 0.336767 -0.005226 -0.941574
vn 0.013556 0.008214 -0.999874
vn 0.336767 0.005226 -0.941574
vn 0.016509 0.998645 -0.049356
vn 0.010661 0.888637 -0.458488
vn 0.000000 0.888023 -0.459799
vn 0.000000 0.998749 -0.050009
vn 0.008500 0.313613 -0.949513
vn -0.000000 0.007597 -0.999971
vn 0.000000 0.314554 -0.949240
vn 0.934488 0.354829 -0.028799
vn 0.934487 0.354830 0.028799
vn 0.405722 0.913459 -0.031347
vn 0.016509 0.998645 0.049356
vn 0.405723 0.913459 0.031347
vn 0.008500 0.313613 0.949513
vn 0.000000 0.314554 0.949240
vn 0.000000 0.007597 0.999971
vn 0.010661 0.888640 0.458481
vn 0.000000 0.998749 0.050009
vn 0.000000 0.888026 0.459793
vn -0.011634 0.000000 0.999932
vn -0.998930 0.000000 0.046239
vn 0.001330 -0.001330 0.999998
vn 0.998334 0.000000 0.057706
vn 0.000001 -0.998110 0.061451
vn 0.000001 -0.998110 -0.061451
vn 0.096335 -0.994139 -0.049069
vn 0.096335 -0.994139 0.049069
vn 0.000000 0.006979 -0.999976
vn 0.000757 -0.007817 -0.999969
vn -0.000000 0.998749 0.050007
vn -0.000000 0.998749 -0.050007
vn 0.000757 -0.007817 0.999969
vn -0.000000 0.006979 0.999976
vn 0.049233 -0.997581 0.049065
vn 0.049233 -0.997582 -0.049065
vn 0.000000 0.006787 0.999977
vn 0.000364 -0.007298 0.999973
vn 0.000000 0.998749 -0.050007
vn 0.000000 0.998749 0.050007
vn 0.000364 -0.007298 -0.999973
vn -0.000000 0.006787 -0.999977
vn -0.048775 -0.997601 0.049131
vn -0.048775 -0.997601 -0.049131
vn 0.000000 0.006809 0.999977
vn -0.000360 -0.007297 0.999973
vn 0.000000 0.998749 -0.050006
vn 0.000000 0.998749 0.050006
vn -0.000360 -0.007297 -0.999973
vn -0.000000 0.006809 -0.999977
vn -0.066405 -0.996482 0.051126
vn -0.066405 -0.996482 -0.051126
vn 0.000000 0.007922 0.999969
vn -0.000479 -0.007249 0.999974
vn 0.000000 0.998749 -0.050006
vn 0.000000 0.998749 0.050006
vn -0.000479 -0.007249 -0.999974
vn -0.000000 0.007922 -0.999969
vn 0.000160 -0.998749 0.050015
vn 0.000160 -0.998749 -0.050015
vn 0.000000 0.008384 0.999965
vn 0.000001 -0.008389 0.999965
vn 0.000000 0.998749 -0.050006
vn 0.000000 0.998749 0.050006
vn 0.000001 -0.008389 -0.999965
vn 0.000000 0.008384 -0.999965
vn 0.078585 -0.995592 0.051199
vn 0.078585 -0.995592 -0.051199
vn 0.000000 0.007866 0.999969
vn 0.000557 -0.007123 0.999974
vn 0.000000 0.998749 -0.050007
vn 0.000000 0.998749 0.050007
vn 0.000557 -0.007123 -0.999974
vn 0.000000 0.007866 -0.999969
vn -0.902077 -0.001235 0.431573
vn -0.901998 0.000000 0.431739
vn -0.337302 -0.001070 0.941396
vn -0.337433 0.000000 0.941350
vn 0.337435 0.000000 0.941349
vn 0.902003 0.000000 0.431729
vn -0.336927 0.004003 -0.941522
vn -0.902279 0.004617 -0.431128
vn -0.337302 -0.001070 -0.941396
vn -0.902073 -0.001235 -0.431581
vn 0.000000 -0.888034 -0.459778
vn 0.085751 -0.883487 -0.460541
vn 0.000000 -0.314552 -0.949240
vn 0.029900 -0.312520 -0.949440
vn 0.884637 -0.134652 -0.446415
vn 0.322261 -0.049510 -0.945355
vn 0.000000 -0.314552 0.949240
vn 0.029900 -0.312520 0.949440
vn 0.000000 -0.888037 0.459771
vn 0.085751 -0.883490 0.460534
vn -0.000000 0.314548 -0.949242
vn -0.000000 0.888029 -0.459788
vn -0.000000 0.888032 0.459781
vn -0.000000 0.314548 0.949242
vn 0.015318 -0.313515 -0.949460
vn 0.043995 -0.886480 -0.460670
vn 0.043995 -0.886484 0.460664
vn 0.015318 -0.313515 0.949460
vn 0.000000 0.314549 0.949241
vn 0.000000 0.888035 0.459776
vn 0.000000 0.888032 -0.459783
vn 0.000000 0.314549 -0.949241
vn -0.015199 -0.313600 -0.949434
vn -0.043562 -0.886567 -0.460544
vn -0.043562 -0.886571 0.460537
vn -0.015199 -0.313600 0.949434
vn 0.000000 0.314547 0.949242
vn 0.000000 0.888038 0.459770
vn 0.000000 0.888035 -0.459777
vn 0.000000 0.314547 -0.949242
vn -0.021013 -0.313219 -0.949449
vn -0.058767 -0.885664 -0.460592
vn -0.058767 -0.885668 0.460586
vn -0.021013 -0.313219 0.949449
vn 0.000000 0.314550 0.949241
vn 0.000000 0.888036 0.459774
vn 0.000000 0.888032 -0.459781
vn 0.000000 0.314550 -0.949241
vn 0.000051 -0.314550 -0.949241
vn 0.000143 -0.888035 -0.459776
vn 0.000143 -0.888038 0.459769
vn 0.000050 -0.314550 0.949241
vn 0.000000 0.314550 0.949241
vn 0.000000 0.888036 0.459775
vn 0.000000 0.888032 -0.459781
vn 0.000000 0.314550 -0.949241
vn 0.024852 -0.312886 -0.949466
vn 0.069557 -0.884857 -0.460640
vn 0.069558 -0.884861 0.460634
vn 0.024852 -0.312886 0.949466
vn 0.000000 0.314549 0.949241
vn 0.000000 0.888032 0.459782
vn 0.000000 0.888029 -0.459788
vn 0.000000 0.314549 -0.949241
vn -0.879041 -0.298648 0.371612
vn -0.339946 -0.855264 0.391102
vn -0.291740 -0.269696 0.917688
vn 0.295826 -0.855939 0.424093
vn 0.827104 -0.389704 0.405006
vn 0.257312 -0.279924 0.924896
vn -0.879042 -0.298633 -0.371623
vn -0.291749 -0.269700 -0.917684
vn -0.339954 -0.855254 -0.391117
vn 0.827104 -0.389715 -0.404994
vn 0.295826 -0.855950 -0.424073
vn 0.257301 -0.279907 -0.924904
vn -0.338969 0.855389 0.391675
vn -0.879124 0.297727 0.372155
vn -0.291057 0.269064 0.918091
vn -0.879125 0.297718 -0.372161
vn -0.338968 0.855385 -0.391685
vn -0.291053 0.269059 -0.918093
vn 0.291036 -0.269065 0.918097
vn 0.338952 -0.855394 0.391679
vn 0.879138 -0.297704 0.372140
vn 0.338947 -0.855392 -0.391688
vn 0.291031 -0.269055 -0.918102
vn 0.879135 -0.297708 -0.372144
vn 0.291026 0.269043 -0.918107
vn 0.338940 0.855404 -0.391668
vn 0.879140 0.297700 -0.372139
vn 0.338942 0.855405 0.391664
vn 0.291032 0.269049 0.918103
vn 0.879138 0.297713 0.372132
vn -0.037387 -0.998147 0.048009
vn -0.405810 -0.913424 0.031230
vn -0.405811 -0.913423 -0.031230
vn -0.037387 -0.998147 -0.048009
vn -0.934460 -0.354909 0.028701
vn -0.998932 -0.001904 0.046162
vn -0.998932 -0.001904 -0.046162
vn -0.934461 -0.354908 -0.028701
vn -0.013107 -0.000679 0.999914
vn -0.020752 -0.302814 0.952824
vn 0.014392 -0.303436 0.952743
vn 0.010982 -0.002244 0.999937
vn -0.027491 -0.882166 0.470136
vn 0.033572 -0.998234 0.049011
vn 0.018522 -0.881286 0.472220
vn 0.987460 -0.150983 0.046109
vn 0.887249 -0.460355 0.029364
vn 0.887250 -0.460354 -0.029363
vn 0.987460 -0.150984 -0.046110
vn 0.366317 -0.929942 0.031921
vn 0.033572 -0.998234 -0.049011
vn 0.366318 -0.929942 -0.031920
vn 0.322261 -0.049511 0.945355
vn 0.325627 -0.038618 0.944710
vn 0.012610 -0.001486 0.999919
vn 0.884646 -0.134649 0.446398
vn 0.991863 -0.118894 0.045520
vn 0.889791 -0.105367 0.444038
vn -0.027492 -0.882165 -0.470137
vn 0.018524 -0.881287 -0.472219
vn -0.020754 -0.302802 -0.952827
vn -0.013107 -0.000679 -0.999914
vn 0.010982 -0.002244 -0.999937
vn 0.014389 -0.303424 -0.952747
vn -0.998930 0.000000 -0.046239
vn -0.901996 0.000000 -0.431745
vn -0.901995 0.000000 -0.431746
vn -0.998930 0.000000 -0.046239
vn -0.337428 0.000000 -0.941351
vn -0.008243 0.000000 -0.999966
vn -0.011635 0.000000 -0.999932
vn -0.337434 0.000000 -0.941349
vn 0.001330 -0.001330 -0.999998
vn 0.337424 0.000000 -0.941353
vn 0.325640 -0.038616 -0.944705
vn 0.012611 -0.001486 -0.999919
vn 0.902001 0.000000 -0.431735
vn 0.998334 0.000000 -0.057706
vn 0.991863 -0.118894 -0.045521
vn 0.889779 -0.105372 -0.444061
vn -0.998930 0.000000 0.046239
vn -0.902000 0.000000 0.431737
vn -0.902283 0.004617 0.431121
vn -0.998918 0.007134 0.045949
vn -0.337436 0.000000 0.941349
vn -0.008243 0.000000 0.999966
vn -0.008229 0.006536 0.999945
vn -0.336942 0.004003 0.941517
vn -0.934491 0.354820 0.028802
vn -0.934491 0.354819 -0.028802
vn -0.998918 0.007134 -0.045949
vn -0.405735 0.913453 0.031345
vn -0.009691 0.998721 0.049625
vn -0.009691 0.998721 -0.049625
vn -0.405735 0.913453 -0.031345
vn -0.006237 0.888407 0.459015
vn -0.000000 0.888038 0.459770
vn -0.000000 0.998749 0.050006
vn -0.004970 0.314006 0.949408
vn 0.000000 0.006527 0.999979
vn -0.000000 0.314549 0.949241
vn -0.008229 0.006536 -0.999945
vn -0.004969 0.314006 -0.949408
vn -0.000000 0.314549 -0.949241
vn -0.000000 0.006527 -0.999979
vn -0.006237 0.888404 -0.459021
vn -0.000000 0.998749 -0.050006
vn -0.000000 0.888035 -0.459776
vn 0.016509 -0.998643 0.049386
vn 0.010654 -0.888632 0.458498
vn 0.109544 -0.880980 0.460298
vn 0.123520 -0.991016 0.051278
vn 0.008477 -0.313621 0.949510
vn 0.013555 -0.008236 0.999874
vn 0.000825 -0.006655 0.999978
vn 0.038973 -0.311776 0.949356
vn 0.998904 -0.009301 0.045862
vn 0.934485 -0.354836 0.028800
vn 0.934484 -0.354839 -0.028800
vn 0.998904 -0.009301 -0.045862
vn 0.405746 -0.913448 0.031349
vn 0.016509 -0.998643 -0.049386
vn 0.405747 -0.913448 -0.031349
vn 0.336762 -0.005227 0.941575
vn 0.336762 0.005227 0.941575
vn 0.013556 0.008214 0.999874
vn 0.902357 -0.006025 0.430948
vn 0.998905 0.009301 0.045862
vn 0.902357 0.006025 0.430948
vn 0.013555 -0.008236 -0.999874
vn 0.008476 -0.313621 -0.949510
vn 0.038973 -0.311776 -0.949356
vn 0.000825 -0.006655 -0.999978
vn 0.010655 -0.888628 -0.458505
vn 0.123520 -0.991016 -0.051278
vn 0.109546 -0.880976 -0.460304
vn 0.902357 -0.006026 -0.430948
vn 0.902357 0.006027 -0.430948
vn 0.998905 0.009301 -0.045862
vn 0.336761 -0.005226 -0.941576
vn 0.013556 0.008214 -0.999874
vn 0.336761 0.005226 -0.941576
vn 0.016509 0.998645 -0.049356
vn 0.010661 0.888638 -0.458486
vn 0.000000 0.888024 -0.459798
vn 0.000000 0.998749 -0.050009
vn 0.008499 0.313613 -0.949513
vn -0.000000 0.007597 -0.999971
vn 0.000000 0.314554 -0.949240
vn 0.934487 0.354831 -0.028799
vn 0.934488 0.354828 0.028799
vn 0.405724 0.913458 -0.031347
vn 0.016509 0.998645 0.049356
vn 0.405722 0.913459 0.031347
vn 0.008500 0.313613 0.949513
vn 0.000000 0.314554 0.949240
vn 0.000000 0.007597 0.999971
vn 0.010660 0.888641 0.458480
vn 0.000000 0.998749 0.050009
vn 0.000000 0.888027 0.459791
vn -0.011634 0.000000 0.999932
vn -0.998931 0.000000 0.046239
vn 0.001330 -0.001330 0.999998
vn 0.998334 0.000000 0.057705
vn 0.000001 -0.998110 0.061451
vn 0.000001 -0.998110 -0.061451
vn 0.096335 -0.994139 -0.049069
vn 0.096335 -0.994139 0.049069
vn -0.000000 0.006979 -0.999976
vn 0.000757 -0.007817 -0.999969
vn -0.000000 0.998749 0.050007
vn -0.000000 0.998749 -0.050007
vn 0.000757 -0.007817 0.999969
vn 0.000000 0.006979 0.999976
vn 0.049233 -0.997581 0.049065
vn 0.049233 -0.997582 -0.049065
vn -0.000000 0.006787 0.999977
vn 0.000364 -0.007298 0.999973
vn 0.000000 0.998749 -0.050007
vn 0.000000 0.998749 0.050007
vn 0.000364 -0.007298 -0.999973
vn -0.000000 0.006787 -0.999977
vn -0.048775 -0.997601 0.049131
vn -0.048775 -0.997601 -0.049131
vn -0.000000 0.006809 0.999977
vn -0.000360 -0.007297 0.999973
vn 0.000000 0.998749 -0.050006
vn 0.000000 0.998749 0.050006
vn -0.000360 -0.007297 -0.999973
vn 0.000000 0.006809 -0.999977
vn -0.066405 -0.996482 0.051126
vn -0.066405 -0.996482 -0.051126
vn 0.000000 0.007922 0.999969
vn -0.000479 -0.007249 0.999974
vn 0.000000 0.998749 -0.050006
vn 0.000000 0.998749 0.050006
vn -0.000479 -0.007249 -0.999974
vn 0.000000 0.007922 -0.999969
vn 0.000160 -0.998749 0.050015
vn 0.000160 -0.998749 -0.050015
vn 0.000000 0.008384 0.999965
vn 0.000001 -0.008389 0.999965
vn 0.000000 0.998749 -0.050006
vn 0.000000 0.998749 0.050006
vn 0.000001 -0.008389 -0.999965
vn 0.000000 0.008384 -0.999965
vn 0.078585 -0.995592 0.051199
vn 0.078585 -0.995592 -0.051199
vn 0.000000 0.007866 0.999969
vn 0.000557 -0.007123 0.999974
vn 0.000000 0.998749 -0.050007
vn 0.000000 0.998749 0.050007
vn 0.000557 -0.007123 -0.999974
vn 0.000000 0.007866 -0.999969
vn -0.902077 -0.001235 0.431573
vn -0.901999 0.000000 0.431738
vn -0.337306 -0.001070 0.941395
vn -0.337434 0.000000 0.941349
vn 0.337424 0.000000 0.941353
vn 0.902008 0.000000 0.431720
vn -0.336926 0.004003 -0.941522
vn -0.902279 0.004617 -0.431128
vn -0.337306 -0.001070 -0.941395
vn -0.902073 -0.001235 -0.431581
vn 0.000000 -0.888035 -0.459777
vn 0.085750 -0.883488 -0.460539
vn 0.000000 -0.314552 -0.949240
vn 0.029899 -0.312520 -0.949441
vn 0.884632 -0.134656 -0.446423
vn 0.322278 -0.049509 -0.945350
vn 0.000001 -0.314552 0.949240
vn 0.029901 -0.312520 0.949440
vn 0.000000 -0.888038 0.459770
vn 0.085751 -0.883491 0.460532
vn -0.000000 0.314548 -0.949242
vn -0.000000 0.888030 -0.459786
vn -0.000000 0.888033 0.459779
vn -0.000000 0.314548 0.949242
vn 0.015319 -0.313515 -0.949460
vn 0.043995 -0.886481 -0.460669
vn 0.043994 -0.886485 0.460662
vn 0.015319 -0.313515 0.949460
vn 0.000000 0.314549 0.949241
vn 0.000000 0.888036 0.459774
vn 0.000000 0.888032 -0.459781
vn 0.000000 0.314549 -0.949241
vn -0.015199 -0.313600 -0.949434
vn -0.043562 -0.886568 -0.460542
vn -0.043562 -0.886572 0.460536
vn -0.015198 -0.313600 0.949434
vn 0.000000 0.314547 0.949242
vn 0.000000 0.888039 0.459769
vn 0.000000 0.888035 -0.459775
vn 0.000000 0.314547 -0.949242
vn -0.021013 -0.313219 -0.949449
vn -0.058766 -0.885665 -0.460591
vn -0.058766 -0.885669 0.460584
vn -0.021011 -0.313219 0.949449
vn 0.000000 0.314550 0.949241
vn 0.000000 0.888037 0.459773
vn 0.000000 0.888033 -0.459779
vn 0.000000 0.314550 -0.949241
vn 0.000050 -0.314550 -0.949241
vn 0.000142 -0.888036 -0.459774
vn 0.000143 -0.888039 0.459768
vn 0.000051 -0.314550 0.949241
vn 0.000000 0.314550 0.949241
vn 0.000000 0.888036 0.459773
vn 0.000000 0.888033 -0.459780
vn 0.000000 0.314550 -0.949241
vn 0.024851 -0.312886 -0.949466
vn 0.069557 -0.884858 -0.460639
vn 0.069558 -0.884862 0.460632
vn 0.024852 -0.312886 0.949466
vn 0.000000 0.314549 0.949241
vn 0.000000 0.888033 0.459780
vn 0.000000 0.888029 -0.459787
vn 0.000000 0.314549 -0.949241
vn -0.879043 -0.298634 0.371619
vn -0.339935 -0.855268 0.391103
vn -0.291734 -0.269697 0.917690
vn 0.295822 -0.855947 0.424079
vn 0.827101 -0.389707 0.405010
vn 0.257320 -0.279920 0.924895
vn -0.879051 -0.298623 -0.371610
vn -0.291741 -0.269696 -0.917688
vn -0.339949 -0.855260 -0.391109
vn 0.827114 -0.389695 -0.404994
vn 0.295837 -0.855950 -0.424063
vn 0.257292 -0.279922 -0.924903
vn -0.338965 0.855391 0.391674
vn -0.879123 0.297729 0.372156
vn -0.291049 0.269065 0.918093
vn -0.879131 0.297717 -0.372147
vn -0.338969 0.855388 -0.391678
vn -0.291029 0.269057 -0.918101
vn 0.291055 -0.269071 0.918089
vn 0.338957 -0.855391 0.391682
vn 0.879149 -0.297669 0.372142
vn 0.338969 -0.855378 -0.391699
vn 0.291015 -0.269056 -0.918106
vn 0.879137 -0.297718 -0.372133
vn 0.290995 0.269045 -0.918116
vn 0.338953 0.855396 -0.391674
vn 0.879138 0.297726 -0.372124
vn 0.338940 0.855406 0.391664
vn 0.291023 0.269057 0.918103
vn 0.879149 0.297678 0.372135
vn -0.033630 0.999434 0.000000
vn -0.033630 0.999434 0.000000
vn 0.033630 0.999434 0.000000
vn 0.033630 0.999434 0.000000
vn 0.033596 -0.999436 0.000000
vn 0.033596 -0.999436 0.000000
vn -0.033596 -0.999436 0.000000
vn -0.033596 -0.999436 0.000000
vn 0.999899 0.014222 0.000000
vn 0.999899 0.014222 0.000000
vn 0.999899 -0.014222 0.000000
vn 0.999899 -0.014222 0.000000
vn -0.999899 -0.014220 0.000000
vn -0.999899 -0.014220 0.000000
vn -0.999899 0.014220 0.000000
vn -0.999899 0.014220 0.000000
vn -0.923904 0.382624 0.000000
vn -0.923904 0.382624 0.000000
vn -0.382828 0.923820 0.000000
vn -0.382828 0.923820 0.000000
vn 0.382848 0.923811 0.000000
vn 0.382848 0.923811 0.000000
vn 0.923884 0.382673 0.000000
vn 0.923884 0.382673 0.000000
vn -0.382501 -0.923955 0.000000
vn -0.382501 -0.923955 0.000000
vn -0.923941 -0.382534 0.000000
vn -0.923941 -0.382534 0.000000
vn 0.923921 -0.382582 0.000000
vn 0.923921 -0.382582 0.000000
vn 0.382521 -0.923947 0.000000
vn 0.382521 -0.923947 0.000000
vn -0.033630 0.999434 0.000000
vn -0.033630 0.999434 0.000000
vn 0.033630 0.999434 0.000000
vn 0.033630 0.999434 0.000000
vn 0.033596 -0.999435 0.000000
vn 0.033596 -0.999435 0.000000
vn -0.033596 -0.999435 0.000000
vn -0.033596 -0.999435 0.000000
vn 0.999899 0.014221 0.000000
vn 0.999899 0.014221 0.000000
vn 0.999899 -0.014221 0.000000
vn 0.999899 -0.014221 0.000000
vn -0.999899 -0.014218 0.000000
vn -0.999899 -0.014218 0.000000
vn -0.999899 0.014218 0.000000
vn -0.999899 0.014218 0.000000
vn -0.923924 0.382576 0.000000
vn -0.923924 0.382576 0.000000
vn -0.382818 0.923824 0.000000
vn -0.382818 0.923824 0.000000
vn 0.382848 0.923811 0.000000
vn 0.382848 0.923811 0.000000
vn 0.923894 0.382649 0.000000
vn 0.923894 0.382649 0.000000
vn -0.382491 -0.923959 0.000000
vn -0.382491 -0.923959 0.000000
vn -0.923962 -0.382486 0.000000
vn -0.923962 -0.382486 0.000000
vn 0.923931 -0.382558 0.000000
vn 0.923931 -0.382558 0.000000
vn 0.382521 -0.923947 0.000000
vn 0.382521 -0.923947 0.000000
vn -0.033630 0.999434 0.000000
vn -0.033630 0.999434 0.000000
vn 0.033630 0.999434 0.000000
vn 0.033630 0.999434 0.000000
vn 0.033596 -0.999435 0.000000
vn 0.033596 -0.999435 0.000000
vn -0.033596 -0.999436 0.000000
vn -0.033596 -0.999436 0.000000
vn 0.999899 0.014222 0.000000
vn 0.999899 0.014222 0.000000
vn 0.999899 -0.014222 0.000000
vn 0.999899 -0.014222 0.000000
vn -0.999899 -0.014218 0.000000
vn -0.999899 -0.014218 0.000000
vn -0.999899 0.014218 0.000000
vn -0.999899 0.014218 0.000000
vn -0.923922 0.382582 0.000000
vn -0.923922 0.382582 0.000000
vn -0.382815 0.923825 0.000000
vn -0.382815 0.923825 0.000000
vn 0.382851 0.923810 0.000000
vn 0.382851 0.923810 0.000000
vn 0.923886 0.382667 0.000000
vn 0.923886 0.382667 0.000000
vn -0.382488 -0.923960 0.000000
vn -0.382488 -0.923960 0.000000
vn -0.923959 -0.382492 0.000000
vn -0.923959 -0.382492 0.000000
vn 0.923924 -0.382577 0.000000
vn 0.923924 -0.382577 0.000000
vn 0.382523 -0.923946 0.000000
vn 0.382523 -0.923946 0.000000
vn -0.033630 0.999434 0.000000
vn -0.033630 0.999434 0.000000
vn 0.033630 0.999434 0.000000
vn 0.033630 0.999434 0.000000
vn 0.033596 -0.999436 0.000000
vn 0.033596 -0.999436 0.000000
vn -0.033596 -0.999435 0.000000
vn -0.033596 -0.999435 0.000000
vn 0.999899 0.014222 0.000000
vn 0.999899 0.014222 0.000000
vn 0.999899 -0.014222 0.000000
vn 0.999899 -0.014222 0.000000
vn -0.999899 -0.014218 0.000000
vn -0.999899 -0.014218 0.000000
vn -0.999899 0.014218 0.000000
vn -0.999899 0.014218 0.000000
vn -0.923924 0.382576 0.000000
vn -0.923924 0.382576 0.000000
vn -0.382808 0.923828 0.000000
vn -0.382808 0.923828 0.000000
vn 0.382848 0.923811 0.000000
vn 0.382848 0.923811 0.000000
vn 0.923884 0.382673 0.000000
vn 0.923884 0.382673 0.000000
vn -0.382481 -0.923963 0.000000
vn -0.382481 -0.923963 0.000000
vn -0.923962 -0.382486 0.000000
vn -0.923962 -0.382486 0.000000
vn 0.923921 -0.382582 0.000000
vn 0.923921 -0.382582 0.000000
vn 0.382521 -0.923947 0.000000
vn 0.382521 -0.923947 0.000000
vn -0.033630 0.999434 0.000000
vn -0.033630 0.999434 0.000000
vn 0.033630 0.999434 0.000000
vn 0.033630 0.999434 0.000000
vn 0.033596 -0.999435 0.000000
vn 0.033596 -0.999435 0.000000
vn -0.033596 -0.999435 0.000000
vn -0.033596 -0.999435 0.000000
vn 0.999899 0.014221 0.000000
vn 0.999899 0.014221 0.000000
vn 0.999899 -0.014221 0.000000
vn 0.999899 -0.014221 0.000000
vn -0.999899 -0.014218 0.000000
vn -0.999899 -0.014218 0.000000
vn -0.999899 0.014218 0.000000
vn -0.999899 0.014218 0.000000
vn -0.923924 0.382576 0.000000
vn -0.923924 0.382576 0.000000
vn -0.382818 0.923824 0.000000
vn -0.382818 0.923824 0.000000
vn 0.382848 0.923811 0.000000
vn 0.382848 0.923811 0.000000
vn 0.923894 0.382649 0.000000
vn 0.923894 0.382649 0.000000
vn -0.382491 -0.923959 0.000000
vn -0.382491 -0.923959 0.000000
vn -0.923962 -0.382486 0.000000
vn -0.923962 -0.382486 0.000000
vn 0.923931 -0.382558 0.000000
vn 0.923931 -0.382558 0.000000
vn 0.382521 -0.923947 0.000000
vn 0.382521 -0.923947 0.000000
vn -0.033630 0.999434 0.000000
vn -0.033630 0.999434 0.000000
vn 0.033630 0.999434 0.000000
vn 0.033630 0.999434 0.000000
vn 0.033596 -0.999435 0.000000
vn 0.033596 -0.999435 0.000000
vn -0.033596 -0.999435 0.000000
vn -0.033596 -0.999435 0.000000
vn 0.999899 0.014222 0.000000
vn 0.999899 0.014222 0.000000
vn 0.999899 -0.014222 0.000000
vn 0.999899 -0.014222 0.000000
vn -0.999899 -0.014222 0.000000
vn -0.999899 -0.014222 0.000000
vn -0.999899 0.014222 0.000000
vn -0.999899 0.014222 0.000000
vn -0.923884 0.382673 0.000000
vn -0.923884 0.382673 0.000000
vn -0.382848 0.923811 0.000000
vn -0.382848 0.923811 0.000000
vn 0.382848 0.923811 0.000000
vn 0.382848 0.923811 0.000000
vn 0.923884 0.382673 0.000000
vn 0.923884 0.382673 0.000000
vn -0.382521 -0.923947 0.000000
vn -0.382521 -0.923947 0.000000
vn -0.923921 -0.382582 0.000000
vn -0.923921 -0.382582 0.000000
vn 0.923921 -0.382582 0.000000
vn 0.923921 -0.382582 0.000000
vn 0.382521 -0.923947 0.000000
vn 0.382521 -0.923947 0.000000
vn -0.033630 0.999434 0.000000
vn -0.033630 0.999434 0.000000
vn 0.033630 0.999434 0.000000
vn 0.033630 0.999434 0.000000
vn 0.033596 -0.999435 0.000000
vn 0.033596 -0.999435 0.000000
vn -0.033596 -0.999436 0.000000
vn -0.033596 -0.999436 0.000000
vn 0.999899 0.014222 0.000000
vn 0.999899 0.014222 0.000000
vn 0.999899 -0.014222 0.000000
vn 0.999899 -0.014222 0.000000
vn -0.999899 -0.014218 0.000000
vn -0.999899 -0.014218 0.000000
vn -0.999899 0.014218 0.000000
vn -0.999899 0.014218 0.000000
vn -0.923924 0.382576 0.000000
vn -0.923924 0.382576 0.000000
vn -0.382808 0.923828 0.000000
vn -0.382808 0.923828 0.000000
vn 0.382848 0.923811 0.000000
vn 0.382848 0.923811 0.000000
vn 0.923884 0.382673 0.000000
vn 0.923884 0.382673 0.000000
vn -0.382481 -0.923963 0.000000
vn -0.382481 -0.923963 0.000000
vn -0.923962 -0.382485 0.000000
vn -0.923962 -0.382485 0.000000
vn 0.923921 -0.382582 0.000000
vn 0.923921 -0.382582 0.000000
vn 0.382521 -0.923947 0.000000
vn 0.382521 -0.923947 0.000000
vn -0.018591 -0.999827 0.000000
vn -0.018591 -0.999827 0.000000
vn 0.018591 -0.999827 0.000000
vn 0.018591 -0.999827 0.000000
vn 0.999960 -0.008943 0.000000
vn 0.999960 -0.008943 0.000000
vn 0.999960 0.008943 0.000000
vn 0.999960 0.008943 0.000000
vn -0.999960 -0.008943 0.000000
vn -0.999960 -0.008943 0.000000
vn -0.999960 0.008943 0.000000
vn -0.999960 0.008943 0.000000
vn -0.923889 0.382660 0.000000
vn -0.923889 0.382660 0.000000
vn -0.707095 0.707119 0.000000
vn -0.707095 0.707119 0.000000
vn -0.555505 0.831514 0.000000
vn -0.555505 0.831514 0.000000
vn 0.555505 0.831514 0.000000
vn 0.707143 0.707071 0.000000
vn 0.707143 0.707071 0.000000
vn 0.555505 0.831514 0.000000
vn 0.923923 0.382578 0.000000
vn 0.923923 0.382578 0.000000
vn -0.382636 -0.923899 0.000000
vn -0.382636 -0.923899 0.000000
vn -0.707041 -0.707173 0.000000
vn -0.707041 -0.707173 0.000000
vn -0.923889 -0.382660 0.000000
vn -0.923889 -0.382660 0.000000
vn 0.923923 -0.382578 0.000000
vn 0.923923 -0.382578 0.000000
vn 0.707089 -0.707125 0.000000
vn 0.707089 -0.707125 0.000000
vn 0.382602 -0.923913 0.000000
vn 0.382602 -0.923913 0.000000
vn -0.018591 -0.999827 0.000000
vn -0.018591 -0.999827 0.000000
vn 0.018591 -0.999827 0.000000
vn 0.018591 -0.999827 0.000000
vn 0.999960 -0.008943 0.000000
vn 0.999960 -0.008943 0.000000
vn 0.999960 0.008943 0.000000
vn 0.999960 0.008943 0.000000
vn -0.999960 -0.008939 0.000000
vn -0.999960 -0.008939 0.000000
vn -0.999960 0.008939 0.000000
vn -0.999960 0.008939 0.000000
vn -0.923906 0.382619 0.000000
vn -0.923906 0.382619 0.000000
vn -0.707095 0.707119 0.000000
vn -0.707095 0.707119 0.000000
vn -0.555505 0.831514 0.000000
vn -0.555505 0.831514 0.000000
vn 0.555505 0.831514 0.000000
vn 0.707119 0.707095 0.000000
vn 0.707119 0.707095 0.000000
vn 0.555505 0.831514 0.000000
vn 0.923906 0.382619 0.000000
vn 0.923906 0.382619 0.000000
vn -0.382619 -0.923906 0.000000
vn -0.382619 -0.923906 0.000000
vn -0.707041 -0.707173 0.000000
vn -0.707041 -0.707173 0.000000
vn -0.923906 -0.382619 0.000000
vn -0.923906 -0.382619 0.000000
vn 0.923906 -0.382619 0.000000
vn 0.923906 -0.382619 0.000000
vn 0.707065 -0.707149 0.000000
vn 0.707065 -0.707149 0.000000
vn 0.382619 -0.923906 0.000000
vn 0.382619 -0.923906 0.000000
vn -0.018591 -0.999827 0.000000
vn -0.018591 -0.999827 0.000000
vn 0.018591 -0.999827 0.000000
vn 0.018591 -0.999827 0.000000
vn 0.999960 -0.008943 0.000000
vn 0.999960 -0.008943 0.000000
vn 0.999960 0.008943 0.000000
vn 0.999960 0.008943 0.000000
vn -0.999960 -0.008939 0.000000
vn -0.999960 -0.008939 0.000000
vn -0.999960 0.008939 0.000000
vn -0.999960 0.008939 0.000000
vn -0.923906 0.382619 0.000000
vn -0.923906 0.382619 0.000000
vn -0.707071 0.707143 0.000000
vn -0.707071 0.707143 0.000000
vn -0.555461 0.831543 0.000000
vn -0.555461 0.831543 0.000000
vn 0.555461 0.831543 0.000000
vn 0.707095 0.707119 0.000000
vn 0.707095 0.707119 0.000000
vn 0.555461 0.831543 0.000000
vn 0.923906 0.382619 0.000000
vn 0.923906 0.382619 0.000000
vn -0.382619 -0.923906 0.000000
vn -0.382619 -0.923906 0.000000
vn -0.707017 -0.707197 0.000000
vn -0.707017 -0.707197 0.000000
vn -0.923906 -0.382619 0.000000
vn -0.923906 -0.382619 0.000000
vn 0.923906 -0.382619 0.000000
vn 0.923906 -0.382619 0.000000
vn 0.707041 -0.707173 0.000000
vn 0.707041 -0.707173 0.000000
vn 0.382619 -0.923906 0.000000
vn 0.382619 -0.923906 0.000000
vn -0.018591 -0.999827 0.000000
vn -0.018591 -0.999827 0.000000
vn 0.018591 -0.999827 0.000000
vn 0.018591 -0.999827 0.000000
vn 0.999960 -0.008943 0.000000
vn 0.999960 -0.008943 0.000000
vn 0.999960 0.008943 0.000000
vn 0.999960 0.008943 0.000000
vn -0.999960 -0.008935 0.000000
vn -0.999960 -0.008935 0.000000
vn -0.999960 0.008935 0.000000
vn -0.999960 0.008935 0.000000
vn -0.923906 0.382619 0.000000
vn -0.923906 0.382619 0.000000
vn -0.707071 0.707143 0.000000
vn -0.707071 0.707143 0.000000
vn -0.555505 0.831514 0.000000
vn -0.555505 0.831514 0.000000
vn 0.555505 0.831514 0.000000
vn 0.707119 0.707095 0.000000
vn 0.707119 0.707095 0.000000
vn 0.555505 0.831514 0.000000
vn 0.923906 0.382619 0.000000
vn 0.923906 0.382619 0.000000
vn -0.382619 -0.923906 0.000000
vn -0.382619 -0.923906 0.000000
vn -0.707017 -0.707197 0.000000
vn -0.707017 -0.707197 0.000000
vn -0.923906 -0.382619 0.000000
vn -0.923906 -0.382619 0.000000
vn 0.923906 -0.382619 0.000000
vn 0.923906 -0.382619 0.000000
vn 0.707065 -0.707149 0.000000
vn 0.707065 -0.707149 0.000000
vn 0.382619 -0.923906 0.000000
vn 0.382619 -0.923906 0.000000
vn -0.018591 -0.999827 0.000000
vn -0.018591 -0.999827 0.000000
vn 0.018591 -0.999827 0.000000
vn 0.018591 -0.999827 0.000000
vn 0.999960 -0.008943 0.000000
vn 0.999960 -0.008943 0.000000
vn 0.999960 0.008943 0.000000
vn 0.999960 0.008943 0.000000
vn -0.999960 -0.008939 0.000000
vn -0.999960 -0.008939 0.000000
vn -0.999960 0.008939 0.000000
vn -0.999960 0.008939 0.000000
vn -0.923906 0.382619 0.000000
vn -0.923906 0.382619 0.000000
vn -0.707095 0.707119 0.000000
vn -0.707095 0.707119 0.000000
vn -0.555505 0.831514 0.000000
vn -0.555505 0.831514 0.000000
vn 0.555505 0.831514 0.000000
vn 0.707095 0.707119 0.000000
vn 0.707095 0.707119 0.000000
vn 0.555505 0.831514 0.000000
vn 0.923889 0.382660 0.000000
vn 0.923889 0.382660 0.000000
vn -0.382619 -0.923906 0.000000
vn -0.382619 -0.923906 0.000000
vn -0.707041 -0.707173 0.000000
vn -0.707041 -0.707173 0.000000
vn -0.923906 -0.382619 0.000000
vn -0.923906 -0.382619 0.000000
vn 0.923889 -0.382660 0.000000
vn 0.923889 -0.382660 0.000000
vn 0.707041 -0.707173 0.000000
vn 0.707041 -0.707173 0.000000
vn 0.382636 -0.923899 0.000000
vn 0.382636 -0.923899 0.000000
vn -0.018591 -0.999827 0.000000
vn -0.018591 -0.999827 0.000000
vn 0.018591 -0.999827 0.000000
vn 0.018591 -0.999827 0.000000
vn 0.999960 -0.008943 0.000000
vn 0.999960 -0.008943 0.000000
vn 0.999960 0.008943 0.000000
vn 0.999960 0.008943 0.000000
vn -0.999960 -0.008939 0.000000
vn -0.999960 -0.008939 0.000000
vn -0.999960 0.008939 0.000000
vn -0.999960 0.008939 0.000000
vn -0.923906 0.382619 0.000000
vn -0.923906 0.382619 0.000000
vn -0.707071 0.707143 0.000000
vn -0.707071 0.707143 0.000000
vn -0.555461 0.831543 0.000000
vn -0.555461 0.831543 0.000000
vn 0.555461 0.831543 0.000000
vn 0.707095 0.707119 0.000000
vn 0.707095 0.707119 0.000000
vn 0.555461 0.831543 0.000000
vn 0.923906 0.382619 0.000000
vn 0.923906 0.382619 0.000000
vn -0.382619 -0.923906 0.000000
vn -0.382619 -0.923906 0.000000
vn -0.707017 -0.707197 0.000000
vn -0.707017 -0.707197 0.000000
vn -0.923906 -0.382619 0.000000
vn -0.923906 -0.382619 0.000000
vn 0.923906 -0.382619 0.000000
vn 0.923906 -0.382619 0.000000
vn 0.707041 -0.707173 0.000000
vn 0.707041 -0.707173 0.000000
vn 0.382619 -0.923906 0.000000
vn 0.382619 -0.923906 0.000000
vn -0.018591 -0.999827 0.000000
vn -0.018591 -0.999827 0.000000
vn 0.018591 -0.999827 0.000000
vn 0.018591 -0.999827 0.000000
vn 0.999960 -0.008939 0.000000
vn 0.999960 -0.008939 0.000000
vn 0.999960 0.008939 0.000000
vn 0.999960 0.008939 0.000000
vn -0.999960 -0.008943 0.000000
vn -0.999960 -0.008943 0.000000
vn -0.999960 0.008943 0.000000
vn -0.999960 0.008943 0.000000
vn -0.923889 0.382660 0.000000
vn -0.923889 0.382660 0.000000
vn -0.707095 0.707119 0.000000
vn -0.707095 0.707119 0.000000
vn -0.555505 0.831514 0.000000
vn -0.555505 0.831514 0.000000
vn 0.555505 0.831514 0.000000
vn 0.707095 0.707119 0.000000
vn 0.707095 0.707119 0.000000
vn 0.555505 0.831514 0.000000
vn 0.923906 0.382619 0.000000
vn 0.923906 0.382619 0.000000
vn -0.382619 -0.923906 0.000000
vn -0.382619 -0.923906 0.000000
vn -0.707041 -0.707173 0.000000
vn -0.707041 -0.707173 0.000000
vn -0.923889 -0.382660 0.000000
vn -0.923889 -0.382660 0.000000
vn 0.923906 -0.382619 0.000000
vn 0.923906 -0.382619 0.000000
vn 0.707041 -0.707173 0.000000
vn 0.707041 -0.707173 0.000000
vn 0.382619 -0.923906 0.000000
vn 0.382619 -0.923906 0.000000
vn -0.018591 -0.999827 0.000000
vn -0.018591 -0.999827 0.000000
vn 0.018591 -0.999827 0.000000
vn 0.018591 -0.999827 0.000000
vn 0.999960 -0.008937 0.000000
vn 0.999960 -0.008937 0.000000
vn 0.999960 0.008937 0.000000
vn 0.999960 0.008937 0.000000
vn -0.999960 -0.008941 0.000000
vn -0.999960 -0.008941 0.000000
vn -0.999960 0.008941 0.000000
vn -0.999960 0.008941 0.000000
vn -0.923889 0.382660 0.000000
vn -0.923889 0.382660 0.000000
vn -0.707083 0.707131 0.000000
vn -0.707083 0.707131 0.000000
vn -0.555505 0.831514 0.000000
vn -0.555505 0.831514 0.000000
vn 0.555505 0.831514 0.000000
vn 0.707083 0.707131 0.000000
vn 0.707083 0.707131 0.000000
vn 0.555505 0.831514 0.000000
vn 0.923906 0.382619 0.000000
vn 0.923906 0.382619 0.000000
vn -0.382628 -0.923903 0.000000
vn -0.382628 -0.923903 0.000000
vn -0.707029 -0.707185 0.000000
vn -0.707029 -0.707185 0.000000
vn -0.923889 -0.382660 0.000000
vn -0.923889 -0.382660 0.000000
vn 0.923906 -0.382619 0.000000
vn 0.923906 -0.382619 0.000000
vn 0.707029 -0.707185 0.000000
vn 0.707029 -0.707185 0.000000
vn 0.382628 -0.923903 0.000000
vn 0.382628 -0.923903 0.000000
vn -0.018591 -0.999827 0.000000
vn -0.018591 -0.999827 0.000000
vn 0.018591 -0.999827 0.000000
vn 0.018591 -0.999827 0.000000
vn 0.999960 -0.008939 0.000000
vn 0.999960 -0.008939 0.000000
vn 0.999960 0.008939 0.000000
vn 0.999960 0.008939 0.000000
vn -0.999960 -0.008941 0.000000
vn -0.999960 -0.008941 0.000000
vn -0.999960 0.008941 0.000000
vn -0.999960 0.008941 0.000000
vn -0.923889 0.382660 0.000000
vn -0.923889 0.382660 0.000000
vn -0.707083 0.707131 0.000000
vn -0.707083 0.707131 0.000000
vn -0.555505 0.831514 0.000000
vn -0.555505 0.831514 0.000000
vn 0.555505 0.831514 0.000000
vn 0.707095 0.707119 0.000000
vn 0.707095 0.707119 0.000000
vn 0.555505 0.831514 0.000000
vn 0.923906 0.382619 0.000000
vn 0.923906 0.382619 0.000000
vn -0.382628 -0.923903 0.000000
vn -0.382628 -0.923903 0.000000
vn -0.707029 -0.707185 0.000000
vn -0.707029 -0.707185 0.000000
vn -0.923889 -0.382660 0.000000
vn -0.923889 -0.382660 0.000000
vn 0.923906 -0.382619 0.000000
vn 0.923906 -0.382619 0.000000
vn 0.707041 -0.707173 0.000000
vn 0.707041 -0.707173 0.000000
vn 0.382628 -0.923903 0.000000
vn 0.382628 -0.923903 0.000000
vn -0.018591 -0.999827 0.000000
vn -0.018591 -0.999827 0.000000
vn 0.018591 -0.999827 0.000000
vn 0.018591 -0.999827 0.000000
vn 0.999960 -0.008939 0.000000
vn 0.999960 -0.008939 0.000000
vn 0.999960 0.008939 0.000000
vn 0.999960 0.008939 0.000000
vn -0.999960 -0.008941 0.000000
vn -0.999960 -0.008941 0.000000
vn -0.999960 0.008941 0.000000
vn -0.999960 0.008941 0.000000
vn -0.923889 0.382660 0.000000
vn -0.923889 0.382660 0.000000
vn -0.707083 0.707131 0.000000
vn -0.707083 0.707131 0.000000
vn -0.555505 0.831514 0.000000
vn -0.555505 0.831514 0.000000
vn 0.555505 0.831514 0.000000
vn 0.707095 0.707119 0.000000
vn 0.707095 0.707119 0.000000
vn 0.555505 0.831514 0.000000
vn 0.923906 0.382619 0.000000
vn 0.923906 0.382619 0.000000
vn -0.382628 -0.923903 0.000000
vn -0.382628 -0.923903 0.000000
vn -0.707029 -0.707185 0.000000
vn -0.707029 -0.707185 0.000000
vn -0.923889 -0.382660 0.000000
vn -0.923889 -0.382660 0.000000
vn 0.923906 -0.382619 0.000000
vn 0.923906 -0.382619 0.000000
vn 0.707041 -0.707173 0.000000
vn 0.707041 -0.707173 0.000000
vn 0.382628 -0.923903 0.000000
vn 0.382628 -0.923903 0.000000
vn -0.018591 -0.999827 0.000000
vn -0.018591 -0.999827 0.000000
vn 0.018591 -0.999827 0.000000
vn 0.018591 -0.999827 0.000000
vn 0.999960 -0.008939 0.000000
vn 0.999960 -0.008939 0.000000
vn 0.999960 0.008939 0.000000
vn 0.999960 0.008939 0.000000
vn -0.999960 -0.008940 0.000000
vn -0.999960 -0.008940 0.000000
vn -0.999960 0.008940 0.000000
vn -0.999960 0.008940 0.000000
vn -0.923889 0.382660 0.000000
vn -0.923889 0.382660 0.000000
vn -0.707071 0.707143 0.000000
vn -0.707071 0.707143 0.000000
vn -0.555494 0.831521 0.000000
vn -0.555494 0.831521 0.000000
vn 0.555505 0.831514 0.000000
vn 0.707095 0.707119 0.000000
vn 0.707095 0.707119 0.000000
vn 0.555505 0.831514 0.000000
vn 0.923906 0.382619 0.000000
vn 0.923906 0.382619 0.000000
vn -0.382623 -0.923904 0.000000
vn -0.382623 -0.923904 0.000000
vn -0.707017 -0.707197 0.000000
vn -0.707017 -0.707197 0.000000
vn -0.923889 -0.382660 0.000000
vn -0.923889 -0.382660 0.000000
vn 0.923906 -0.382619 0.000000
vn 0.923906 -0.382619 0.000000
vn 0.707041 -0.707173 0.000000
vn 0.707041 -0.707173 0.000000
vn 0.382628 -0.923903 0.000000
vn 0.382628 -0.923903 0.000000
vn -0.018591 -0.999827 0.000000
vn -0.018591 -0.999827 0.000000
vn 0.018591 -0.999827 0.000000
vn 0.018591 -0.999827 0.000000
vn 0.999960 -0.008940 0.000000
vn 0.999960 -0.008940 0.000000
vn 0.999960 0.008940 0.000000
vn 0.999960 0.008940 0.000000
vn -0.999960 -0.008940 0.000000
vn -0.999960 -0.008940 0.000000
vn -0.999960 0.008940 0.000000
vn -0.999960 0.008940 0.000000
vn -0.923889 0.382660 0.000000
vn -0.923889 0.382660 0.000000
vn -0.707077 0.707137 0.000000
vn -0.707077 0.707137 0.000000
vn -0.555505 0.831514 0.000000
vn -0.555505 0.831514 0.000000
vn 0.555515 0.831506 0.000000
vn 0.707101 0.707113 0.000000
vn 0.707101 0.707113 0.000000
vn 0.555515 0.831506 0.000000
vn 0.923902 0.382629 0.000000
vn 0.923902 0.382629 0.000000
vn -0.382623 -0.923904 0.000000
vn -0.382623 -0.923904 0.000000
vn -0.707023 -0.707191 0.000000
vn -0.707023 -0.707191 0.000000
vn -0.923889 -0.382660 0.000000
vn -0.923889 -0.382660 0.000000
vn 0.923902 -0.382629 0.000000
vn 0.923902 -0.382629 0.000000
vn 0.707047 -0.707167 0.000000
vn 0.707047 -0.707167 0.000000
vn 0.382628 -0.923903 0.000000
vn 0.382628 -0.923903 0.000000
vn -0.018591 -0.999827 0.000000
vn -0.018591 -0.999827 0.000000
vn 0.018591 -0.999827 0.000000
vn 0.018591 -0.999827 0.000000
vn 0.999960 -0.008940 0.000000
vn 0.999960 -0.008940 0.000000
vn 0.999960 0.008940 0.000000
vn 0.999960 0.008940 0.000000
vn -0.999960 -0.008939 0.000000
vn -0.999960 -0.008939 0.000000
vn -0.999960 0.008939 0.000000
vn -0.999960 0.008939 0.000000
vn -0.923894 0.382650 0.000000
vn -0.923894 0.382650 0.000000
vn -0.707075 0.707138 0.000000
vn -0.707075 0.707138 0.000000
vn -0.555499 0.831517 0.000000
vn -0.555499 0.831517 0.000000
vn 0.555502 0.831515 0.000000
vn 0.707098 0.707116 0.000000
vn 0.707098 0.707116 0.000000
vn 0.555502 0.831515 0.000000
vn 0.923906 0.382619 0.000000
vn 0.923906 0.382619 0.000000
vn -0.382623 -0.923904 0.000000
vn -0.382623 -0.923904 0.000000
vn -0.707021 -0.707192 0.000000
vn -0.707021 -0.707192 0.000000
vn -0.923894 -0.382650 0.000000
vn -0.923894 -0.382650 0.000000
vn 0.923906 -0.382619 0.000000
vn 0.923906 -0.382619 0.000000
vn 0.707044 -0.707170 0.000000
vn 0.707044 -0.707170 0.000000
vn 0.382624 -0.923904 0.000000
vn 0.382624 -0.923904 0.000000
vn -0.018591 -0.999827 0.000000
vn -0.018591 -0.999827 0.000000
vn 0.018591 -0.999827 0.000000
vn 0.018591 -0.999827 0.000000
vn 0.999960 -0.008939 0.000000
vn 0.999960 -0.008939 0.000000
vn 0.999960 0.008939 0.000000
vn 0.999960 0.008939 0.000000
vn -0.999960 -0.008939 0.000000
vn -0.999960 -0.008939 0.000000
vn -0.999960 0.008939 0.000000
vn -0.999960 0.008939 0.000000
vn -0.923892 0.382654 0.000000
vn -0.923892 0.382654 0.000000
vn -0.707078 0.707136 0.000000
vn -0.707078 0.707136 0.000000
vn -0.555505 0.831514 0.000000
vn -0.555505 0.831514 0.000000
vn 0.555505 0.831514 0.000000
vn 0.707098 0.707116 0.000000
vn 0.707098 0.707116 0.000000
vn 0.555505 0.831514 0.000000
vn 0.923906 0.382619 0.000000
vn 0.923906 0.382619 0.000000
vn -0.382624 -0.923904 0.000000
vn -0.382624 -0.923904 0.000000
vn -0.707023 -0.707190 0.000000
vn -0.707023 -0.707190 0.000000
vn -0.923892 -0.382654 0.000000
vn -0.923892 -0.382654 0.000000
vn 0.923906 -0.382619 0.000000
vn 0.923906 -0.382619 0.000000
vn 0.707044 -0.707170 0.000000
vn 0.707044 -0.707170 0.000000
vn 0.382624 -0.923904 0.000000
vn 0.382624 -0.923904 0.000000
vn -0.018591 -0.999827 0.000000
vn -0.018591 -0.999827 0.000000
vn 0.018591 -0.999827 0.000000
vn 0.018591 -0.999827 0.000000
vn 0.999960 -0.008940 0.000000
vn 0.999960 -0.008940 0.000000
vn 0.999960 0.008940 0.000000
vn 0.999960 0.008940 0.000000
vn -0.999960 -0.008940 0.000000
vn -0.999960 -0.008940 0.000000
vn -0.999960 0.008940 0.000000
vn -0.999960 0.008940 0.000000
vn -0.923891 0.382655 0.000000
vn -0.923891 0.382655 0.000000
vn -0.707080 0.707134 0.000000
vn -0.707080 0.707134 0.000000
vn -0.555505 0.831514 0.000000
vn -0.555505 0.831514 0.000000
vn 0.555510 0.831510 0.000000
vn 0.707101 0.707113 0.000000
vn 0.707101 0.707113 0.000000
vn 0.555510 0.831510 0.000000
vn 0.923902 0.382629 0.000000
vn 0.923902 0.382629 0.000000
vn -0.382623 -0.923904 0.000000
vn -0.382623 -0.923904 0.000000
vn -0.707026 -0.707188 0.000000
vn -0.707026 -0.707188 0.000000
vn -0.923891 -0.382655 0.000000
vn -0.923891 -0.382655 0.000000
vn 0.923902 -0.382629 0.000000
vn 0.923902 -0.382629 0.000000
vn 0.707047 -0.707167 0.000000
vn 0.707047 -0.707167 0.000000
vn 0.382625 -0.923904 0.000000
vn 0.382625 -0.923904 0.000000
vn -0.018591 -0.999827 0.000000
vn -0.018591 -0.999827 0.000000
vn 0.018591 -0.999827 0.000000
vn 0.018591 -0.999827 0.000000
vn 0.999960 -0.008939 0.000000
vn 0.999960 -0.008939 0.000000
vn 0.999960 0.008939 0.000000
vn 0.999960 0.008939 0.000000
vn -0.999960 -0.008940 0.000000
vn -0.999960 -0.008940 0.000000
vn -0.999960 0.008940 0.000000
vn -0.999960 0.008940 0.000000
vn -0.923889 0.382660 0.000000
vn -0.923889 0.382660 0.000000
vn -0.707071 0.707143 0.000000
vn -0.707071 0.707143 0.000000
vn -0.555494 0.831521 0.000000
vn -0.555494 0.831521 0.000000
vn 0.555505 0.831514 0.000000
vn 0.707095 0.707119 0.000000
vn 0.707095 0.707119 0.000000
vn 0.555505 0.831514 0.000000
vn 0.923906 0.382619 0.000000
vn 0.923906 0.382619 0.000000
vn -0.382623 -0.923904 0.000000
vn -0.382623 -0.923904 0.000000
vn -0.707017 -0.707197 0.000000
vn -0.707017 -0.707197 0.000000
vn -0.923889 -0.382660 0.000000
vn -0.923889 -0.382660 0.000000
vn 0.923906 -0.382619 0.000000
vn 0.923906 -0.382619 0.000000
vn 0.707041 -0.707173 0.000000
vn 0.707041 -0.707173 0.000000
vn 0.382628 -0.923903 0.000000
vn 0.382628 -0.923903 0.000000
vn -0.018591 -0.999827 0.000000
vn -0.018591 -0.999827 0.000000
vn 0.018591 -0.999827 0.000000
vn 0.018591 -0.999827 0.000000
vn 0.999960 -0.008937 0.000000
vn 0.999960 -0.008937 0.000000
vn 0.999960 0.008937 0.000000
vn 0.999960 0.008937 0.000000
vn -0.999960 -0.008941 0.000000
vn -0.999960 -0.008941 0.000000
vn -0.999960 0.008941 0.000000
vn -0.999960 0.008941 0.000000
vn -0.923881 0.382681 0.000000
vn -0.923881 0.382681 0.000000
vn -0.707083 0.707131 0.000000
vn -0.707083 0.707131 0.000000
vn -0.555526 0.831499 0.000000
vn -0.555526 0.831499 0.000000
vn 0.555526 0.831499 0.000000
vn 0.707095 0.707119 0.000000
vn 0.707095 0.707119 0.000000
vn 0.555526 0.831499 0.000000
vn 0.923906 0.382619 0.000000
vn 0.923906 0.382619 0.000000
vn -0.382628 -0.923903 0.000000
vn -0.382628 -0.923903 0.000000
vn -0.707029 -0.707185 0.000000
vn -0.707029 -0.707185 0.000000
vn -0.923881 -0.382681 0.000000
vn -0.923881 -0.382681 0.000000
vn 0.923906 -0.382619 0.000000
vn 0.923906 -0.382619 0.000000
vn 0.707041 -0.707173 0.000000
vn 0.707041 -0.707173 0.000000
vn 0.382628 -0.923903 0.000000
vn 0.382628 -0.923903 0.000000
vn -0.018591 -0.999827 0.000000
vn -0.018591 -0.999827 0.000000
vn 0.018591 -0.999827 0.000000
vn 0.018591 -0.999827 0.000000
vn 0.999960 -0.008937 0.000000
vn 0.999960 -0.008937 0.000000
vn 0.999960 0.008937 0.000000
vn 0.999960 0.008937 0.000000
vn -0.999960 -0.008941 0.000000
vn -0.999960 -0.008941 0.000000
vn -0.999960 0.008941 0.000000
vn -0.999960 0.008941 0.000000
vn -0.923889 0.382660 0.000000
vn -0.923889 0.382660 0.000000
vn -0.707083 0.707131 0.000000
vn -0.707083 0.707131 0.000000
vn -0.555505 0.831514 0.000000
vn -0.555505 0.831514 0.000000
vn 0.555505 0.831514 0.000000
vn 0.707083 0.707131 0.000000
vn 0.707083 0.707131 0.000000
vn 0.555505 0.831514 0.000000
vn 0.923906 0.382619 0.000000
vn 0.923906 0.382619 0.000000
vn -0.382628 -0.923903 0.000000
vn -0.382628 -0.923903 0.000000
vn -0.707029 -0.707185 0.000000
vn -0.707029 -0.707185 0.000000
vn -0.923889 -0.382660 0.000000
vn -0.923889 -0.382660 0.000000
vn 0.923906 -0.382619 0.000000
vn 0.923906 -0.382619 0.000000
vn 0.707029 -0.707185 0.000000
vn 0.707029 -0.707185 0.000000
vn 0.382628 -0.923903 0.000000
vn 0.382628 -0.923903 0.000000
vn -0.018591 -0.999827 0.000000
vn -0.018591 -0.999827 0.000000
vn 0.018591 -0.999827 0.000000
vn 0.018591 -0.999827 0.000000
vn 0.999960 -0.008939 0.000000
vn 0.999960 -0.008939 0.000000
vn 0.999960 0.008939 0.000000
vn 0.999960 0.008939 0.000000
vn -0.999960 -0.008941 0.000000
vn -0.999960 -0.008941 0.000000
vn -0.999960 0.008941 0.000000
vn -0.999960 0.008941 0.000000
vn -0.923889 0.382660 0.000000
vn -0.923889 0.382660 0.000000
vn -0.707083 0.707131 0.000000
vn -0.707083 0.707131 0.000000
vn -0.555505 0.831514 0.000000
vn -0.555505 0.831514 0.000000
vn 0.555505 0.831514 0.000000
vn 0.707095 0.707119 0.000000
vn 0.707095 0.707119 0.000000
vn 0.555505 0.831514 0.000000
vn 0.923906 0.382619 0.000000
vn 0.923906 0.382619 0.000000
vn -0.382628 -0.923903 0.000000
vn -0.382628 -0.923903 0.000000
vn -0.707029 -0.707185 0.000000
vn -0.707029 -0.707185 0.000000
vn -0.923889 -0.382660 0.000000
vn -0.923889 -0.382660 0.000000
vn 0.923906 -0.382619 0.000000
vn 0.923906 -0.382619 0.000000
vn 0.707041 -0.707173 0.000000
vn 0.707041 -0.707173 0.000000
vn 0.382628 -0.923903 0.000000
vn 0.382628 -0.923903 0.000000
vn -0.018591 -0.999827 0.000000
vn -0.018591 -0.999827 0.000000
vn 0.018591 -0.999827 0.000000
vn 0.018591 -0.999827 0.000000
vn 0.999960 -0.008939 0.000000
vn 0.999960 -0.008939 0.000000
vn 0.999960 0.008939 0.000000
vn 0.999960 0.008939 0.000000
vn -0.999960 -0.008943 0.000000
vn -0.999960 -0.008943 0.000000
vn -0.999960 0.008943 0.000000
vn -0.999960 0.008943 0.000000
vn -0.923872 0.382701 0.000000
vn -0.923872 0.382701 0.000000
vn -0.707095 0.707119 0.000000
vn -0.707095 0.707119 0.000000
vn -0.555548 0.831484 0.000000
vn -0.555548 0.831484 0.000000
vn 0.555505 0.831514 0.000000
vn 0.707095 0.707119 0.000000
vn 0.707095 0.707119 0.000000
vn 0.555505 0.831514 0.000000
vn 0.923906 0.382619 0.000000
vn 0.923906 0.382619 0.000000
vn -0.382636 -0.923899 0.000000
vn -0.382636 -0.923899 0.000000
vn -0.707041 -0.707173 0.000000
vn -0.707041 -0.707173 0.000000
vn -0.923872 -0.382701 0.000000
vn -0.923872 -0.382701 0.000000
vn 0.923906 -0.382619 0.000000
vn 0.923906 -0.382619 0.000000
vn 0.707041 -0.707173 0.000000
vn 0.707041 -0.707173 0.000000
vn 0.382636 -0.923899 0.000000
vn 0.382636 -0.923899 0.000000
vn -0.018591 -0.999827 0.000000
vn -0.018591 -0.999827 0.000000
vn 0.018591 -0.999827 0.000000
vn 0.018591 -0.999827 0.000000
vn 0.999960 -0.008943 0.000000
vn 0.999960 -0.008943 0.000000
vn 0.999960 0.008943 0.000000
vn 0.999960 0.008943 0.000000
vn -0.999960 -0.008939 0.000000
vn -0.999960 -0.008939 0.000000
vn -0.999960 0.008939 0.000000
vn -0.999960 0.008939 0.000000
vn -0.923906 0.382619 0.000000
vn -0.923906 0.382619 0.000000
vn -0.707071 0.707143 0.000000
vn -0.707071 0.707143 0.000000
vn -0.555461 0.831543 0.000000
vn -0.555461 0.831543 0.000000
vn 0.555461 0.831543 0.000000
vn 0.707095 0.707119 0.000000
vn 0.707095 0.707119 0.000000
vn 0.555461 0.831543 0.000000
vn 0.923906 0.382619 0.000000
vn 0.923906 0.382619 0.000000
vn -0.382619 -0.923906 0.000000
vn -0.382619 -0.923906 0.000000
vn -0.707017 -0.707197 0.000000
vn -0.707017 -0.707197 0.000000
vn -0.923906 -0.382619 0.000000
vn -0.923906 -0.382619 0.000000
vn 0.923906 -0.382619 0.000000
vn 0.923906 -0.382619 0.000000
vn 0.707041 -0.707173 0.000000
vn 0.707041 -0.707173 0.000000
vn 0.382619 -0.923906 0.000000
vn 0.382619 -0.923906 0.000000
vn -0.018591 -0.999827 0.000000
vn -0.018591 -0.999827 0.000000
vn 0.018591 -0.999827 0.000000
vn 0.018591 -0.999827 0.000000
vn 0.999960 -0.008943 0.000000
vn 0.999960 -0.008943 0.000000
vn 0.999960 0.008943 0.000000
vn 0.999960 0.008943 0.000000
vn -0.999960 -0.008939 0.000000
vn -0.999960 -0.008939 0.000000
vn -0.999960 0.008939 0.000000
vn -0.999960 0.008939 0.000000
vn -0.923906 0.382619 0.000000
vn -0.923906 0.382619 0.000000
vn -0.707095 0.707119 0.000000
vn -0.707095 0.707119 0.000000
vn -0.555505 0.831514 0.000000
vn -0.555505 0.831514 0.000000
vn 0.555505 0.831514 0.000000
vn 0.707119 0.707095 0.000000
vn 0.707119 0.707095 0.000000
vn 0.555505 0.831514 0.000000
vn 0.923906 0.382619 0.000000
vn 0.923906 0.382619 0.000000
vn -0.382619 -0.923906 0.000000
vn -0.382619 -0.923906 0.000000
vn -0.707041 -0.707173 0.000000
vn -0.707041 -0.707173 0.000000
vn -0.923906 -0.382619 0.000000
vn -0.923906 -0.382619 0.000000
vn 0.923906 -0.382619 0.000000
vn 0.923906 -0.382619 0.000000
vn 0.707065 -0.707149 0.000000
vn 0.707065 -0.707149 0.000000
vn 0.382619 -0.923906 0.000000
vn 0.382619 -0.923906 0.000000
vn -0.018591 -0.999827 0.000000
vn -0.018591 -0.999827 0.000000
vn 0.018591 -0.999827 0.000000
vn 0.018591 -0.999827 0.000000
vn 0.999960 -0.008943 0.000000
vn 0.999960 -0.008943 0.000000
vn 0.999960 0.008943 0.000000
vn 0.999960 0.008943 0.000000
vn -0.999960 -0.008939 0.000000
vn -0.999960 -0.008939 0.000000
vn -0.999960 0.008939 0.000000
vn -0.999960 0.008939 0.000000
vn -0.923906 0.382619 0.000000
vn -0.923906 0.382619 0.000000
vn -0.707071 0.707143 0.000000
vn -0.707071 0.707143 0.000000
vn -0.555461 0.831543 0.000000
vn -0.555461 0.831543 0.000000
vn 0.555461 0.831543 0.000000
vn 0.707095 0.707119 0.000000
vn 0.707095 0.707119 0.000000
vn 0.555461 0.831543 0.000000
vn 0.923906 0.382619 0.000000
vn 0.923906 0.382619 0.000000
vn -0.382619 -0.923906 0.000000
vn -0.382619 -0.923906 0.000000
vn -0.707017 -0.707197 0.000000
vn -0.707017 -0.707197 0.000000
vn -0.923906 -0.382619 0.000000
vn -0.923906 -0.382619 0.000000
vn 0.923906 -0.382619 0.000000
vn 0.923906 -0.382619 0.000000
vn 0.707041 -0.707173 0.000000
vn 0.707041 -0.707173 0.000000
vn 0.382619 -0.923906 0.000000
vn 0.382619 -0.923906 0.000000
vn -0.018591 -0.999827 0.000000
vn -0.018591 -0.999827 0.000000
vn 0.018591 -0.999827 0.000000
vn 0.018591 -0.999827 0.000000
vn 0.999960 -0.008943 0.000000
vn 0.999960 -0.008943 0.000000
vn 0.999960 0.008943 0.000000
vn 0.999960 0.008943 0.000000
vn -0.999960 -0.008935 0.000000
vn -0.999960 -0.008935 0.000000
vn -0.999960 0.008935 0.000000
vn -0.999960 0.008935 0.000000
vn -0.923906 0.382619 0.000000
vn -0.923906 0.382619 0.000000
vn -0.707071 0.707143 0.000000
vn -0.707071 0.707143 0.000000
vn -0.555505 0.831514 0.000000
vn -0.555505 0.831514 0.000000
vn 0.555505 0.831514 0.000000
vn 0.707119 0.707095 0.000000
vn 0.707119 0.707095 0.000000
vn 0.555505 0.831514 0.000000
vn 0.923906 0.382619 0.000000
vn 0.923906 0.382619 0.000000
vn -0.382619 -0.923906 0.000000
vn -0.382619 -0.923906 0.000000
vn -0.707017 -0.707197 0.000000
vn -0.707017 -0.707197 0.000000
vn -0.923906 -0.382619 0.000000
vn -0.923906 -0.382619 0.000000
vn 0.923906 -0.382619 0.000000
vn 0.923906 -0.382619 0.000000
vn 0.707065 -0.707149 0.000000
vn 0.707065 -0.707149 0.000000
vn 0.382619 -0.923906 0.000000
vn 0.382619 -0.923906 0.000000
vn -0.018591 -0.999827 0.000000
vn -0.018591 -0.999827 0.000000
vn 0.018591 -0.999827 0.000000
vn 0.018591 -0.999827 0.000000
vn 0.999960 -0.008943 0.000000
vn 0.999960 -0.008943 0.000000
vn 0.999960 0.008943 0.000000
vn 0.999960 0.008943 0.000000
vn -0.999960 -0.008939 0.000000
vn -0.999960 -0.008939 0.000000
vn -0.999960 0.008939 0.000000
vn -0.999960 0.008939 0.000000
vn -0.923906 0.382619 0.000000
vn -0.923906 0.382619 0.000000
vn -0.707095 0.707119 0.000000
vn -0.707095 0.707119 0.000000
vn -0.555505 0.831514 0.000000
vn -0.555505 0.831514 0.000000
vn 0.555505 0.831514 0.000000
vn 0.707095 0.707119 0.000000
vn 0.707095 0.707119 0.000000
vn 0.555505 0.831514 0.000000
vn 0.923889 0.382660 0.000000
vn 0.923889 0.382660 0.000000
vn -0.382619 -0.923906 0.000000
vn -0.382619 -0.923906 0.000000
vn -0.707041 -0.707173 0.000000
vn -0.707041 -0.707173 0.000000
vn -0.923906 -0.382619 0.000000
vn -0.923906 -0.382619 0.000000
vn 0.923889 -0.382660 0.000000
vn 0.923889 -0.382660 0.000000
vn 0.707041 -0.707173 0.000000
vn 0.707041 -0.707173 0.000000
vn 0.382636 -0.923899 0.000000
vn 0.382636 -0.923899 0.000000
vn -0.018591 -0.999827 0.000000
vn -0.018591 -0.999827 0.000000
vn 0.018591 -0.999827 0.000000
vn 0.018591 -0.999827 0.000000
vn 0.999960 -0.008943 0.000000
vn 0.999960 -0.008943 0.000000
vn 0.999960 0.008943 0.000000
vn 0.999960 0.008943 0.000000
vn -0.999960 -0.008943 0.000000
vn -0.999960 -0.008943 0.000000
vn -0.999960 0.008943 0.000000
vn -0.999960 0.008943 0.000000
vn -0.923889 0.382660 0.000000
vn -0.923889 0.382660 0.000000
vn -0.707095 0.707119 0.000000
vn -0.707095 0.707119 0.000000
vn -0.555505 0.831514 0.000000
vn -0.555505 0.831514 0.000000
vn 0.555505 0.831514 0.000000
vn 0.707143 0.707071 0.000000
vn 0.707143 0.707071 0.000000
vn 0.555505 0.831514 0.000000
vn 0.923923 0.382578 0.000000
vn 0.923923 0.382578 0.000000
vn -0.382636 -0.923899 0.000000
vn -0.382636 -0.923899 0.000000
vn -0.707041 -0.707173 0.000000
vn -0.707041 -0.707173 0.000000
vn -0.923889 -0.382660 0.000000
vn -0.923889 -0.382660 0.000000
vn 0.923923 -0.382578 0.000000
vn 0.923923 -0.382578 0.000000
vn 0.707089 -0.707125 0.000000
vn 0.707089 -0.707125 0.000000
vn 0.382602 -0.923913 0.000000
vn 0.382602 -0.923913 0.000000
vn -0.018591 -0.999827 0.000000
vn -0.018591 -0.999827 0.000000
vn 0.018591 -0.999827 0.000000
vn 0.018591 -0.999827 0.000000
vn 0.999960 -0.008943 0.000000
vn 0.999960 -0.008943 0.000000
vn 0.999960 0.008943 0.000000
vn 0.999960 0.008943 0.000000
vn -0.999960 -0.008935 0.000000
vn -0.999960 -0.008935 0.000000
vn -0.999960 0.008935 0.000000
vn -0.999960 0.008935 0.000000
vn -0.923923 0.382578 0.000000
vn -0.923923 0.382578 0.000000
vn -0.707047 0.707167 0.000000
vn -0.707047 0.707167 0.000000
vn -0.555417 0.831572 0.000000
vn -0.555417 0.831572 0.000000
vn 0.555417 0.831572 0.000000
vn 0.707095 0.707119 0.000000
vn 0.707095 0.707119 0.000000
vn 0.555417 0.831572 0.000000
vn 0.923923 0.382578 0.000000
vn 0.923923 0.382578 0.000000
vn -0.382602 -0.923913 0.000000
vn -0.382602 -0.923913 0.000000
vn -0.706993 -0.707221 0.000000
vn -0.706993 -0.707221 0.000000
vn -0.923923 -0.382578 0.000000
vn -0.923923 -0.382578 0.000000
vn 0.923923 -0.382578 0.000000
vn 0.923923 -0.382578 0.000000
vn 0.707041 -0.707173 0.000000
vn 0.707041 -0.707173 0.000000
vn 0.382602 -0.923913 0.000000
vn 0.382602 -0.923913 0.000000
vn -0.018591 -0.999827 0.000000
vn -0.018591 -0.999827 0.000000
vn 0.018591 -0.999827 0.000000
vn 0.018591 -0.999827 0.000000
vn 0.999960 -0.008943 0.000000
vn 0.999960 -0.008943 0.000000
vn 0.999960 0.008943 0.000000
vn 0.999960 0.008943 0.000000
vn -0.999960 -0.008935 0.000000
vn -0.999960 -0.008935 0.000000
vn -0.999960 0.008935 0.000000
vn -0.999960 0.008935 0.000000
vn -0.923889 0.382660 0.000000
vn -0.923889 0.382660 0.000000
vn -0.707047 0.707167 0.000000
vn -0.707047 0.707167 0.000000
vn -0.555505 0.831514 0.000000
vn -0.555505 0.831514 0.000000
vn 0.555505 0.831514 0.000000
vn 0.707143 0.707071 0.000000
vn 0.707143 0.707071 0.000000
vn 0.555505 0.831514 0.000000
vn 0.923923 0.382578 0.000000
vn 0.923923 0.382578 0.000000
vn -0.382636 -0.923899 0.000000
vn -0.382636 -0.923899 0.000000
vn -0.706993 -0.707221 0.000000
vn -0.706993 -0.707221 0.000000
vn -0.923889 -0.382660 0.000000
vn -0.923889 -0.382660 0.000000
vn 0.923923 -0.382578 0.000000
vn 0.923923 -0.382578 0.000000
vn 0.707089 -0.707125 0.000000
vn 0.707089 -0.707125 0.000000
vn 0.382602 -0.923913 0.000000
vn 0.382602 -0.923913 0.000000
vn -0.018591 -0.999827 0.000000
vn -0.018591 -0.999827 0.000000
vn 0.018591 -0.999827 0.000000
vn 0.018591 -0.999827 0.000000
vn 0.999960 -0.008935 0.000000
vn 0.999960 -0.008935 0.000000
vn 0.999960 0.008935 0.000000
vn 0.999960 0.008935 0.000000
vn -0.999960 -0.008935 0.000000
vn -0.999960 -0.008935 0.000000
vn -0.999960 0.008935 0.000000
vn -0.999960 0.008935 0.000000
vn -0.923889 0.382660 0.000000
vn -0.923889 0.382660 0.000000
vn -0.707047 0.707167 0.000000
vn -0.707047 0.707167 0.000000
vn -0.555505 0.831514 0.000000
vn -0.555505 0.831514 0.000000
vn 0.555505 0.831514 0.000000
vn 0.707095 0.707119 0.000000
vn 0.707095 0.707119 0.000000
vn 0.555505 0.831514 0.000000
vn 0.923923 0.382578 0.000000
vn 0.923923 0.382578 0.000000
vn -0.382636 -0.923899 0.000000
vn -0.382636 -0.923899 0.000000
vn -0.706993 -0.707221 0.000000
vn -0.706993 -0.707221 0.000000
vn -0.923889 -0.382660 0.000000
vn -0.923889 -0.382660 0.000000
vn 0.923923 -0.382578 0.000000
vn 0.923923 -0.382578 0.000000
vn 0.707041 -0.707173 0.000000
vn 0.707041 -0.707173 0.000000
vn 0.382636 -0.923899 0.000000
vn 0.382636 -0.923899 0.000000
vn -0.018591 -0.999827 0.000000
vn -0.018591 -0.999827 0.000000
vn 0.018591 -0.999827 0.000000
vn 0.018591 -0.999827 0.000000
vn 0.999960 -0.008943 0.000000
vn 0.999960 -0.008943 0.000000
vn 0.999960 0.008943 0.000000
vn 0.999960 0.008943 0.000000
vn -0.999960 -0.008935 0.000000
vn -0.999960 -0.008935 0.000000
vn -0.999960 0.008935 0.000000
vn -0.999960 0.008935 0.000000
vn -0.923889 0.382660 0.000000
vn -0.923889 0.382660 0.000000
vn -0.707047 0.707167 0.000000
vn -0.707047 0.707167 0.000000
vn -0.555505 0.831514 0.000000
vn -0.555505 0.831514 0.000000
vn 0.555505 0.831514 0.000000
vn 0.707095 0.707119 0.000000
vn 0.707095 0.707119 0.000000
vn 0.555505 0.831514 0.000000
vn 0.923889 0.382660 0.000000
vn 0.923889 0.382660 0.000000
vn -0.382602 -0.923913 0.000000
vn -0.382602 -0.923913 0.000000
vn -0.706993 -0.707221 0.000000
vn -0.706993 -0.707221 0.000000
vn -0.923889 -0.382660 0.000000
vn -0.923889 -0.382660 0.000000
vn 0.923889 -0.382660 0.000000
vn 0.923889 -0.382660 0.000000
vn 0.707041 -0.707173 0.000000
vn 0.707041 -0.707173 0.000000
vn 0.382636 -0.923899 0.000000
vn 0.382636 -0.923899 0.000000
vn -0.018591 -0.999827 0.000000
vn -0.018591 -0.999827 0.000000
vn 0.018591 -0.999827 0.000000
vn 0.018591 -0.999827 0.000000
vn 0.999960 -0.008943 0.000000
vn 0.999960 -0.008943 0.000000
vn 0.999960 0.008943 0.000000
vn 0.999960 0.008943 0.000000
vn -0.999960 -0.008935 0.000000
vn -0.999960 -0.008935 0.000000
vn -0.999960 0.008935 0.000000
vn -0.999960 0.008935 0.000000
vn -0.923923 0.382578 0.000000
vn -0.923923 0.382578 0.000000
vn -0.707095 0.707119 0.000000
vn -0.707095 0.707119 0.000000
vn -0.555505 0.831514 0.000000
vn -0.555505 0.831514 0.000000
vn 0.555505 0.831514 0.000000
vn 0.707095 0.707119 0.000000
vn 0.707095 0.707119 0.000000
vn 0.555505 0.831514 0.000000
vn 0.923889 0.382660 0.000000
vn 0.923889 0.382660 0.000000
vn -0.382602 -0.923913 0.000000
vn -0.382602 -0.923913 0.000000
vn -0.707041 -0.707173 0.000000
vn -0.707041 -0.707173 0.000000
vn -0.923923 -0.382578 0.000000
vn -0.923923 -0.382578 0.000000
vn 0.923889 -0.382660 0.000000
vn 0.923889 -0.382660 0.000000
vn 0.707041 -0.707173 0.000000
vn 0.707041 -0.707173 0.000000
vn 0.382636 -0.923899 0.000000
vn 0.382636 -0.923899 0.000000
vn -0.018591 -0.999827 0.000000
vn -0.018591 -0.999827 0.000000
vn 0.018591 -0.999827 0.000000
vn 0.018591 -0.999827 0.000000
vn 0.999960 -0.008943 0.000000
vn 0.999960 -0.008943 0.000000
vn 0.999960 0.008943 0.000000
vn 0.999960 0.008943 0.000000
vn -0.999960 -0.008935 0.000000
vn -0.999960 -0.008935 0.000000
vn -0.999960 0.008935 0.000000
vn -0.999960 0.008935 0.000000
vn -0.923923 0.382578 0.000000
vn -0.923923 0.382578 0.000000
vn -0.707047 0.707167 0.000000
vn -0.707047 0.707167 0.000000
vn -0.555417 0.831572 0.000000
vn -0.555417 0.831572 0.000000
vn 0.555417 0.831572 0.000000
vn 0.707095 0.707119 0.000000
vn 0.707095 0.707119 0.000000
vn 0.555417 0.831572 0.000000
vn 0.923923 0.382578 0.000000
vn 0.923923 0.382578 0.000000
vn -0.382602 -0.923913 0.000000
vn -0.382602 -0.923913 0.000000
vn -0.706993 -0.707221 0.000000
vn -0.706993 -0.707221 0.000000
vn -0.923923 -0.382578 0.000000
vn -0.923923 -0.382578 0.000000
vn 0.923923 -0.382578 0.000000
vn 0.923923 -0.382578 0.000000
vn 0.707041 -0.707173 0.000000
vn 0.707041 -0.707173 0.000000
vn 0.382602 -0.923913 0.000000
vn 0.382602 -0.923913 0.000000
vn -0.018591 -0.999827 0.000000
vn -0.018591 -0.999827 0.000000
vn 0.018591 -0.999827 0.000000
vn 0.018591 -0.999827 0.000000
vn 0.999960 -0.008943 0.000000
vn 0.999960 -0.008943 0.000000
vn 0.999960 0.008943 0.000000
vn 0.999960 0.008943 0.000000
vn -0.999960 -0.008935 0.000000
vn -0.999960 -0.008935 0.000000
vn -0.999960 0.008935 0.000000
vn -0.999960 0.008935 0.000000
vn -0.923889 0.382660 0.000000
vn -0.923889 0.382660 0.000000
vn -0.707047 0.707167 0.000000
vn -0.707047 0.707167 0.000000
vn -0.555505 0.831514 0.000000
vn -0.555505 0.831514 0.000000
vn 0.555505 0.831514 0.000000
vn 0.707143 0.707071 0.000000
vn 0.707143 0.707071 0.000000
vn 0.555505 0.831514 0.000000
vn 0.923923 0.382578 0.000000
vn 0.923923 0.382578 0.000000
vn -0.382636 -0.923899 0.000000
vn -0.382636 -0.923899 0.000000
vn -0.706993 -0.707221 0.000000
vn -0.706993 -0.707221 0.000000
vn -0.923889 -0.382660 0.000000
vn -0.923889 -0.382660 0.000000
vn 0.923923 -0.382578 0.000000
vn 0.923923 -0.382578 0.000000
vn 0.707089 -0.707125 0.000000
vn 0.707089 -0.707125 0.000000
vn 0.382602 -0.923913 0.000000
vn 0.382602 -0.923913 0.000000
vn -0.018591 -0.999827 0.000000
vn -0.018591 -0.999827 0.000000
vn 0.018591 -0.999827 0.000000
vn 0.018591 -0.999827 0.000000
vn 0.999960 -0.008935 0.000000
vn 0.999960 -0.008935 0.000000
vn 0.999960 0.008935 0.000000
vn 0.999960 0.008935 0.000000
vn -0.999960 -0.008935 0.000000
vn -0.999960 -0.008935 0.000000
vn -0.999960 0.008935 0.000000
vn -0.999960 0.008935 0.000000
vn -0.923889 0.382660 0.000000
vn -0.923889 0.382660 0.000000
vn -0.707047 0.707167 0.000000
vn -0.707047 0.707167 0.000000
vn -0.555505 0.831514 0.000000
vn -0.555505 0.831514 0.000000
vn 0.555505 0.831514 0.000000
vn 0.707095 0.707119 0.000000
vn 0.707095 0.707119 0.000000
vn 0.555505 0.831514 0.000000
vn 0.923923 0.382578 0.000000
vn 0.923923 0.382578 0.000000
vn -0.382636 -0.923899 0.000000
vn -0.382636 -0.923899 0.000000
vn -0.706993 -0.707221 0.000000
vn -0.706993 -0.707221 0.000000
vn -0.923889 -0.382660 0.000000
vn -0.923889 -0.382660 0.000000
vn 0.923923 -0.382578 0.000000
vn 0.923923 -0.382578 0.000000
vn 0.707041 -0.707173 0.000000
vn 0.707041 -0.707173 0.000000
vn 0.382636 -0.923899 0.000000
vn 0.382636 -0.923899 0.000000
vn -0.018591 -0.999827 0.000000
vn -0.018591 -0.999827 0.000000
vn 0.018591 -0.999827 0.000000
vn 0.018591 -0.999827 0.000000
vn 0.999960 -0.008943 0.000000
vn 0.999960 -0.008943 0.000000
vn 0.999960 0.008943 0.000000
vn 0.999960 0.008943 0.000000
vn -0.999960 -0.008935 0.000000
vn -0.999960 -0.008935 0.000000
vn -0.999960 0.008935 0.000000
vn -0.999960 0.008935 0.000000
vn -0.923889 0.382660 0.000000
vn -0.923889 0.382660 0.000000
vn -0.707047 0.707167 0.000000
vn -0.707047 0.707167 0.000000
vn -0.555505 0.831514 0.000000
vn -0.555505 0.831514 0.000000
vn 0.555505 0.831514 0.000000
vn 0.707095 0.707119 0.000000
vn 0.707095 0.707119 0.000000
vn 0.555505 0.831514 0.000000
vn 0.923889 0.382660 0.000000
vn 0.923889 0.382660 0.000000
vn -0.382602 -0.923913 0.000000
vn -0.382602 -0.923913 0.000000
vn -0.706993 -0.707221 0.000000
vn -0.706993 -0.707221 0.000000
vn -0.923889 -0.382660 0.000000
vn -0.923889 -0.382660 0.000000
vn 0.923889 -0.382660 0.000000
vn 0.923889 -0.382660 0.000000
vn 0.707041 -0.707173 0.000000
vn 0.707041 -0.707173 0.000000
vn 0.382636 -0.923899 0.000000
vn 0.382636 -0.923899 0.000000
vn 0.919484 0.292129 -0.263077
vn 0.673217 0.555492 -0.488066
vn 0.647343 0.572844 -0.502789
vn 0.898970 0.326206 -0.292307
vn 0.309589 0.717460 -0.624024
vn 0.295951 0.720816 -0.626767
vn -0.106148 0.752689 -0.649763
vn -0.098428 0.753247 -0.650332
vn -0.504635 0.655819 -0.561466
vn -0.479556 0.666400 -0.570909
vn -0.816839 0.440889 -0.372011
vn -0.789655 0.468488 -0.396186
vn -0.982928 0.144544 -0.113843
vn -0.971387 0.184988 -0.148951
vn -0.970684 -0.176253 0.163425
vn -0.982184 -0.136489 0.129172
vn -0.789123 -0.460143 0.406883
vn -0.814674 -0.434042 0.384595
vn -0.480590 -0.660580 0.576773
vn -0.502204 -0.651235 0.568933
vn -0.100601 -0.751972 0.651474
vn -0.103911 -0.751696 0.651273
vn 0.294147 -0.724557 0.623294
vn 0.311866 -0.720392 0.619496
vn 0.647132 -0.580249 0.494501
vn 0.675631 -0.561398 0.477865
vn 0.899857 -0.334915 0.279444
vn 0.921073 -0.299625 0.248696
vn 0.999627 -0.025228 0.010498
vn 0.999524 0.016800 -0.025861
vn 0.930041 -0.272635 -0.246361
vn 0.912683 -0.303886 -0.273246
vn 0.675795 -0.553424 -0.486850
vn 0.694828 -0.539781 -0.475237
vn 0.335774 -0.710135 -0.618841
vn 0.339430 -0.709124 -0.618006
vn -0.055744 -0.754963 -0.653394
vn -0.074586 -0.754132 -0.652474
vn -0.444149 -0.679575 -0.583875
vn -0.478842 -0.666120 -0.571834
vn -0.767900 -0.488298 -0.414603
vn -0.800898 -0.456901 -0.387045
vn -0.963893 -0.206405 -0.168250
vn -0.977663 -0.164041 -0.131395
vn -0.987004 0.115946 0.111266
vn -0.977431 0.154251 0.144342
vn -0.830870 0.416070 0.369515
vn -0.810231 0.438592 0.388796
vn -0.528477 0.638797 0.559152
vn -0.515470 0.644883 0.564284
vn -0.135591 0.748105 0.649580
vn -0.143135 0.747262 0.648932
vn 0.282480 0.726558 0.626354
vn 0.254059 0.732388 0.631714
vn 0.654534 0.574952 0.490933
vn 0.618156 0.597447 0.510824
vn 0.910401 0.317602 0.265141
vn 0.885401 0.356094 0.298767
vn 0.999964 0.004122 -0.007392
vn 0.998494 0.046413 0.029253
vn -0.707258 -0.706956 0.000000
vn -0.707258 -0.706956 0.000000
vn -0.707258 -0.706956 0.000000
vn -0.707258 -0.706956 0.000000
vn 0.000000 -0.707100 0.707113
vn 0.000000 -0.707100 0.707113
vn 0.000000 -0.707100 0.707113
vn 0.000000 -0.707100 0.707113
vn -0.707257 0.000000 0.706957
vn -0.707257 0.000000 0.706957
vn -0.707257 0.000000 0.706957
vn -0.707257 0.000000 0.706957
vn 0.707358 -0.706855 0.000000
vn 0.707358 -0.706855 0.000000
vn 0.707358 -0.706855 0.000000
vn 0.707358 -0.706855 0.000000
vn 0.707329 0.000000 0.706885
vn 0.707329 0.000000 0.706885
vn 0.707329 0.000000 0.706885
vn 0.707329 0.000000 0.706885
vn -0.707258 0.706956 0.000000
vn -0.707258 0.706956 0.000000
vn -0.707258 0.706956 0.000000
vn -0.707258 0.706956 0.000000
vn 0.000000 0.707100 0.707113
vn 0.000000 0.707100 0.707113
vn 0.000000 0.707100 0.707113
vn 0.000000 0.707100 0.707113
vn 0.707358 0.706855 0.000000
vn 0.707358 0.706855 0.000000
vn 0.707358 0.706855 0.000000
vn 0.707358 0.706855 0.000000
vn 0.000000 0.000000 1.000000
vn 0.000000 0.000000 1.000000
vn 0.000000 0.000000 1.000000
vn 0.000000 0.000000 1.000000
vn 0.000000 1.000000 0.000000
vn 0.000000 1.000000 0.000000
vn 0.000000 1.000000 0.000000
vn 0.000000 1.000000 0.000000
vn 0.000000 -1.000000 0.000000
vn 0.000000 -1.000000 0.000000
vn 0.000000 -1.000000 0.000000
vn 0.000000 -1.000000 0.000000
vn 1.000000 0.000000 0.000000
vn 1.000000 0.000000 0.000000
vn 1.000000 0.000000 0.000000
vn 1.000000 0.000000 0.000000
vn -1.000000 0.000000 0.000000
vn -1.000000 0.000000 0.000000
vn -1.000000 0.000000 0.000000
vn -1.000000 0.000000 0.000000
vn -0.577542 -0.577350 0.577159
vn -0.577542 -0.577350 0.577159
vn -0.577542 -0.577350 0.577159
vn 0.577542 -0.577350 0.577159
vn 0.577542 -0.577350 0.577159
vn 0.577542 -0.577350 0.577159
vn -0.577478 0.577286 0.577286
vn -0.577478 0.577286 0.577286
vn -0.577478 0.577286 0.577286
vn 0.577542 0.577350 0.577159
vn 0.577542 0.577350 0.577159
vn 0.577542 0.577350 0.577159
vn -0.707258 -0.706956 0.000000
vn -0.707258 -0.706956 0.000000
vn -0.707258 -0.706956 0.000000
vn -0.707258 -0.706956 0.000000
vn 0.000000 -0.707100 0.707113
vn 0.000000 -0.707100 0.707113
vn 0.000000 -0.707100 0.707113
vn 0.000000 -0.707100 0.707113
vn -0.707260 0.000000 0.706953
vn -0.707260 0.000000 0.706953
vn -0.707260 0.000000 0.706953
vn -0.707260 0.000000 0.706953
vn 0.707358 -0.706855 0.000000
vn 0.707358 -0.706855 0.000000
vn 0.707358 -0.706855 0.000000
vn 0.707358 -0.706855 0.000000
vn 0.707332 0.000000 0.706881
vn 0.707332 0.000000 0.706881
vn 0.707332 0.000000 0.706881
vn 0.707332 0.000000 0.706881
vn -0.707258 0.706956 0.000000
vn -0.707258 0.706956 0.000000
vn -0.707258 0.706956 0.000000
vn -0.707258 0.706956 0.000000
vn 0.000000 0.707100 0.707113
vn 0.000000 0.707100 0.707113
vn 0.000000 0.707100 0.707113
vn 0.000000 0.707100 0.707113
vn 0.707358 0.706855 0.000000
vn 0.707358 0.706855 0.000000
vn 0.707358 0.706855 0.000000
vn 0.707358 0.706855 0.000000
vn 0.000000 0.000000 1.000000
vn 0.000000 0.000000 1.000000
vn 0.000000 0.000000 1.000000
vn 0.000000 0.000000 1.000000
vn 0.000000 1.000000 0.000000
vn 0.000000 1.000000 0.000000
vn 0.000000 1.000000 0.000000
vn 0.000000 1.000000 0.000000
vn 0.000000 -1.000000 0.000000
vn 0.000000 -1.000000 0.000000
vn 0.000000 -1.000000 0.000000
vn 0.000000 -1.000000 0.000000
vn 1.000000 0.000000 0.000000
vn 1.000000 0.000000 0.000000
vn 1.000000 0.000000 0.000000
vn 1.000000 0.000000 0.000000
vn -1.000000 0.000000 0.000000
vn -1.000000 0.000000 0.000000
vn -1.000000 0.000000 0.000000
vn -1.000000 0.000000 0.000000
vn -0.577478 -0.577286 0.577286
vn -0.577478 -0.577286 0.577286
vn -0.577478 -0.577286 0.577286
vn 0.577478 -0.577286 0.577286
vn 0.577478 -0.577286 0.577286
vn 0.577478 -0.577286 0.577286
vn -0.577478 0.577286 0.577286
vn -0.577478 0.577286 0.577286
vn -0.577478 0.577286 0.577286
vn 0.577478 0.577286 0.577286
vn 0.577478 0.577286 0.577286
vn 0.577478 0.577286 0.577286
vn 0.920025 0.272932 -0.281180
vn 0.671061 0.523372 -0.525128
vn 0.636553 0.544827 -0.545861
vn 0.892229 0.315635 -0.322960
vn 0.307299 0.675381 -0.670394
vn 0.289112 0.679547 -0.674263
vn -0.105328 0.708549 -0.697756
vn -0.095855 0.709171 -0.698490
vn -0.502273 0.618780 -0.604015
vn -0.469819 0.631416 -0.616915
vn -0.816728 0.416012 -0.399862
vn -0.780574 0.449986 -0.433839
vn -0.984100 0.132642 -0.118128
vn -0.968495 0.183427 -0.168442
vn -0.967405 -0.173880 0.184102
vn -0.983097 -0.123797 0.134890
vn -0.779538 -0.440796 0.444993
vn -0.813891 -0.408292 0.413375
vn -0.470700 -0.624978 0.622772
vn -0.499385 -0.613469 0.611777
vn -0.098214 -0.707746 0.699606
vn -0.103010 -0.707369 0.699298
vn 0.287264 -0.683694 0.670852
vn 0.309822 -0.678814 0.665749
vn 0.636717 -0.552989 0.537396
vn 0.674107 -0.530122 0.514345
vn 0.893631 -0.325203 0.309301
vn 0.922151 -0.281260 0.265575
vn 0.999359 -0.031099 0.017764
vn 0.999163 0.021913 -0.034532
vn 0.707233 -0.706981 0.000000
vn 0.707233 -0.706981 0.000000
vn 0.707233 -0.706981 0.000000
vn 0.707233 -0.706981 0.000000
vn 0.000000 -0.707103 -0.707110
vn 0.000000 -0.707103 -0.707110
vn 0.000000 -0.707103 -0.707110
vn 0.000000 -0.707103 -0.707110
vn 0.707260 0.000000 -0.706953
vn 0.707260 0.000000 -0.706953
vn 0.707260 0.000000 -0.706953
vn 0.707260 0.000000 -0.706953
vn -0.707333 -0.706880 0.000000
vn -0.707333 -0.706880 0.000000
vn -0.707333 -0.706880 0.000000
vn -0.707333 -0.706880 0.000000
vn -0.707329 0.000000 -0.706885
vn -0.707329 0.000000 -0.706885
vn -0.707329 0.000000 -0.706885
vn -0.707329 0.000000 -0.706885
vn 0.707233 0.706981 0.000000
vn 0.707233 0.706981 0.000000
vn 0.707233 0.706981 0.000000
vn 0.707233 0.706981 0.000000
vn 0.000000 0.707103 -0.707110
vn 0.000000 0.707103 -0.707110
vn 0.000000 0.707103 -0.707110
vn 0.000000 0.707103 -0.707110
vn -0.707333 0.706880 0.000000
vn -0.707333 0.706880 0.000000
vn -0.707333 0.706880 0.000000
vn -0.707333 0.706880 0.000000
vn 0.000000 0.000000 -1.000000
vn 0.000000 0.000000 -1.000000
vn 0.000000 0.000000 -1.000000
vn 0.000000 0.000000 -1.000000
vn 0.000000 1.000000 0.000000
vn 0.000000 1.000000 0.000000
vn 0.000000 1.000000 0.000000
vn 0.000000 1.000000 0.000000
vn 0.000000 -1.000000 0.000000
vn 0.000000 -1.000000 0.000000
vn 0.000000 -1.000000 0.000000
vn 0.000000 -1.000000 0.000000
vn -1.000000 0.000000 0.000000
vn -1.000000 0.000000 0.000000
vn -1.000000 0.000000 0.000000
vn -1.000000 0.000000 0.000000
vn 1.000000 0.000000 0.000000
vn 1.000000 0.000000 0.000000
vn 1.000000 0.000000 0.000000
vn 1.000000 0.000000 0.000000
vn 0.577606 -0.577031 -0.577414
vn 0.577606 -0.577031 -0.577414
vn 0.577606 -0.577031 -0.577414
vn -0.577606 -0.577414 -0.577031
vn -0.577606 -0.577414 -0.577031
vn -0.577606 -0.577414 -0.577031
vn 0.577606 0.577031 -0.577414
vn 0.577606 0.577031 -0.577414
vn 0.577606 0.577031 -0.577414
vn -0.577606 0.577414 -0.577031
vn -0.577606 0.577414 -0.577031
vn -0.577606 0.577414 -0.577031
vn 0.707233 -0.706981 0.000000
vn 0.707233 -0.706981 0.000000
vn 0.707233 -0.706981 0.000000
vn 0.707233 -0.706981 0.000000
vn 0.000000 -0.707103 -0.707110
vn 0.000000 -0.707103 -0.707110
vn 0.000000 -0.707103 -0.707110
vn 0.000000 -0.707103 -0.707110
vn 0.707257 0.000000 -0.706957
vn 0.707257 0.000000 -0.706957
vn 0.707257 0.000000 -0.706957
vn 0.707257 0.000000 -0.706957
vn -0.707233 -0.706981 0.000000
vn -0.707233 -0.706981 0.000000
vn -0.707233 -0.706981 0.000000
vn -0.707233 -0.706981 0.000000
vn -0.707329 0.000000 -0.706885
vn -0.707329 0.000000 -0.706885
vn -0.707329 0.000000 -0.706885
vn -0.707329 0.000000 -0.706885
vn 0.707233 0.706981 0.000000
vn 0.707233 0.706981 0.000000
vn 0.707233 0.706981 0.000000
vn 0.707233 0.706981 0.000000
vn 0.000000 0.707103 -0.707110
vn 0.000000 0.707103 -0.707110
vn 0.000000 0.707103 -0.707110
vn 0.000000 0.707103 -0.707110
vn -0.707233 0.706981 0.000000
vn -0.707233 0.706981 0.000000
vn -0.707233 0.706981 0.000000
vn -0.707233 0.706981 0.000000
vn 0.000000 0.000000 -1.000000
vn 0.000000 0.000000 -1.000000
vn 0.000000 0.000000 -1.000000
vn 0.000000 0.000000 -1.000000
vn 0.000000 1.000000 0.000000
vn 0.000000 1.000000 0.000000
vn 0.000000 1.000000 0.000000
vn 0.000000 1.000000 0.000000
vn 0.000000 -1.000000 0.000000
vn 0.000000 -1.000000 0.000000
vn 0.000000 -1.000000 0.000000
vn 0.000000 -1.000000 0.000000
vn -1.000000 0.000000 0.000000
vn -1.000000 0.000000 0.000000
vn -1.000000 0.000000 0.000000
vn -1.000000 0.000000 0.000000
vn 1.000000 0.000000 0.000000
vn 1.000000 0.000000 0.000000
vn 1.000000 0.000000 0.000000
vn 1.000000 0.000000 0.000000
vn 0.577542 -0.577350 -0.577159
vn 0.577542 -0.577350 -0.577159
vn 0.577542 -0.577350 -0.577159
vn -0.577670 -0.577095 -0.577286
vn -0.577670 -0.577095 -0.577286
vn -0.577670 -0.577095 -0.577286
vn 0.577478 0.577286 -0.577286
vn 0.577478 0.577286 -0.577286
vn 0.577478 0.577286 -0.577286
vn -0.577670 0.577095 -0.577286
vn -0.577670 0.577095 -0.577286
vn -0.577670 0.577095 -0.577286
vn 0.930846 -0.254021 -0.262679
vn 0.906738 -0.294215 -0.302098
vn 0.666536 -0.526049 -0.528206
vn 0.694076 -0.507688 -0.510403
vn 0.331090 -0.669063 -0.665383
vn 0.339880 -0.666782 -0.663237
vn -0.050858 -0.710646 -0.701709
vn -0.070658 -0.709914 -0.700736
vn -0.432315 -0.644063 -0.631100
vn -0.474164 -0.629184 -0.615870
vn -0.757494 -0.469065 -0.454071
vn -0.799893 -0.431843 -0.416754
vn -0.960476 -0.203893 -0.189508
vn -0.978889 -0.151349 -0.137367
vn -0.987847 0.104226 0.115310
vn -0.974646 0.152953 0.163313
vn -0.830862 0.390576 0.396383
vn -0.801841 0.419965 0.425066
vn -0.527848 0.600796 0.600350
vn -0.507524 0.609672 0.608868
vn -0.137782 0.703630 0.697080
vn -0.143037 0.703067 0.696590
vn 0.277544 0.685055 0.673550
vn 0.244853 0.691147 0.679973
vn 0.651404 0.543698 0.529212
vn 0.605967 0.569562 0.555340
vn 0.911175 0.298686 0.283807
vn 0.878316 0.345477 0.330465
vn 0.999894 -0.001940 -0.014421
vn 0.997955 0.051263 0.038182
vn -0.707264 -0.706950 0.000000
vn -0.707264 -0.706950 0.000000
vn -0.707264 -0.706950 0.000000
vn -0.707264 -0.706950 0.000000
vn 0.000000 -0.707100 0.707113
vn 0.000000 -0.707100 0.707113
vn 0.000000 -0.707100 0.707113
vn 0.000000 -0.707100 0.707113
vn -0.707257 0.000000 0.706957
vn -0.707257 0.000000 0.706957
vn -0.707257 0.000000 0.706957
vn -0.707257 0.000000 0.706957
vn 0.707365 -0.706849 0.000000
vn 0.707365 -0.706849 0.000000
vn 0.707365 -0.706849 0.000000
vn 0.707365 -0.706849 0.000000
vn 0.707329 0.000000 0.706885
vn 0.707329 0.000000 0.706885
vn 0.707329 0.000000 0.706885
vn 0.707329 0.000000 0.706885
vn -0.707264 0.706950 0.000000
vn -0.707264 0.706950 0.000000
vn -0.707264 0.706950 0.000000
vn -0.707264 0.706950 0.000000
vn 0.000000 0.707100 0.707113
vn 0.000000 0.707100 0.707113
vn 0.000000 0.707100 0.707113
vn 0.000000 0.707100 0.707113
vn 0.707365 0.706849 0.000000
vn 0.707365 0.706849 0.000000
vn 0.707365 0.706849 0.000000
vn 0.707365 0.706849 0.000000
vn 0.000000 0.000000 1.000000
vn 0.000000 0.000000 1.000000
vn 0.000000 0.000000 1.000000
vn 0.000000 0.000000 1.000000
vn 0.000000 1.000000 0.000000
vn 0.000000 1.000000 0.000000
vn 0.000000 1.000000 0.000000
vn 0.000000 1.000000 0.000000
vn 0.000000 -1.000000 0.000000
vn 0.000000 -1.000000 0.000000
vn 0.000000 -1.000000 0.000000
vn 0.000000 -1.000000 0.000000
vn 1.000000 0.000000 0.000000
vn 1.000000 0.000000 0.000000
vn 1.000000 0.000000 0.000000
vn 1.000000 0.000000 0.000000
vn -1.000000 0.000000 0.000000
vn -1.000000 0.000000 0.000000
vn -1.000000 0.000000 0.000000
vn -1.000000 0.000000 0.000000
vn -0.577542 -0.577350 0.577159
vn -0.577542 -0.577350 0.577159
vn -0.577542 -0.577350 0.577159
vn 0.577542 -0.577350 0.577159
vn 0.577542 -0.577350 0.577159
vn 0.577542 -0.577350 0.577159
vn -0.577478 0.577286 0.577286
vn -0.577478 0.577286 0.577286
vn -0.577478 0.577286 0.577286
vn 0.577542 0.577350 0.577159
vn 0.577542 0.577350 0.577159
vn 0.577542 0.577350 0.577159
vn -0.707264 -0.706950 0.000000
vn -0.707264 -0.706950 0.000000
vn -0.707264 -0.706950 0.000000
vn -0.707264 -0.706950 0.000000
vn 0.000000 -0.707100 0.707113
vn 0.000000 -0.707100 0.707113
vn 0.000000 -0.707100 0.707113
vn 0.000000 -0.707100 0.707113
vn -0.707234 0.000000 0.706979
vn -0.707234 0.000000 0.706979
vn -0.707234 0.000000 0.706979
vn -0.707234 0.000000 0.706979
vn 0.707365 -0.706849 0.000000
vn 0.707365 -0.706849 0.000000
vn 0.707365 -0.706849 0.000000
vn 0.707365 -0.706849 0.000000
vn 0.707306 0.000000 0.706908
vn 0.707306 0.000000 0.706908
vn 0.707306 0.000000 0.706908
vn 0.707306 0.000000 0.706908
vn -0.707264 0.706950 0.000000
vn -0.707264 0.706950 0.000000
vn -0.707264 0.706950 0.000000
vn -0.707264 0.706950 0.000000
vn 0.000000 0.707100 0.707113
vn 0.000000 0.707100 0.707113
vn 0.000000 0.707100 0.707113
vn 0.000000 0.707100 0.707113
vn 0.707365 0.706849 0.000000
vn 0.707365 0.706849 0.000000
vn 0.707365 0.706849 0.000000
vn 0.707365 0.706849 0.000000
vn 0.000000 0.000000 1.000000
vn 0.000000 0.000000 1.000000
vn 0.000000 0.000000 1.000000
vn 0.000000 0.000000 1.000000
vn 0.000000 1.000000 0.000000
vn 0.000000 1.000000 0.000000
vn 0.000000 1.000000 0.000000
vn 0.000000 1.000000 0.000000
vn 0.000000 -1.000000 0.000000
vn 0.000000 -1.000000 0.000000
vn 0.000000 -1.000000 0.000000
vn 0.000000 -1.000000 0.000000
vn 1.000000 0.000000 0.000000
vn 1.000000 0.000000 0.000000
vn 1.000000 0.000000 0.000000
vn 1.000000 0.000000 0.000000
vn -1.000000 0.000000 0.000000
vn -1.000000 0.000000 0.000000
vn -1.000000 0.000000 0.000000
vn -1.000000 0.000000 0.000000
vn -0.577478 -0.577286 0.577286
vn -0.577478 -0.577286 0.577286
vn -0.577478 -0.577286 0.577286
vn 0.577478 -0.577286 0.577286
vn 0.577478 -0.577286 0.577286
vn 0.577478 -0.577286 0.577286
vn -0.577478 0.577286 0.577286
vn -0.577478 0.577286 0.577286
vn -0.577478 0.577286 0.577286
vn 0.577478 0.577286 0.577286
vn 0.577478 0.577286 0.577286
vn 0.577478 0.577286 0.577286
vn -0.707264 -0.706950 0.000000
vn -0.707264 -0.706950 0.000000
vn -0.707264 -0.706950 0.000000
vn -0.707264 -0.706950 0.000000
vn 0.000000 -0.707103 0.707110
vn 0.000000 -0.707103 0.707110
vn 0.000000 -0.707103 0.707110
vn 0.000000 -0.707103 0.707110
vn -0.707234 0.000000 0.706979
vn -0.707234 0.000000 0.706979
vn -0.707234 0.000000 0.706979
vn -0.707234 0.000000 0.706979
vn 0.707264 -0.706950 0.000000
vn 0.707264 -0.706950 0.000000
vn 0.707264 -0.706950 0.000000
vn 0.707264 -0.706950 0.000000
vn 0.707303 0.000000 0.706911
vn 0.707303 0.000000 0.706911
vn 0.707303 0.000000 0.706911
vn 0.707303 0.000000 0.706911
vn -0.707264 0.706950 0.000000
vn -0.707264 0.706950 0.000000
vn -0.707264 0.706950 0.000000
vn -0.707264 0.706950 0.000000
vn 0.000000 0.707103 0.707110
vn 0.000000 0.707103 0.707110
vn 0.000000 0.707103 0.707110
vn 0.000000 0.707103 0.707110
vn 0.707264 0.706950 0.000000
vn 0.707264 0.706950 0.000000
vn 0.707264 0.706950 0.000000
vn 0.707264 0.706950 0.000000
vn 0.000000 0.000000 1.000000
vn 0.000000 0.000000 1.000000
vn 0.000000 0.000000 1.000000
vn 0.000000 0.000000 1.000000
vn 0.000000 1.000000 0.000000
vn 0.000000 1.000000 0.000000
vn 0.000000 1.000000 0.000000
vn 0.000000 1.000000 0.000000
vn 0.000000 -1.000000 0.000000
vn 0.000000 -1.000000 0.000000
vn 0.000000 -1.000000 0.000000
vn 0.000000 -1.000000 0.000000
vn 1.000000 0.000000 0.000000
vn 1.000000 0.000000 0.000000
vn 1.000000 0.000000 0.000000
vn 1.000000 0.000000 0.000000
vn -1.000000 0.000000 0.000000
vn -1.000000 0.000000 0.000000
vn -1.000000 0.000000 0.000000
vn -1.000000 0.000000 0.000000
vn -0.577478 -0.577286 0.577286
vn -0.577478 -0.577286 0.577286
vn -0.577478 -0.577286 0.577286
vn 0.577734 -0.577158 0.577158
vn 0.577734 -0.577158 0.577158
vn 0.577734 -0.577158 0.577158
vn -0.577478 0.577286 0.577286
vn -0.577478 0.577286 0.577286
vn -0.577478 0.577286 0.577286
vn 0.577734 0.577158 0.577158
vn 0.577734 0.577158 0.577158
vn 0.577734 0.577158 0.577158
vn 0.914822 0.337163 -0.222310
vn 0.670206 0.627776 -0.395880
vn 0.666888 0.630347 -0.397396
vn 0.911358 0.343813 -0.226317
vn 0.308561 0.808925 -0.500431
vn 0.308880 0.808834 -0.500381
vn -0.106959 0.848890 -0.517635
vn -0.101909 0.849303 -0.517976
vn -0.503664 0.740754 -0.444529
vn -0.495911 0.744511 -0.446964
vn -0.812237 0.503777 -0.294075
vn -0.805609 0.511507 -0.298923
vn -0.979314 0.179777 -0.092866
vn -0.976896 0.189483 -0.098847
vn -0.976826 -0.174531 0.123896
vn -0.978914 -0.166167 0.118814
vn -0.806497 -0.497928 0.318793
vn -0.810397 -0.493327 0.316047
vn -0.498611 -0.735456 0.458793
vn -0.500437 -0.734544 0.458266
vn -0.105821 -0.847335 0.520408
vn -0.103069 -0.847604 0.520524
vn 0.305398 -0.814580 0.493145
vn 0.312218 -0.812744 0.491902
vn 0.665102 -0.642078 0.381280
vn 0.672787 -0.636238 0.377571
vn 0.911138 -0.358406 0.203404
vn 0.915904 -0.349304 0.197752
vn 0.999877 -0.011938 -0.010158
vn 0.999870 -0.002495 -0.015938
vn 0.707233 -0.706981 0.000000
vn 0.707233 -0.706981 0.000000
vn 0.707233 -0.706981 0.000000
vn 0.707233 -0.706981 0.000000
vn 0.000000 -0.707103 -0.707110
vn 0.000000 -0.707103 -0.707110
vn 0.000000 -0.707103 -0.707110
vn 0.000000 -0.707103 -0.707110
vn 0.707259 0.000000 -0.706955
vn 0.707259 0.000000 -0.706955
vn 0.707259 0.000000 -0.706955
vn 0.707259 0.000000 -0.706955
vn -0.707333 -0.706880 0.000000
vn -0.707333 -0.706880 0.000000
vn -0.707333 -0.706880 0.000000
vn -0.707333 -0.706880 0.000000
vn -0.707329 0.000000 -0.706885
vn -0.707329 0.000000 -0.706885
vn -0.707329 0.000000 -0.706885
vn -0.707329 0.000000 -0.706885
vn 0.707233 0.706981 0.000000
vn 0.707233 0.706981 0.000000
vn 0.707233 0.706981 0.000000
vn 0.707233 0.706981 0.000000
vn 0.000000 0.707103 -0.707110
vn 0.000000 0.707103 -0.707110
vn 0.000000 0.707103 -0.707110
vn 0.000000 0.707103 -0.707110
vn -0.707333 0.706880 0.000000
vn -0.707333 0.706880 0.000000
vn -0.707333 0.706880 0.000000
vn -0.707333 0.706880 0.000000
vn 0.000000 0.000000 -1.000000
vn 0.000000 0.000000 -1.000000
vn 0.000000 0.000000 -1.000000
vn 0.000000 0.000000 -1.000000
vn 0.000000 1.000000 0.000000
vn 0.000000 1.000000 0.000000
vn 0.000000 1.000000 0.000000
vn 0.000000 1.000000 0.000000
vn 0.000000 -1.000000 0.000000
vn 0.000000 -1.000000 0.000000
vn 0.000000 -1.000000 0.000000
vn 0.000000 -1.000000 0.000000
vn -1.000000 0.000000 0.000000
vn -1.000000 0.000000 0.000000
vn -1.000000 0.000000 0.000000
vn -1.000000 0.000000 0.000000
vn 1.000000 0.000000 0.000000
vn 1.000000 0.000000 0.000000
vn 1.000000 0.000000 0.000000
vn 1.000000 0.000000 0.000000
vn 0.577606 -0.577031 -0.577414
vn 0.577606 -0.577031 -0.577414
vn 0.577606 -0.577031 -0.577414
vn -0.577542 -0.577350 -0.577159
vn -0.577542 -0.577350 -0.577159
vn -0.577542 -0.577350 -0.577159
vn 0.577606 0.577031 -0.577414
vn 0.577606 0.577031 -0.577414
vn 0.577606 0.577031 -0.577414
vn -0.577542 0.577350 -0.577159
vn -0.577542 0.577350 -0.577159
vn -0.577542 0.577350 -0.577159
vn 0.707258 -0.706956 0.000000
vn 0.707258 -0.706956 0.000000
vn 0.707258 -0.706956 0.000000
vn 0.707258 -0.706956 0.000000
vn 0.000000 -0.707113 -0.707100
vn 0.000000 -0.707113 -0.707100
vn 0.000000 -0.707113 -0.707100
vn 0.000000 -0.707113 -0.707100
vn 0.707258 0.000000 -0.706956
vn 0.707258 0.000000 -0.706956
vn 0.707258 0.000000 -0.706956
vn 0.707258 0.000000 -0.706956
vn -0.707358 -0.706855 0.000000
vn -0.707358 -0.706855 0.000000
vn -0.707358 -0.706855 0.000000
vn -0.707358 -0.706855 0.000000
vn -0.707329 0.000000 -0.706885
vn -0.707329 0.000000 -0.706885
vn -0.707329 0.000000 -0.706885
vn -0.707329 0.000000 -0.706885
vn 0.707258 0.706956 0.000000
vn 0.707258 0.706956 0.000000
vn 0.707258 0.706956 0.000000
vn 0.707258 0.706956 0.000000
vn 0.000000 0.707107 -0.707107
vn 0.000000 0.707107 -0.707107
vn 0.000000 0.707107 -0.707107
vn 0.000000 0.707107 -0.707107
vn -0.707358 0.706855 0.000000
vn -0.707358 0.706855 0.000000
vn -0.707358 0.706855 0.000000
vn -0.707358 0.706855 0.000000
vn 0.000000 0.000000 -1.000000
vn 0.000000 0.000000 -1.000000
vn 0.000000 0.000000 -1.000000
vn 0.000000 0.000000 -1.000000
vn 0.000000 1.000000 0.000000
vn 0.000000 1.000000 0.000000
vn 0.000000 1.000000 0.000000
vn 0.000000 1.000000 0.000000
vn 0.000000 -1.000000 0.000000
vn 0.000000 -1.000000 0.000000
vn 0.000000 -1.000000 0.000000
vn 0.000000 -1.000000 0.000000
vn -1.000000 0.000000 0.000000
vn -1.000000 0.000000 0.000000
vn -1.000000 0.000000 0.000000
vn -1.000000 0.000000 0.000000
vn 1.000000 0.000000 0.000000
vn 1.000000 0.000000 0.000000
vn 1.000000 0.000000 0.000000
vn 1.000000 0.000000 0.000000
vn 0.577378 -0.577378 -0.577294
vn 0.577378 -0.577378 -0.577294
vn 0.577378 -0.577378 -0.577294
vn -0.577550 -0.577166 -0.577334
vn -0.577550 -0.577166 -0.577334
vn -0.577550 -0.577166 -0.577334
vn 0.577374 0.577374 -0.577302
vn 0.577374 0.577374 -0.577302
vn 0.577374 0.577374 -0.577302
vn -0.577542 0.577159 -0.577350
vn -0.577542 0.577159 -0.577350
vn -0.577542 0.577159 -0.577350
vn 0.925744 -0.327483 -0.189085
vn 0.923458 -0.332206 -0.192001
vn 0.690278 -0.620952 -0.371396
vn 0.690214 -0.621004 -0.371428
vn 0.339785 -0.804193 -0.487668
vn 0.333969 -0.805937 -0.488805
vn -0.069365 -0.850697 -0.521060
vn -0.080553 -0.849919 -0.520720
vn -0.468047 -0.751390 -0.465129
vn -0.480651 -0.745528 -0.461695
vn -0.787198 -0.521868 -0.328592
vn -0.796314 -0.511736 -0.322506
vn -0.970321 -0.200921 -0.134565
vn -0.973369 -0.190165 -0.128027
vn -0.984320 0.155523 0.083229
vn -0.982745 0.162842 0.087725
vn -0.826243 0.484962 0.286590
vn -0.824542 0.487075 0.287902
vn -0.523655 0.729606 0.439841
vn -0.526381 0.728186 0.438939
vn -0.129527 0.846634 0.516172
vn -0.138327 0.845666 0.515475
vn 0.287030 0.815693 0.502254
vn 0.274506 0.818886 0.504056
vn 0.652921 0.642658 0.400855
vn 0.641523 0.650977 0.405804
vn 0.904650 0.358629 0.230204
vn 0.898484 0.369629 0.236857
vn 0.999695 0.013772 0.020487
vn 0.999385 0.023221 0.026261
vn -0.707251 -0.706962 0.000000
vn -0.707251 -0.706962 0.000000
vn -0.707251 -0.706962 0.000000
vn -0.707251 -0.706962 0.000000
vn 0.000000 -0.707117 0.707097
vn 0.000000 -0.707117 0.707097
vn 0.000000 -0.707117 0.707097
vn 0.000000 -0.707117 0.707097
vn -0.707258 0.000000 0.706956
vn -0.707258 0.000000 0.706956
vn -0.707258 0.000000 0.706956
vn -0.707258 0.000000 0.706956
vn 0.707352 -0.706862 0.000000
vn 0.707352 -0.706862 0.000000
vn 0.707352 -0.706862 0.000000
vn 0.707352 -0.706862 0.000000
vn 0.707329 0.000000 0.706885
vn 0.707329 0.000000 0.706885
vn 0.707329 0.000000 0.706885
vn 0.707329 0.000000 0.706885
vn -0.707264 0.706950 0.000000
vn -0.707264 0.706950 0.000000
vn -0.707264 0.706950 0.000000
vn -0.707264 0.706950 0.000000
vn 0.000000 0.707117 0.707097
vn 0.000000 0.707117 0.707097
vn 0.000000 0.707117 0.707097
vn 0.000000 0.707117 0.707097
vn 0.707365 0.706849 0.000000
vn 0.707365 0.706849 0.000000
vn 0.707365 0.706849 0.000000
vn 0.707365 0.706849 0.000000
vn 0.000000 0.000000 1.000000
vn 0.000000 0.000000 1.000000
vn 0.000000 0.000000 1.000000
vn 0.000000 0.000000 1.000000
vn 0.000000 1.000000 0.000000
vn 0.000000 1.000000 0.000000
vn 0.000000 1.000000 0.000000
vn 0.000000 1.000000 0.000000
vn 0.000000 -1.000000 0.000000
vn 0.000000 -1.000000 0.000000
vn 0.000000 -1.000000 0.000000
vn 0.000000 -1.000000 0.000000
vn 1.000000 0.000000 0.000000
vn 1.000000 0.000000 0.000000
vn 1.000000 0.000000 0.000000
vn 1.000000 0.000000 0.000000
vn -1.000000 0.000000 0.000000
vn -1.000000 0.000000 0.000000
vn -1.000000 0.000000 0.000000
vn -1.000000 0.000000 0.000000
vn -0.577602 -0.577075 0.577374
vn -0.577602 -0.577075 0.577374
vn -0.577602 -0.577075 0.577374
vn 0.577646 -0.577119 0.577286
vn 0.577646 -0.577119 0.577286
vn 0.577646 -0.577119 0.577286
vn -0.577598 0.577071 0.577382
vn -0.577598 0.577071 0.577382
vn -0.577598 0.577071 0.577382
vn 0.577638 0.577111 0.577302
vn 0.577638 0.577111 0.577302
vn 0.577638 0.577111 0.577302
vn -0.707264 -0.706950 0.000000
vn -0.707264 -0.706950 0.000000
vn -0.707264 -0.706950 0.000000
vn -0.707264 -0.706950 0.000000
vn 0.000000 -0.707100 0.707113
vn 0.000000 -0.707100 0.707113
vn 0.000000 -0.707100 0.707113
vn 0.000000 -0.707100 0.707113
vn -0.707257 0.000000 0.706957
vn -0.707257 0.000000 0.706957
vn -0.707257 0.000000 0.706957
vn -0.707257 0.000000 0.706957
vn 0.707365 -0.706849 0.000000
vn 0.707365 -0.706849 0.000000
vn 0.707365 -0.706849 0.000000
vn 0.707365 -0.706849 0.000000
vn 0.707329 0.000000 0.706885
vn 0.707329 0.000000 0.706885
vn 0.707329 0.000000 0.706885
vn 0.707329 0.000000 0.706885
vn -0.707264 0.706950 0.000000
vn -0.707264 0.706950 0.000000
vn -0.707264 0.706950 0.000000
vn -0.707264 0.706950 0.000000
vn 0.000000 0.707100 0.707113
vn 0.000000 0.707100 0.707113
vn 0.000000 0.707100 0.707113
vn 0.000000 0.707100 0.707113
vn 0.707365 0.706849 0.000000
vn 0.707365 0.706849 0.000000
vn 0.707365 0.706849 0.000000
vn 0.707365 0.706849 0.000000
vn 0.000000 0.000000 1.000000
vn 0.000000 0.000000 1.000000
vn 0.000000 0.000000 1.000000
vn 0.000000 0.000000 1.000000
vn 0.000000 1.000000 0.000000
vn 0.000000 1.000000 0.000000
vn 0.000000 1.000000 0.000000
vn 0.000000 1.000000 0.000000
vn 0.000000 -1.000000 0.000000
vn 0.000000 -1.000000 0.000000
vn 0.000000 -1.000000 0.000000
vn 0.000000 -1.000000 0.000000
vn 1.000000 0.000000 0.000000
vn 1.000000 0.000000 0.000000
vn 1.000000 0.000000 0.000000
vn 1.000000 0.000000 0.000000
vn -1.000000 0.000000 0.000000
vn -1.000000 0.000000 0.000000
vn -1.000000 0.000000 0.000000
vn -1.000000 0.000000 0.000000
vn -0.577478 -0.577286 0.577286
vn -0.577478 -0.577286 0.577286
vn -0.577478 -0.577286 0.577286
vn 0.577542 -0.577350 0.577159
vn 0.577542 -0.577350 0.577159
vn 0.577542 -0.577350 0.577159
vn -0.577542 0.577350 0.577159
vn -0.577542 0.577350 0.577159
vn -0.577542 0.577350 0.577159
vn 0.577542 0.577350 0.577159
vn 0.577542 0.577350 0.577159
vn 0.577542 0.577350 0.577159
vn 0.912413 0.354967 -0.203716
vn 0.667056 0.652706 -0.359182
vn 0.671176 0.649408 -0.357481
vn 0.914609 0.350602 -0.201416
vn 0.306754 0.837370 -0.452454
vn 0.311250 0.836053 -0.451818
vn -0.106076 0.877539 -0.467626
vn -0.103001 0.877804 -0.467815
vn -0.500319 0.766687 -0.402333
vn -0.499519 0.767090 -0.402560
vn -0.808442 0.524079 -0.267887
vn -0.809267 0.523083 -0.267341
vn -0.977646 0.191262 -0.087333
vn -0.978373 0.188255 -0.085715
vn -0.978618 -0.174788 0.108425
vn -0.977586 -0.179079 0.110705
vn -0.810672 -0.511075 0.285680
vn -0.807386 -0.515086 0.287774
vn -0.502262 -0.759338 0.413689
vn -0.497711 -0.761684 0.414874
vn -0.106503 -0.876153 0.470120
vn -0.102524 -0.876547 0.470270
vn 0.307973 -0.840938 0.444945
vn 0.309926 -0.840391 0.444622
vn 0.669071 -0.659593 0.342463
vn 0.668888 -0.659737 0.342543
vn 0.913886 -0.363642 0.180488
vn 0.912868 -0.365653 0.181578
vn 0.999907 -0.004649 -0.012792
vn 0.999906 -0.008462 -0.010753
vn 0.922799 -0.343748 -0.174011
vn 0.925958 -0.337008 -0.170376
vn 0.693165 -0.638684 -0.334073
vn 0.685290 -0.645257 -0.337670
vn 0.340077 -0.830853 -0.440488
vn 0.329148 -0.834229 -0.442406
vn -0.072792 -0.879272 -0.470726
vn -0.083070 -0.878517 -0.470433
vn -0.473572 -0.774668 -0.419069
vn -0.479928 -0.771600 -0.417496
vn -0.792025 -0.534892 -0.294255
vn -0.793789 -0.532860 -0.293188
vn -0.972290 -0.201771 -0.118073
vn -0.971842 -0.203408 -0.118943
vn -0.982884 0.166571 0.078690
vn -0.984042 0.161025 0.075715
vn -0.822084 0.505701 0.261619
vn -0.827625 0.498594 0.257761
vn -0.518499 0.756379 0.398809
vn -0.528292 0.751116 0.395893
vn -0.125641 0.875495 0.466609
vn -0.136746 0.874247 0.465825
vn 0.287885 0.843325 0.453789
vn 0.279296 0.845604 0.454916
vn 0.650971 0.666599 0.363157
vn 0.647040 0.669573 0.364705
vn 0.902270 0.376240 0.210601
vn 0.902048 0.376650 0.210818
vn 0.999520 0.021708 0.022126
vn 0.999636 0.017955 0.020121
vn -0.707333 -0.706880 0.000000
vn -0.707333 -0.706880 0.000000
vn -0.707333 -0.706880 0.000000
vn -0.707333 -0.706880 0.000000
vn 0.000000 -0.707117 0.707097
vn 0.000000 -0.707117 0.707097
vn 0.000000 -0.707117 0.707097
vn 0.000000 -0.707117 0.707097
vn -0.707258 0.000000 0.706956
vn -0.707258 0.000000 0.706956
vn -0.707258 0.000000 0.706956
vn -0.707258 0.000000 0.706956
vn 0.707333 -0.706880 0.000000
vn 0.707333 -0.706880 0.000000
vn 0.707333 -0.706880 0.000000
vn 0.707333 -0.706880 0.000000
vn 0.707329 0.000000 0.706885
vn 0.707329 0.000000 0.706885
vn 0.707329 0.000000 0.706885
vn 0.707329 0.000000 0.706885
vn -0.707358 0.706855 0.000000
vn -0.707358 0.706855 0.000000
vn -0.707358 0.706855 0.000000
vn -0.707358 0.706855 0.000000
vn 0.000000 0.707117 0.707097
vn 0.000000 0.707117 0.707097
vn 0.000000 0.707117 0.707097
vn 0.000000 0.707117 0.707097
vn 0.707358 0.706855 0.000000
vn 0.707358 0.706855 0.000000
vn 0.707358 0.706855 0.000000
vn 0.707358 0.706855 0.000000
vn 0.000000 0.000000 1.000000
vn 0.000000 0.000000 1.000000
vn 0.000000 0.000000 1.000000
vn 0.000000 0.000000 1.000000
vn 0.000000 1.000000 0.000000
vn 0.000000 1.000000 0.000000
vn 0.000000 1.000000 0.000000
vn 0.000000 1.000000 0.000000
vn 0.000000 -1.000000 0.000000
vn 0.000000 -1.000000 0.000000
vn 0.000000 -1.000000 0.000000
vn 0.000000 -1.000000 0.000000
vn 1.000000 0.000000 0.000000
vn 1.000000 0.000000 0.000000
vn 1.000000 0.000000 0.000000
vn 1.000000 0.000000 0.000000
vn -1.000000 0.000000 0.000000
vn -1.000000 0.000000 0.000000
vn -1.000000 0.000000 0.000000
vn -1.000000 0.000000 0.000000
vn -0.577634 -0.577059 0.577358
vn -0.577634 -0.577059 0.577358
vn -0.577634 -0.577059 0.577358
vn 0.577678 -0.577103 0.577270
vn 0.577678 -0.577103 0.577270
vn 0.577678 -0.577103 0.577270
vn -0.577630 0.577055 0.577366
vn -0.577630 0.577055 0.577366
vn -0.577630 0.577055 0.577366
vn 0.577670 0.577095 0.577286
vn 0.577670 0.577095 0.577286
vn 0.577670 0.577095 0.577286
vn -0.707233 -0.706981 0.000000
vn -0.707233 -0.706981 0.000000
vn -0.707233 -0.706981 0.000000
vn -0.707233 -0.706981 0.000000
vn 0.000000 -0.707100 0.707113
vn 0.000000 -0.707100 0.707113
vn 0.000000 -0.707100 0.707113
vn 0.000000 -0.707100 0.707113
vn -0.707257 0.000000 0.706957
vn -0.707257 0.000000 0.706957
vn -0.707257 0.000000 0.706957
vn -0.707257 0.000000 0.706957
vn 0.707333 -0.706880 0.000000
vn 0.707333 -0.706880 0.000000
vn 0.707333 -0.706880 0.000000
vn 0.707333 -0.706880 0.000000
vn 0.707329 0.000000 0.706885
vn 0.707329 0.000000 0.706885
vn 0.707329 0.000000 0.706885
vn 0.707329 0.000000 0.706885
vn -0.707233 0.706981 0.000000
vn -0.707233 0.706981 0.000000
vn -0.707233 0.706981 0.000000
vn -0.707233 0.706981 0.000000
vn 0.000000 0.707100 0.707113
vn 0.000000 0.707100 0.707113
vn 0.000000 0.707100 0.707113
vn 0.000000 0.707100 0.707113
vn 0.707333 0.706880 0.000000
vn 0.707333 0.706880 0.000000
vn 0.707333 0.706880 0.000000
vn 0.707333 0.706880 0.000000
vn 0.000000 0.000000 1.000000
vn 0.000000 0.000000 1.000000
vn 0.000000 0.000000 1.000000
vn 0.000000 0.000000 1.000000
vn 0.000000 1.000000 0.000000
vn 0.000000 1.000000 0.000000
vn 0.000000 1.000000 0.000000
vn 0.000000 1.000000 0.000000
vn 0.000000 -1.000000 0.000000
vn 0.000000 -1.000000 0.000000
vn 0.000000 -1.000000 0.000000
vn 0.000000 -1.000000 0.000000
vn 1.000000 0.000000 0.000000
vn 1.000000 0.000000 0.000000
vn 1.000000 0.000000 0.000000
vn 1.000000 0.000000 0.000000
vn -1.000000 0.000000 0.000000
vn -1.000000 0.000000 0.000000
vn -1.000000 0.000000 0.000000
vn -1.000000 0.000000 0.000000
vn -0.577478 -0.577286 0.577286
vn -0.577478 -0.577286 0.577286
vn -0.577478 -0.577286 0.577286
vn 0.577542 -0.577350 0.577159
vn 0.577542 -0.577350 0.577159
vn 0.577542 -0.577350 0.577159
vn -0.577542 0.577350 0.577159
vn -0.577542 0.577350 0.577159
vn -0.577542 0.577350 0.577159
vn 0.577542 0.577350 0.577159
vn 0.577542 0.577350 0.577159
vn 0.577542 0.577350 0.577159
vn 0.789281 0.409858 -0.457222
vn 0.574318 0.747977 -0.332701
vn 0.586949 0.734765 -0.340017
vn 0.793039 0.400051 -0.459400
vn 0.258200 0.954441 -0.149585
vn 0.279006 0.946588 -0.161639
vn -0.102306 0.992985 0.059273
vn -0.079527 0.995767 0.046075
vn -0.442895 0.859079 0.256569
vn -0.425689 0.870618 0.246604
vn -0.705217 0.579455 0.408535
vn -0.697343 0.592046 0.403972
vn -0.847060 0.204189 0.490710
vn -0.846080 0.209546 0.490142
vn -0.847066 -0.204192 0.490698
vn -0.846086 -0.209549 0.490130
vn -0.705223 -0.579458 0.408521
vn -0.697349 -0.592049 0.403960
vn -0.442895 -0.859079 0.256569
vn -0.425689 -0.870618 0.246604
vn -0.102307 -0.992986 0.059258
vn -0.079527 -0.995768 0.046058
vn 0.258200 -0.954440 -0.149587
vn 0.279006 -0.946588 -0.161637
vn 0.574318 -0.747977 -0.332699
vn 0.586949 -0.734765 -0.340018
vn 0.789275 -0.409855 -0.457235
vn 0.793034 -0.400048 -0.459412
vn 0.865293 0.000000 -0.501266
vn 0.865293 0.000000 -0.501266
vn 0.788091 0.410124 0.459033
vn 0.572909 0.748616 0.333691
vn 0.588485 0.732257 0.342761
vn 0.792709 0.398023 0.461725
vn 0.256042 0.955091 0.149144
vn 0.281800 0.945328 0.164148
vn -0.105126 0.992572 -0.061236
vn -0.076906 0.996031 -0.044798
vn -0.445178 0.857077 -0.259299
vn -0.423909 0.871399 -0.246912
vn -0.705815 0.576910 -0.411095
vn -0.696111 0.592491 -0.405443
vn -0.846119 0.203016 -0.492815
vn -0.844915 0.209626 -0.492114
vn -0.846115 -0.203003 -0.492829
vn -0.844911 -0.209611 -0.492128
vn -0.705800 -0.576924 -0.411103
vn -0.696098 -0.592501 -0.405451
vn -0.445223 -0.857053 -0.259301
vn -0.423957 -0.871376 -0.246912
vn -0.105167 -0.992568 -0.061233
vn -0.076949 -0.996028 -0.044799
vn 0.256027 -0.955101 0.149102
vn 0.281778 -0.945343 0.164097
vn 0.572922 -0.748619 0.333661
vn 0.588508 -0.732248 0.342741
vn 0.788108 -0.410105 0.459021
vn 0.792730 -0.397995 0.461714
vn 0.864102 -0.000016 0.503317
vn 0.864102 -0.000022 0.503317
vn 0.862014 0.401636 -0.309226
vn 0.636529 0.736683 -0.228318
vn 0.625460 0.747306 -0.224349
vn 0.858713 0.409540 -0.308040
vn 0.300815 0.947559 -0.107902
vn 0.282621 0.953860 -0.101374
vn -0.088769 0.995543 0.031864
vn -0.108682 0.993311 0.039006
vn -0.464258 0.869904 0.166530
vn -0.479321 0.860634 0.171931
vn -0.758922 0.591550 0.272223
vn -0.765832 0.581413 0.274702
vn -0.920404 0.209407 0.330161
vn -0.921265 0.205087 0.330470
vn -0.920404 -0.209407 0.330161
vn -0.921265 -0.205086 0.330470
vn -0.758918 -0.591548 0.272239
vn -0.765828 -0.581410 0.274718
vn -0.464257 -0.869901 0.166546
vn -0.479320 -0.860631 0.171948
vn -0.088769 -0.995544 0.031827
vn -0.108683 -0.993312 0.038974
vn 0.300814 -0.947557 -0.107917
vn 0.282620 -0.953858 -0.101393
vn 0.636526 -0.736680 -0.228336
vn 0.625458 -0.747304 -0.224364
vn 0.862015 -0.401635 -0.309224
vn 0.858713 -0.409539 -0.308041
vn 0.941266 -0.000000 -0.337665
vn 0.941266 -0.000000 -0.337665
vn 0.863902 0.404098 0.300628
vn 0.628547 0.746376 0.218750
vn 0.671057 0.703668 0.233528
vn 0.875857 0.374133 0.304794
vn 0.268749 0.958657 0.093547
vn 0.342666 0.931854 0.119282
vn -0.144864 0.988166 -0.050429
vn -0.062868 0.997782 -0.021891
vn -0.520393 0.834500 -0.181110
vn -0.460705 0.872950 -0.160342
vn -0.790227 0.547643 -0.275005
vn -0.764509 0.587146 -0.266055
vn -0.927302 0.189626 -0.322727
vn -0.924239 0.205714 -0.321659
vn -0.927297 -0.189626 -0.322742
vn -0.924233 -0.205715 -0.321676
vn -0.790207 -0.547666 -0.275018
vn -0.764497 -0.587156 -0.266067
vn -0.520424 -0.834478 -0.181121
vn -0.460754 -0.872921 -0.160360
vn -0.144923 -0.988156 -0.050451
vn -0.062910 -0.997779 -0.021906
vn 0.268728 -0.958664 0.093531
vn 0.342643 -0.931865 0.119262
vn 0.628552 -0.746365 0.218772
vn 0.671076 -0.703636 0.233568
vn 0.863912 -0.404053 0.300663
vn 0.875865 -0.374092 0.304821
vn 0.944439 -0.000025 0.328685
vn 0.944440 -0.000030 0.328685
vn 0.806775 0.409080 -0.426343
vn 0.588293 0.746504 -0.310875
vn 0.596192 0.738443 -0.315050
vn 0.809135 0.403073 -0.427590
vn 0.267185 0.953249 -0.141170
vn 0.280151 0.948475 -0.148021
vn -0.099698 0.993621 0.052706
vn -0.085512 0.995311 0.045210
vn -0.448063 0.862082 0.236759
vn -0.437322 0.869108 0.231086
vn -0.718223 0.583183 0.379545
vn -0.713288 0.590882 0.376934
vn -0.865191 0.205885 0.457227
vn -0.864574 0.209172 0.456901
vn -0.865203 -0.205890 0.457201
vn -0.864587 -0.209176 0.456875
vn -0.718219 -0.583178 0.379557
vn -0.713284 -0.590877 0.376950
vn -0.448060 -0.862078 0.236777
vn -0.437321 -0.869106 0.231098
vn -0.099698 -0.993623 0.052672
vn -0.085512 -0.995312 0.045178
vn 0.267184 -0.953247 -0.141185
vn 0.280150 -0.948473 -0.148038
vn 0.588293 -0.746503 -0.310876
vn 0.596193 -0.738443 -0.315050
vn 0.806786 -0.409085 -0.426316
vn 0.809146 -0.403078 -0.427563
vn 0.884148 0.000000 -0.467207
vn 0.884148 0.000000 -0.467207
vn 0.803256 0.410072 0.431996
vn 0.583360 0.749176 0.313730
vn 0.603547 0.728268 0.324587
vn 0.809207 0.394698 0.435198
vn 0.258516 0.955949 0.139037
vn 0.292076 0.943406 0.157085
vn -0.111618 0.991936 -0.060032
vn -0.074804 0.996386 -0.040230
vn -0.458345 0.853906 -0.246506
vn -0.430694 0.872266 -0.231637
vn -0.721901 0.572833 -0.388229
vn -0.709364 0.592680 -0.381488
vn -0.862717 0.201162 -0.463955
vn -0.861168 0.209540 -0.463122
vn -0.862712 -0.201148 -0.463968
vn -0.861163 -0.209531 -0.463136
vn -0.721875 -0.572863 -0.388233
vn -0.709346 -0.592697 -0.381494
vn -0.458385 -0.853884 -0.246505
vn -0.430742 -0.872242 -0.231636
vn -0.111666 -0.991931 -0.060031
vn -0.074846 -0.996383 -0.040231
vn 0.258501 -0.955955 0.139025
vn 0.292059 -0.943414 0.157071
vn 0.583367 -0.749178 0.313714
vn 0.603564 -0.728260 0.324574
vn 0.803281 -0.410047 0.431974
vn 0.809233 -0.394670 0.435175
vn 0.880715 -0.000029 0.473646
vn 0.880715 -0.000032 0.473646
vn 0.847400 0.404523 -0.343910
vn 0.622982 0.740258 -0.252806
vn 0.617641 0.745453 -0.250638
vn 0.845802 0.408400 -0.343260
vn 0.290895 0.949445 -0.118042
vn 0.282139 0.952518 -0.114489
vn -0.092158 0.995042 0.037391
vn -0.101733 0.993955 0.041277
vn -0.459947 0.868106 0.186658
vn -0.467204 0.863580 0.189604
vn -0.748166 0.589963 0.303630
vn -0.751507 0.584998 0.304985
vn -0.906170 0.208838 0.367754
vn -0.906587 0.206715 0.367924
vn -0.906164 -0.208836 0.367769
vn -0.906582 -0.206713 0.367939
vn -0.748162 -0.589960 0.303645
vn -0.751502 -0.584995 0.305000
vn -0.459945 -0.868103 0.186675
vn -0.467204 -0.863577 0.189620
vn -0.092158 -0.995042 0.037390
vn -0.101733 -0.993955 0.041278
vn 0.290894 -0.949444 -0.118058
vn 0.282139 -0.952516 -0.114506
vn 0.622979 -0.740255 -0.252823
vn 0.617638 -0.745450 -0.250654
vn 0.847401 -0.404522 -0.343909
vn 0.845802 -0.408400 -0.343261
vn 0.926598 0.000000 -0.376054
vn 0.926598 0.000000 -0.376054
vn 0.843924 0.407357 0.349073
vn 0.612832 0.748460 0.253466
vn 0.647209 0.713768 0.267687
vn 0.853794 0.382513 0.353157
vn 0.265255 0.957917 0.109705
vn 0.323849 0.936580 0.133938
vn -0.132259 0.989704 -0.054707
vn -0.067579 0.997322 -0.027954
vn -0.497843 0.842464 -0.205930
vn -0.450100 0.873354 -0.186181
vn -0.766874 0.557927 -0.317209
vn -0.745830 0.590392 -0.308506
vn -0.906456 0.194327 -0.374932
vn -0.903910 0.207753 -0.373880
vn -0.906465 -0.194278 -0.374936
vn -0.903917 -0.207716 -0.373883
vn -0.766852 -0.557971 -0.317185
vn -0.745817 -0.590421 -0.308481
vn -0.497868 -0.842452 -0.205918
vn -0.450142 -0.873332 -0.186180
vn -0.132304 -0.989697 -0.054723
vn -0.067624 -0.997319 -0.027970
vn 0.265235 -0.957924 0.109690
vn 0.323841 -0.936585 0.133925
vn 0.612857 -0.748439 0.253468
vn 0.647250 -0.713726 0.267698
vn 0.843933 -0.407346 0.349065
vn 0.853801 -0.382506 0.353147
vn 0.924070 -0.000053 0.382224
vn 0.924070 -0.000065 0.382224
vn 0.833713 0.406526 -0.373710
vn 0.610833 0.742910 -0.273802
vn 0.610355 0.743382 -0.273587
vn 0.833569 0.406880 -0.373646
vn 0.282351 0.950929 -0.126538
vn 0.281568 0.951208 -0.126188
vn -0.094965 0.994570 0.042573
vn -0.095822 0.994471 0.042957
vn -0.455910 0.866249 0.204350
vn -0.456557 0.865839 0.204641
vn -0.738096 0.588010 0.330845
vn -0.738395 0.587559 0.330979
vn -0.892553 0.208033 0.400091
vn -0.892590 0.207837 0.400107
vn -0.892552 -0.208034 0.400090
vn -0.892590 -0.207838 0.400108
vn -0.738097 -0.588009 0.330845
vn -0.738396 -0.587558 0.330979
vn -0.455907 -0.866247 0.204366
vn -0.456555 -0.865837 0.204657
vn -0.094966 -0.994570 0.042557
vn -0.095823 -0.994472 0.042941
vn 0.282349 -0.950925 -0.126571
vn 0.281567 -0.951204 -0.126221
vn 0.610833 -0.742911 -0.273801
vn 0.610355 -0.743383 -0.273587
vn 0.833718 -0.406528 -0.373695
vn 0.833575 -0.406882 -0.373631
vn 0.912533 0.000000 -0.409004
vn 0.912533 0.000000 -0.409003
vn 0.838237 0.407968 0.361830
vn 0.608543 0.748782 0.262681
vn 0.640765 0.716186 0.276584
vn 0.847523 0.384532 0.365842
vn 0.264280 0.957678 0.114059
vn 0.318914 0.937734 0.137653
vn -0.129013 0.990077 -0.055714
vn -0.068768 0.997190 -0.029716
vn -0.491820 0.844420 -0.212294
vn -0.447211 0.873349 -0.193040
vn -0.760369 0.560458 -0.328217
vn -0.740599 0.591030 -0.319682
vn -0.900409 0.195430 -0.388678
vn -0.898010 0.208113 -0.387643
vn -0.900403 -0.195432 -0.388692
vn -0.898001 -0.208126 -0.387657
vn -0.760365 -0.560462 -0.328219
vn -0.740611 -0.591014 -0.319684
vn -0.491885 -0.844381 -0.212299
vn -0.447280 -0.873311 -0.193052
vn -0.129060 -0.990070 -0.055716
vn -0.068809 -0.997187 -0.029710
vn 0.264255 -0.957682 0.114078
vn 0.318896 -0.937738 0.137672
vn 0.608540 -0.748781 0.262691
vn 0.640773 -0.716173 0.276597
vn 0.838252 -0.407942 0.361824
vn 0.847539 -0.384503 0.365835
vn 0.918110 -0.000000 0.396325
vn 0.918110 -0.000013 0.396325
vn 0.833707 0.406557 -0.373690
vn 0.610864 0.742886 -0.273798
vn 0.610384 0.743359 -0.273583
vn 0.833563 0.406912 -0.373626
vn 0.282371 0.950922 -0.126547
vn 0.281581 0.951203 -0.126193
vn -0.094965 0.994570 0.042573
vn -0.095825 0.994471 0.042959
vn -0.455924 0.866240 0.204357
vn -0.456575 0.865828 0.204649
vn -0.738131 0.587968 0.330843
vn -0.738432 0.587514 0.330978
vn -0.892577 0.207972 0.400068
vn -0.892615 0.207777 0.400085
vn -0.892571 -0.207971 0.400082
vn -0.892609 -0.207777 0.400099
vn -0.738131 -0.587967 0.330843
vn -0.738432 -0.587513 0.330978
vn -0.455924 -0.866240 0.204357
vn -0.456576 -0.865828 0.204649
vn -0.094965 -0.994571 0.042556
vn -0.095825 -0.994471 0.042942
vn 0.282369 -0.950918 -0.126580
vn 0.281579 -0.951199 -0.126226
vn 0.610867 -0.742889 -0.273783
vn 0.610388 -0.743362 -0.273568
vn 0.833712 -0.406561 -0.373676
vn 0.833568 -0.406915 -0.373611
vn 0.912527 0.000001 -0.409017
vn 0.912527 0.000001 -0.409018
vn 0.832229 0.408587 0.374770
vn 0.604091 0.749047 0.272035
vn 0.634086 0.718612 0.285540
vn 0.840922 0.386584 0.378686
vn 0.263287 0.957403 0.118576
vn 0.313958 0.938850 0.141394
vn -0.125728 0.990447 -0.056632
vn -0.069939 0.997054 -0.031502
vn -0.485739 0.846282 -0.218780
vn -0.444284 0.873251 -0.200111
vn -0.753604 0.562932 -0.339394
vn -0.735158 0.591543 -0.331089
vn -0.894008 0.196605 -0.402612
vn -0.891759 0.208531 -0.401599
vn -0.894007 -0.196607 -0.402612
vn -0.891758 -0.208534 -0.401599
vn -0.753596 -0.562955 -0.339374
vn -0.735152 -0.591563 -0.331068
vn -0.485752 -0.846283 -0.218747
vn -0.444318 -0.873239 -0.200087
vn -0.125794 -0.990438 -0.056638
vn -0.069993 -0.997050 -0.031508
vn 0.263275 -0.957405 0.118580
vn 0.313932 -0.938858 0.141394
vn 0.604068 -0.749065 0.272036
vn 0.634090 -0.718603 0.285551
vn 0.832244 -0.408531 0.374796
vn 0.840936 -0.386528 0.378713
vn 0.911800 -0.000033 0.410634
vn 0.911800 -0.000040 0.410634
vn 0.820759 0.407990 -0.399873
vn 0.599821 0.744864 -0.292221
vn 0.603551 0.741126 -0.294038
vn 0.821875 0.405202 -0.400416
vn 0.274843 0.952117 -0.133916
vn 0.280952 0.949908 -0.136892
vn -0.097371 0.994117 0.047436
vn -0.090689 0.994899 0.044180
vn -0.452142 0.864313 0.220296
vn -0.447077 0.867567 0.217828
vn -0.728538 0.585872 0.354946
vn -0.726207 0.589442 0.353810
vn -0.879503 0.207078 0.428478
vn -0.879211 0.208604 0.428336
vn -0.879503 -0.207078 0.428478
vn -0.879211 -0.208605 0.428336
vn -0.728539 -0.585871 0.354946
vn -0.726207 -0.589441 0.353811
vn -0.452143 -0.864317 0.220280
vn -0.447079 -0.867571 0.217812
vn -0.097371 -0.994117 0.047435
vn -0.090689 -0.994899 0.044181
vn 0.274844 -0.952120 -0.133900
vn 0.280953 -0.949911 -0.136876
vn 0.599821 -0.744864 -0.292221
vn 0.603551 -0.741126 -0.294038
vn 0.820765 -0.407993 -0.399859
vn 0.821880 -0.405205 -0.400402
vn 0.898980 -0.000000 -0.437991
vn 0.898980 -0.000000 -0.437991
vn 0.815898 0.409702 0.407988
vn 0.592263 0.749335 0.296177
vn 0.616562 0.724423 0.308321
vn 0.823016 0.391500 0.411550
vn 0.260588 0.956613 0.130327
vn 0.301218 0.941580 0.150651
vn -0.117472 0.991336 -0.058769
vn -0.072826 0.996679 -0.036440
vn -0.469918 0.850851 -0.235011
vn -0.436525 0.872802 -0.218316
vn -0.735572 0.568884 -0.367837
vn -0.720542 0.592442 -0.360321
vn -0.876460 0.199305 -0.438288
vn -0.874610 0.209214 -0.437363
vn -0.876445 -0.199347 -0.438297
vn -0.874598 -0.209242 -0.437374
vn -0.735598 -0.568831 -0.367867
vn -0.720570 -0.592390 -0.360351
vn -0.469971 -0.850824 -0.235002
vn -0.436582 -0.872778 -0.218300
vn -0.117517 -0.991332 -0.058747
vn -0.072880 -0.996675 -0.036431
vn 0.260559 -0.956626 0.130293
vn 0.301194 -0.941593 0.150614
vn 0.592264 -0.749338 0.296169
vn 0.616576 -0.724410 0.308326
vn 0.815924 -0.409621 0.408018
vn 0.823044 -0.391408 0.411579
vn 0.894399 0.000061 0.447270
vn 0.894399 0.000057 0.447270
vn -0.707256 -0.706958 0.000000
vn -0.707256 -0.706958 0.000000
vn -0.707256 -0.706958 0.000000
vn -0.707256 -0.706958 0.000000
vn 0.000000 -0.711646 -0.702538
vn 0.000000 -0.711646 -0.702538
vn 0.000000 -0.711646 -0.702538
vn 0.000000 -0.711646 -0.702538
vn -0.711810 0.000000 -0.702372
vn -0.711810 0.000000 -0.702372
vn -0.711810 0.000000 -0.702372
vn -0.711810 0.000000 -0.702372
vn 0.707256 -0.706958 0.000000
vn 0.707256 -0.706958 0.000000
vn 0.707256 -0.706958 0.000000
vn 0.707256 -0.706958 0.000000
vn 0.711810 0.000000 -0.702372
vn 0.711810 0.000000 -0.702372
vn 0.711810 0.000000 -0.702372
vn 0.711810 0.000000 -0.702372
vn -0.707256 0.706958 0.000000
vn -0.707256 0.706958 0.000000
vn -0.707256 0.706958 0.000000
vn -0.707256 0.706958 0.000000
vn 0.000000 0.711646 -0.702538
vn 0.000000 0.711646 -0.702538
vn 0.000000 0.711646 -0.702538
vn 0.000000 0.711646 -0.702538
vn 0.707256 0.706958 0.000000
vn 0.707256 0.706958 0.000000
vn 0.707256 0.706958 0.000000
vn 0.707256 0.706958 0.000000
vn 0.000000 0.000000 -1.000000
vn 0.000000 0.000000 -1.000000
vn 0.000000 0.000000 -1.000000
vn 0.000000 0.000000 -1.000000
vn 0.000000 1.000000 0.000000
vn 0.000000 1.000000 0.000000
vn 0.000000 1.000000 0.000000
vn 0.000000 1.000000 0.000000
vn 0.000000 -1.000000 0.000000
vn 0.000000 -1.000000 0.000000
vn 0.000000 -1.000000 0.000000
vn 0.000000 -1.000000 0.000000
vn 1.000000 0.000000 0.000000
vn 1.000000 0.000000 0.000000
vn 1.000000 0.000000 0.000000
vn 1.000000 0.000000 0.000000
vn -1.000000 0.000000 0.000000
vn -1.000000 0.000000 0.000000
vn -1.000000 0.000000 0.000000
vn -1.000000 0.000000 0.000000
vn -0.579936 -0.579936 -0.572143
vn -0.579936 -0.579936 -0.572143
vn -0.579936 -0.579936 -0.572143
vn 0.579936 -0.579936 -0.572143
vn 0.579936 -0.579936 -0.572143
vn 0.579936 -0.579936 -0.572143
vn -0.579936 0.579936 -0.572143
vn -0.579936 0.579936 -0.572143
vn -0.579936 0.579936 -0.572143
vn 0.579936 0.579936 -0.572143
vn 0.579936 0.579936 -0.572143
vn 0.579936 0.579936 -0.572143
vn -0.707256 -0.706958 0.000000
vn -0.707256 -0.706958 0.000000
vn -0.707256 -0.706958 0.000000
vn -0.707256 -0.706958 0.000000
vn 0.000000 -0.711646 -0.702538
vn 0.000000 -0.711646 -0.702538
vn 0.000000 -0.711646 -0.702538
vn 0.000000 -0.711646 -0.702538
vn -0.711810 0.000000 -0.702372
vn -0.711810 0.000000 -0.702372
vn -0.711810 0.000000 -0.702372
vn -0.711810 0.000000 -0.702372
vn 0.707256 -0.706958 0.000000
vn 0.707256 -0.706958 0.000000
vn 0.707256 -0.706958 0.000000
vn 0.707256 -0.706958 0.000000
vn 0.711810 0.000000 -0.702372
vn 0.711810 0.000000 -0.702372
vn 0.711810 0.000000 -0.702372
vn 0.711810 0.000000 -0.702372
vn -0.707256 0.706958 0.000000
vn -0.707256 0.706958 0.000000
vn -0.707256 0.706958 0.000000
vn -0.707256 0.706958 0.000000
vn 0.000000 0.711646 -0.702538
vn 0.000000 0.711646 -0.702538
vn 0.000000 0.711646 -0.702538
vn 0.000000 0.711646 -0.702538
vn 0.707256 0.706958 0.000000
vn 0.707256 0.706958 0.000000
vn 0.707256 0.706958 0.000000
vn 0.707256 0.706958 0.000000
vn 0.000000 0.000000 -1.000000
vn 0.000000 0.000000 -1.000000
vn 0.000000 0.000000 -1.000000
vn 0.000000 0.000000 -1.000000
vn 0.000000 1.000000 0.000000
vn 0.000000 1.000000 0.000000
vn 0.000000 1.000000 0.000000
vn 0.000000 1.000000 0.000000
vn 0.000000 -1.000000 0.000000
vn 0.000000 -1.000000 0.000000
vn 0.000000 -1.000000 0.000000
vn 0.000000 -1.000000 0.000000
vn 1.000000 0.000000 0.000000
vn 1.000000 0.000000 0.000000
vn 1.000000 0.000000 0.000000
vn 1.000000 0.000000 0.000000
vn -1.000000 0.000000 0.000000
vn -1.000000 0.000000 0.000000
vn -1.000000 0.000000 0.000000
vn -1.000000 0.000000 0.000000
vn -0.579936 -0.579936 -0.572143
vn -0.579936 -0.579936 -0.572143
vn -0.579936 -0.579936 -0.572143
vn 0.579936 -0.579936 -0.572143
vn 0.579936 -0.579936 -0.572143
vn 0.579936 -0.579936 -0.572143
vn -0.579810 0.579810 -0.572399
vn -0.579810 0.579810 -0.572399
vn -0.579810 0.579810 -0.572399
vn 0.579810 0.579810 -0.572399
vn 0.579810 0.579810 -0.572399
vn 0.579810 0.579810 -0.572399
vn -0.707264 -0.706950 0.000000
vn -0.707264 -0.706950 0.000000
vn -0.707264 -0.706950 0.000000
vn -0.707264 -0.706950 0.000000
vn 0.000000 -0.707100 0.707113
vn 0.000000 -0.707100 0.707113
vn 0.000000 -0.707100 0.707113
vn 0.000000 -0.707100 0.707113
vn -0.707234 0.000000 0.706979
vn -0.707234 0.000000 0.706979
vn -0.707234 0.000000 0.706979
vn -0.707234 0.000000 0.706979
vn 0.707264 -0.706950 0.000000
vn 0.707264 -0.706950 0.000000
vn 0.707264 -0.706950 0.000000
vn 0.707264 -0.706950 0.000000
vn 0.707234 0.000000 0.706979
vn 0.707234 0.000000 0.706979
vn 0.707234 0.000000 0.706979
vn 0.707234 0.000000 0.706979
vn -0.707264 0.706950 0.000000
vn -0.707264 0.706950 0.000000
vn -0.707264 0.706950 0.000000
vn -0.707264 0.706950 0.000000
vn 0.000000 0.707100 0.707113
vn 0.000000 0.707100 0.707113
vn 0.000000 0.707100 0.707113
vn 0.000000 0.707100 0.707113
vn 0.707264 0.706950 0.000000
vn 0.707264 0.706950 0.000000
vn 0.707264 0.706950 0.000000
vn 0.707264 0.706950 0.000000
vn 0.000000 0.000000 1.000000
vn 0.000000 0.000000 1.000000
vn 0.000000 0.000000 1.000000
vn 0.000000 0.000000 1.000000
vn 0.000000 1.000000 0.000000
vn 0.000000 1.000000 0.000000
vn 0.000000 1.000000 0.000000
vn 0.000000 1.000000 0.000000
vn 0.000000 -1.000000 0.000000
vn 0.000000 -1.000000 0.000000
vn 0.000000 -1.000000 0.000000
vn 0.000000 -1.000000 0.000000
vn 1.000000 0.000000 0.000000
vn 1.000000 0.000000 0.000000
vn 1.000000 0.000000 0.000000
vn 1.000000 0.000000 0.000000
vn -1.000000 0.000000 0.000000
vn -1.000000 0.000000 0.000000
vn -1.000000 0.000000 0.000000
vn -1.000000 0.000000 0.000000
vn -0.577606 -0.577031 0.577414
vn -0.577606 -0.577031 0.577414
vn -0.577606 -0.577031 0.577414
vn 0.577478 -0.577286 0.577286
vn 0.577478 -0.577286 0.577286
vn 0.577478 -0.577286 0.577286
vn -0.577606 0.577031 0.577414
vn -0.577606 0.577031 0.577414
vn -0.577606 0.577031 0.577414
vn 0.577478 0.577286 0.577286
vn 0.577478 0.577286 0.577286
vn 0.577478 0.577286 0.577286
vn -0.707264 -0.706950 0.000000
vn -0.707264 -0.706950 0.000000
vn -0.707264 -0.706950 0.000000
vn -0.707264 -0.706950 0.000000
vn 0.000000 -0.707102 0.707112
vn 0.000000 -0.707102 0.707112
vn 0.000000 -0.707102 0.707112
vn 0.000000 -0.707102 0.707112
vn -0.707234 0.000000 0.706979
vn -0.707234 0.000000 0.706979
vn -0.707234 0.000000 0.706979
vn -0.707234 0.000000 0.706979
vn 0.707365 -0.706849 0.000000
vn 0.707365 -0.706849 0.000000
vn 0.707365 -0.706849 0.000000
vn 0.707365 -0.706849 0.000000
vn 0.707303 0.000000 0.706911
vn 0.707303 0.000000 0.706911
vn 0.707303 0.000000 0.706911
vn 0.707303 0.000000 0.706911
vn -0.707264 0.706950 0.000000
vn -0.707264 0.706950 0.000000
vn -0.707264 0.706950 0.000000
vn -0.707264 0.706950 0.000000
vn 0.000000 0.707102 0.707112
vn 0.000000 0.707102 0.707112
vn 0.000000 0.707102 0.707112
vn 0.000000 0.707102 0.707112
vn 0.707365 0.706849 0.000000
vn 0.707365 0.706849 0.000000
vn 0.707365 0.706849 0.000000
vn 0.707365 0.706849 0.000000
vn 0.000000 0.000000 1.000000
vn 0.000000 0.000000 1.000000
vn 0.000000 0.000000 1.000000
vn 0.000000 0.000000 1.000000
vn 0.000000 1.000000 0.000000
vn 0.000000 1.000000 0.000000
vn 0.000000 1.000000 0.000000
vn 0.000000 1.000000 0.000000
vn 0.000000 -1.000000 0.000000
vn 0.000000 -1.000000 0.000000
vn 0.000000 -1.000000 0.000000
vn 0.000000 -1.000000 0.000000
vn 1.000000 0.000000 0.000000
vn 1.000000 0.000000 0.000000
vn 1.000000 0.000000 0.000000
vn 1.000000 0.000000 0.000000
vn -1.000000 0.000000 0.000000
vn -1.000000 0.000000 0.000000
vn -1.000000 0.000000 0.000000
vn -1.000000 0.000000 0.000000
vn -0.577478 -0.577286 0.577286
vn -0.577478 -0.577286 0.577286
vn -0.577478 -0.577286 0.577286
vn 0.577670 -0.577286 0.577095
vn 0.577670 -0.577286 0.577095
vn 0.577670 -0.577286 0.577095
vn -0.577478 0.577286 0.577286
vn -0.577478 0.577286 0.577286
vn -0.577478 0.577286 0.577286
vn 0.577670 0.577286 0.577095
vn 0.577670 0.577286 0.577095
vn 0.577670 0.577286 0.577095
vn -0.425169 0.472155 -0.772206
vn -0.312260 0.762536 -0.566598
vn -0.273550 0.824000 -0.496179
vn -0.413101 0.516276 -0.750205
vn -0.132307 0.961888 -0.239304
vn -0.064898 0.991040 -0.116736
vn 0.093779 0.980677 0.171694
vn 0.164142 0.939854 0.299553
vn 0.301415 0.779738 0.548778
vn 0.344434 0.698922 0.626796
vn 0.433754 0.435479 0.788806
vn 0.447588 0.370433 0.813907
vn 0.481509 0.046425 0.875211
vn 0.481893 0.024843 0.875878
vn 0.454151 -0.336353 0.824993
vn 0.458237 -0.311523 0.832450
vn 0.352996 -0.681719 0.640823
vn 0.376906 -0.624218 0.684320
vn 0.176004 -0.931353 0.318754
vn 0.230405 -0.878858 0.417759
vn -0.051784 -0.994101 -0.095299
vn 0.021754 -0.999030 0.038292
vn -0.263427 -0.836876 -0.479839
vn -0.204526 -0.905087 -0.372809
vn -0.405509 -0.539857 -0.737643
vn -0.378508 -0.618390 -0.688713
vn -0.472470 -0.197488 -0.858936
vn -0.467581 -0.242325 -0.850087
vn -0.476993 0.145254 -0.866821
vn -0.476832 0.147524 -0.866526
vn -0.707256 -0.706958 0.000000
vn -0.707256 -0.706958 0.000000
vn -0.707256 -0.706958 0.000000
vn -0.707256 -0.706958 0.000000
vn 0.000000 -0.711645 -0.702540
vn 0.000000 -0.711645 -0.702540
vn 0.000000 -0.711645 -0.702540
vn 0.000000 -0.711645 -0.702540
vn -0.711810 0.000000 -0.702372
vn -0.711810 0.000000 -0.702372
vn -0.711810 0.000000 -0.702372
vn -0.711810 0.000000 -0.702372
vn 0.707256 -0.706958 0.000000
vn 0.707256 -0.706958 0.000000
vn 0.707256 -0.706958 0.000000
vn 0.707256 -0.706958 0.000000
vn 0.711810 0.000000 -0.702372
vn 0.711810 0.000000 -0.702372
vn 0.711810 0.000000 -0.702372
vn 0.711810 0.000000 -0.702372
vn -0.707256 0.706958 0.000000
vn -0.707256 0.706958 0.000000
vn -0.707256 0.706958 0.000000
vn -0.707256 0.706958 0.000000
vn 0.000000 0.711645 -0.702540
vn 0.000000 0.711645 -0.702540
vn 0.000000 0.711645 -0.702540
vn 0.000000 0.711645 -0.702540
vn 0.707256 0.706958 0.000000
vn 0.707256 0.706958 0.000000
vn 0.707256 0.706958 0.000000
vn 0.707256 0.706958 0.000000
vn 0.000000 0.000000 -1.000000
vn 0.000000 0.000000 -1.000000
vn 0.000000 0.000000 -1.000000
vn 0.000000 0.000000 -1.000000
vn 0.000000 1.000000 0.000000
vn 0.000000 1.000000 0.000000
vn 0.000000 1.000000 0.000000
vn 0.000000 1.000000 0.000000
vn 0.000000 -1.000000 0.000000
vn 0.000000 -1.000000 0.000000
vn 0.000000 -1.000000 0.000000
vn 0.000000 -1.000000 0.000000
vn 1.000000 0.000000 0.000000
vn 1.000000 0.000000 0.000000
vn 1.000000 0.000000 0.000000
vn 1.000000 0.000000 0.000000
vn -1.000000 0.000000 0.000000
vn -1.000000 0.000000 0.000000
vn -1.000000 0.000000 0.000000
vn -1.000000 0.000000 0.000000
vn -0.579872 -0.580063 -0.572080
vn -0.579872 -0.580063 -0.572080
vn -0.579872 -0.580062 -0.572080
vn 0.579872 -0.580063 -0.572080
vn 0.579872 -0.580063 -0.572080
vn 0.579872 -0.580062 -0.572080
vn -0.579746 0.579936 -0.572336
vn -0.579746 0.579936 -0.572336
vn -0.579746 0.579936 -0.572336
vn 0.579746 0.579936 -0.572336
vn 0.579746 0.579936 -0.572336
vn 0.579746 0.579936 -0.572336
vn -0.707256 -0.706958 0.000000
vn -0.707256 -0.706958 0.000000
vn -0.707256 -0.706958 0.000000
vn -0.707256 -0.706958 0.000000
vn 0.000000 -0.711645 -0.702540
vn 0.000000 -0.711645 -0.702540
vn 0.000000 -0.711645 -0.702540
vn 0.000000 -0.711645 -0.702540
vn -0.711813 0.000000 -0.702369
vn -0.711813 0.000000 -0.702369
vn -0.711813 0.000000 -0.702369
vn -0.711813 0.000000 -0.702369
vn 0.707256 -0.706958 0.000000
vn 0.707256 -0.706958 0.000000
vn 0.707256 -0.706958 0.000000
vn 0.707256 -0.706958 0.000000
vn 0.711813 0.000000 -0.702369
vn 0.711813 0.000000 -0.702369
vn 0.711813 0.000000 -0.702369
vn 0.711813 0.000000 -0.702369
vn -0.707256 0.706958 0.000000
vn -0.707256 0.706958 0.000000
vn -0.707256 0.706958 0.000000
vn -0.707256 0.706958 0.000000
vn 0.000000 0.711645 -0.702540
vn 0.000000 0.711645 -0.702540
vn 0.000000 0.711645 -0.702540
vn 0.000000 0.711645 -0.702540
vn 0.707256 0.706958 0.000000
vn 0.707256 0.706958 0.000000
vn 0.707256 0.706958 0.000000
vn 0.707256 0.706958 0.000000
vn 0.000000 0.000000 -1.000000
vn 0.000000 0.000000 -1.000000
vn 0.000000 0.000000 -1.000000
vn 0.000000 0.000000 -1.000000
vn 0.000000 1.000000 0.000000
vn 0.000000 1.000000 0.000000
vn 0.000000 1.000000 0.000000
vn 0.000000 1.000000 0.000000
vn 0.000000 -1.000000 0.000000
vn 0.000000 -1.000000 0.000000
vn 0.000000 -1.000000 0.000000
vn 0.000000 -1.000000 0.000000
vn 1.000000 0.000000 0.000000
vn 1.000000 0.000000 0.000000
vn 1.000000 0.000000 0.000000
vn 1.000000 0.000000 0.000000
vn -1.000000 0.000000 0.000000
vn -1.000000 0.000000 0.000000
vn -1.000000 0.000000 0.000000
vn -1.000000 0.000000 0.000000
vn -0.579874 -0.579684 -0.572462
vn -0.579874 -0.579684 -0.572462
vn -0.579874 -0.579684 -0.572462
vn 0.579746 -0.579936 -0.572336
vn 0.579746 -0.579936 -0.572336
vn 0.579746 -0.579936 -0.572336
vn -0.579874 0.579684 -0.572462
vn -0.579874 0.579684 -0.572462
vn -0.579874 0.579684 -0.572462
vn 0.579746 0.579936 -0.572336
vn 0.579746 0.579936 -0.572336
vn 0.579746 0.579936 -0.572336
vn -0.707256 -0.706958 0.000000
vn -0.707256 -0.706958 0.000000
vn -0.707256 -0.706958 0.000000
vn -0.707256 -0.706958 0.000000
vn 0.000000 -0.711645 -0.702540
vn 0.000000 -0.711645 -0.702540
vn 0.000000 -0.711645 -0.702540
vn 0.000000 -0.711645 -0.702540
vn -0.711813 0.000000 -0.702369
vn -0.711813 0.000000 -0.702369
vn -0.711813 0.000000 -0.702369
vn -0.711813 0.000000 -0.702369
vn 0.707256 -0.706958 0.000000
vn 0.707256 -0.706958 0.000000
vn 0.707256 -0.706958 0.000000
vn 0.707256 -0.706958 0.000000
vn 0.711813 0.000000 -0.702369
vn 0.711813 0.000000 -0.702369
vn 0.711813 0.000000 -0.702369
vn 0.711813 0.000000 -0.702369
vn -0.707256 0.706958 0.000000
vn -0.707256 0.706958 0.000000
vn -0.707256 0.706958 0.000000
vn -0.707256 0.706958 0.000000
vn 0.000000 0.711645 -0.702540
vn 0.000000 0.711645 -0.702540
vn 0.000000 0.711645 -0.702540
vn 0.000000 0.711645 -0.702540
vn 0.707256 0.706958 0.000000
vn 0.707256 0.706958 0.000000
vn 0.707256 0.706958 0.000000
vn 0.707256 0.706958 0.000000
vn 0.000000 0.000000 -1.000000
vn 0.000000 0.000000 -1.000000
vn 0.000000 0.000000 -1.000000
vn 0.000000 0.000000 -1.000000
vn 0.000000 1.000000 0.000000
vn 0.000000 1.000000 0.000000
vn 0.000000 1.000000 0.000000
vn 0.000000 1.000000 0.000000
vn 0.000000 -1.000000 0.000000
vn 0.000000 -1.000000 0.000000
vn 0.000000 -1.000000 0.000000
vn 0.000000 -1.000000 0.000000
vn 1.000000 0.000000 0.000000
vn 1.000000 0.000000 0.000000
vn 1.000000 0.000000 0.000000
vn 1.000000 0.000000 0.000000
vn -1.000000 0.000000 0.000000
vn -1.000000 0.000000 0.000000
vn -1.000000 0.000000 0.000000
vn -1.000000 0.000000 0.000000
vn -0.579746 -0.579936 -0.572336
vn -0.579746 -0.579936 -0.572336
vn -0.579746 -0.579936 -0.572336
vn 0.579874 -0.579684 -0.572462
vn 0.579874 -0.579684 -0.572462
vn 0.579874 -0.579684 -0.572462
vn -0.579746 0.579936 -0.572336
vn -0.579746 0.579936 -0.572336
vn -0.579746 0.579936 -0.572336
vn 0.579874 0.579684 -0.572462
vn 0.579874 0.579684 -0.572462
vn 0.579874 0.579684 -0.572462
vn -0.707256 -0.706958 0.000000
vn -0.707256 -0.706958 0.000000
vn -0.707256 -0.706958 0.000000
vn -0.707256 -0.706958 0.000000
vn 0.000000 -0.711648 -0.702536
vn 0.000000 -0.711648 -0.702536
vn 0.000000 -0.711648 -0.702536
vn 0.000000 -0.711648 -0.702536
vn -0.711813 0.000000 -0.702369
vn -0.711813 0.000000 -0.702369
vn -0.711813 0.000000 -0.702369
vn -0.711813 0.000000 -0.702369
vn 0.707256 -0.706958 0.000000
vn 0.707256 -0.706958 0.000000
vn 0.707256 -0.706958 0.000000
vn 0.707256 -0.706958 0.000000
vn 0.711881 0.000000 -0.702300
vn 0.711881 0.000000 -0.702300
vn 0.711881 0.000000 -0.702300
vn 0.711881 0.000000 -0.702300
vn -0.707256 0.706958 0.000000
vn -0.707256 0.706958 0.000000
vn -0.707256 0.706958 0.000000
vn -0.707256 0.706958 0.000000
vn 0.000000 0.711648 -0.702536
vn 0.000000 0.711648 -0.702536
vn 0.000000 0.711648 -0.702536
vn 0.000000 0.711648 -0.702536
vn 0.707256 0.706958 0.000000
vn 0.707256 0.706958 0.000000
vn 0.707256 0.706958 0.000000
vn 0.707256 0.706958 0.000000
vn 0.000000 0.000000 -1.000000
vn 0.000000 0.000000 -1.000000
vn 0.000000 0.000000 -1.000000
vn 0.000000 0.000000 -1.000000
vn 0.000000 1.000000 0.000000
vn 0.000000 1.000000 0.000000
vn 0.000000 1.000000 0.000000
vn 0.000000 1.000000 0.000000
vn 0.000000 -1.000000 0.000000
vn 0.000000 -1.000000 0.000000
vn 0.000000 -1.000000 0.000000
vn 0.000000 -1.000000 0.000000
vn 1.000000 0.000000 0.000000
vn 1.000000 0.000000 0.000000
vn 1.000000 0.000000 0.000000
vn 1.000000 0.000000 0.000000
vn -1.000000 0.000000 0.000000
vn -1.000000 0.000000 0.000000
vn -1.000000 0.000000 0.000000
vn -1.000000 0.000000 0.000000
vn -0.579746 -0.579936 -0.572336
vn -0.579746 -0.579936 -0.572336
vn -0.579746 -0.579936 -0.572336
vn 0.580000 -0.579810 -0.572206
vn 0.580000 -0.579810 -0.572206
vn 0.580000 -0.579810 -0.572206
vn -0.579746 0.579936 -0.572336
vn -0.579746 0.579936 -0.572336
vn -0.579746 0.579936 -0.572336
vn 0.580000 0.579810 -0.572206
vn 0.580000 0.579810 -0.572206
vn 0.580000 0.579810 -0.572206
vn -0.707256 -0.706958 0.000000
vn -0.707256 -0.706958 0.000000
vn -0.707256 -0.706958 0.000000
vn -0.707256 -0.706958 0.000000
vn 0.000000 -0.711648 -0.702536
vn 0.000000 -0.711648 -0.702536
vn 0.000000 -0.711648 -0.702536
vn 0.000000 -0.711648 -0.702536
vn -0.711813 0.000000 -0.702369
vn -0.711813 0.000000 -0.702369
vn -0.711813 0.000000 -0.702369
vn -0.711813 0.000000 -0.702369
vn 0.707355 -0.706859 0.000000
vn 0.707355 -0.706859 0.000000
vn 0.707355 -0.706859 0.000000
vn 0.707355 -0.706859 0.000000
vn 0.711885 0.000000 -0.702297
vn 0.711885 0.000000 -0.702297
vn 0.711885 0.000000 -0.702297
vn 0.711885 0.000000 -0.702297
vn -0.707256 0.706958 0.000000
vn -0.707256 0.706958 0.000000
vn -0.707256 0.706958 0.000000
vn -0.707256 0.706958 0.000000
vn 0.000000 0.711648 -0.702536
vn 0.000000 0.711648 -0.702536
vn 0.000000 0.711648 -0.702536
vn 0.000000 0.711648 -0.702536
vn 0.707355 0.706859 0.000000
vn 0.707355 0.706859 0.000000
vn 0.707355 0.706859 0.000000
vn 0.707355 0.706859 0.000000
vn 0.000000 0.000000 -1.000000
vn 0.000000 0.000000 -1.000000
vn 0.000000 0.000000 -1.000000
vn 0.000000 0.000000 -1.000000
vn 0.000000 1.000000 0.000000
vn 0.000000 1.000000 0.000000
vn 0.000000 1.000000 0.000000
vn 0.000000 1.000000 0.000000
vn 0.000000 -1.000000 0.000000
vn 0.000000 -1.000000 0.000000
vn 0.000000 -1.000000 0.000000
vn 0.000000 -1.000000 0.000000
vn 1.000000 0.000000 0.000000
vn 1.000000 0.000000 0.000000
vn 1.000000 0.000000 0.000000
vn 1.000000 0.000000 0.000000
vn -1.000000 0.000000 0.000000
vn -1.000000 0.000000 0.000000
vn -1.000000 0.000000 0.000000
vn -1.000000 0.000000 0.000000
vn -0.579874 -0.579684 -0.572462
vn -0.579874 -0.579684 -0.572462
vn -0.579874 -0.579684 -0.572462
vn 0.579746 -0.579936 -0.572336
vn 0.579746 -0.579936 -0.572336
vn 0.579746 -0.579936 -0.572336
vn -0.579874 0.579684 -0.572462
vn -0.579874 0.579684 -0.572462
vn -0.579874 0.579684 -0.572462
vn 0.579746 0.579936 -0.572336
vn 0.579746 0.579936 -0.572336
vn 0.579746 0.579936 -0.572336
vn -0.707256 -0.706958 0.000000
vn -0.707256 -0.706958 0.000000
vn -0.707256 -0.706958 0.000000
vn -0.707256 -0.706958 0.000000
vn 0.000000 -0.711649 -0.702535
vn 0.000000 -0.711649 -0.702535
vn 0.000000 -0.711649 -0.702535
vn 0.000000 -0.711649 -0.702535
vn -0.711813 0.000000 -0.702369
vn -0.711813 0.000000 -0.702369
vn -0.711813 0.000000 -0.702369
vn -0.711813 0.000000 -0.702369
vn 0.707305 -0.706908 0.000000
vn 0.707305 -0.706908 0.000000
vn 0.707305 -0.706908 0.000000
vn 0.707305 -0.706908 0.000000
vn 0.711885 0.000000 -0.702297
vn 0.711885 0.000000 -0.702297
vn 0.711885 0.000000 -0.702297
vn 0.711885 0.000000 -0.702297
vn -0.707256 0.706958 0.000000
vn -0.707256 0.706958 0.000000
vn -0.707256 0.706958 0.000000
vn -0.707256 0.706958 0.000000
vn 0.000000 0.711649 -0.702535
vn 0.000000 0.711649 -0.702535
vn 0.000000 0.711649 -0.702535
vn 0.000000 0.711649 -0.702535
vn 0.707305 0.706908 0.000000
vn 0.707305 0.706908 0.000000
vn 0.707305 0.706908 0.000000
vn 0.707305 0.706908 0.000000
vn 0.000000 0.000000 -1.000000
vn 0.000000 0.000000 -1.000000
vn 0.000000 0.000000 -1.000000
vn 0.000000 0.000000 -1.000000
vn 0.000000 1.000000 0.000000
vn 0.000000 1.000000 0.000000
vn 0.000000 1.000000 0.000000
vn 0.000000 1.000000 0.000000
vn 0.000000 -1.000000 0.000000
vn 0.000000 -1.000000 0.000000
vn 0.000000 -1.000000 0.000000
vn 0.000000 -1.000000 0.000000
vn 1.000000 0.000000 0.000000
vn 1.000000 0.000000 0.000000
vn 1.000000 0.000000 0.000000
vn 1.000000 0.000000 0.000000
vn -1.000000 0.000000 0.000000
vn -1.000000 0.000000 0.000000
vn -1.000000 0.000000 0.000000
vn -1.000000 0.000000 0.000000
vn -0.579874 -0.579684 -0.572462
vn -0.579874 -0.579684 -0.572462
vn -0.579874 -0.579684 -0.572462
vn 0.579874 -0.579684 -0.572462
vn 0.579874 -0.579684 -0.572462
vn 0.579874 -0.579684 -0.572462
vn -0.579874 0.579684 -0.572462
vn -0.579874 0.579684 -0.572462
vn -0.579874 0.579684 -0.572462
vn 0.579874 0.579684 -0.572462
vn 0.579874 0.579684 -0.572462
vn 0.579874 0.579684 -0.572462
vn -0.707256 -0.706958 0.000000
vn -0.707256 -0.706958 0.000000
vn -0.707256 -0.706958 0.000000
vn -0.707256 -0.706958 0.000000
vn 0.000000 -0.711646 -0.702538
vn 0.000000 -0.711646 -0.702538
vn 0.000000 -0.711646 -0.702538
vn 0.000000 -0.711646 -0.702538
vn -0.711813 0.000000 -0.702369
vn -0.711813 0.000000 -0.702369
vn -0.711813 0.000000 -0.702369
vn -0.711813 0.000000 -0.702369
vn 0.707256 -0.706958 0.000000
vn 0.707256 -0.706958 0.000000
vn 0.707256 -0.706958 0.000000
vn 0.707256 -0.706958 0.000000
vn 0.711813 0.000000 -0.702369
vn 0.711813 0.000000 -0.702369
vn 0.711813 0.000000 -0.702369
vn 0.711813 0.000000 -0.702369
vn -0.707256 0.706958 0.000000
vn -0.707256 0.706958 0.000000
vn -0.707256 0.706958 0.000000
vn -0.707256 0.706958 0.000000
vn 0.000000 0.711646 -0.702538
vn 0.000000 0.711646 -0.702538
vn 0.000000 0.711646 -0.702538
vn 0.000000 0.711646 -0.702538
vn 0.707256 0.706958 0.000000
vn 0.707256 0.706958 0.000000
vn 0.707256 0.706958 0.000000
vn 0.707256 0.706958 0.000000
vn 0.000000 0.000000 -1.000000
vn 0.000000 0.000000 -1.000000
vn 0.000000 0.000000 -1.000000
vn 0.000000 0.000000 -1.000000
vn 0.000000 1.000000 0.000000
vn 0.000000 1.000000 0.000000
vn 0.000000 1.000000 0.000000
vn 0.000000 1.000000 0.000000
vn 0.000000 -1.000000 0.000000
vn 0.000000 -1.000000 0.000000
vn 0.000000 -1.000000 0.000000
vn 0.000000 -1.000000 0.000000
vn 1.000000 0.000000 0.000000
vn 1.000000 0.000000 0.000000
vn 1.000000 0.000000 0.000000
vn 1.000000 0.000000 0.000000
vn -1.000000 0.000000 0.000000
vn -1.000000 0.000000 0.000000
vn -1.000000 0.000000 0.000000
vn -1.000000 0.000000 0.000000
vn -0.579810 -0.579810 -0.572399
vn -0.579810 -0.579810 -0.572399
vn -0.579810 -0.579810 -0.572399
vn 0.579842 -0.579747 -0.572430
vn 0.579842 -0.579747 -0.572430
vn 0.579842 -0.579747 -0.572430
vn -0.579810 0.579810 -0.572399
vn -0.579810 0.579810 -0.572399
vn -0.579810 0.579810 -0.572399
vn 0.579842 0.579747 -0.572430
vn 0.579842 0.579747 -0.572430
vn 0.579842 0.579747 -0.572430
vn -0.707256 -0.706958 0.000000
vn -0.707256 -0.706958 0.000000
vn -0.707256 -0.706958 0.000000
vn -0.707256 -0.706958 0.000000
vn 0.000000 -0.711646 -0.702538
vn 0.000000 -0.711646 -0.702538
vn 0.000000 -0.711646 -0.702538
vn 0.000000 -0.711646 -0.702538
vn -0.711813 0.000000 -0.702369
vn -0.711813 0.000000 -0.702369
vn -0.711813 0.000000 -0.702369
vn -0.711813 0.000000 -0.702369
vn 0.707256 -0.706958 0.000000
vn 0.707256 -0.706958 0.000000
vn 0.707256 -0.706958 0.000000
vn 0.707256 -0.706958 0.000000
vn 0.711813 0.000000 -0.702369
vn 0.711813 0.000000 -0.702369
vn 0.711813 0.000000 -0.702369
vn 0.711813 0.000000 -0.702369
vn -0.707256 0.706958 0.000000
vn -0.707256 0.706958 0.000000
vn -0.707256 0.706958 0.000000
vn -0.707256 0.706958 0.000000
vn 0.000000 0.711750 -0.702433
vn 0.000000 0.711750 -0.702433
vn 0.000000 0.711750 -0.702433
vn 0.000000 0.711750 -0.702433
vn 0.707256 0.706958 0.000000
vn 0.707256 0.706958 0.000000
vn 0.707256 0.706958 0.000000
vn 0.707256 0.706958 0.000000
vn 0.000000 0.000000 -1.000000
vn 0.000000 0.000000 -1.000000
vn 0.000000 0.000000 -1.000000
vn 0.000000 0.000000 -1.000000
vn 0.000000 1.000000 0.000000
vn 0.000000 1.000000 0.000000
vn 0.000000 1.000000 0.000000
vn 0.000000 1.000000 0.000000
vn 0.000000 -1.000000 0.000000
vn 0.000000 -1.000000 0.000000
vn 0.000000 -1.000000 0.000000
vn 0.000000 -1.000000 0.000000
vn 1.000000 0.000000 0.000000
vn 1.000000 0.000000 0.000000
vn 1.000000 0.000000 0.000000
vn 1.000000 0.000000 0.000000
vn -1.000000 0.000000 0.000000
vn -1.000000 0.000000 0.000000
vn -1.000000 0.000000 0.000000
vn -1.000000 0.000000 0.000000
vn -0.579842 -0.579747 -0.572430
vn -0.579842 -0.579747 -0.572430
vn -0.579842 -0.579747 -0.572430
vn 0.579810 -0.579810 -0.572399
vn 0.579810 -0.579810 -0.572399
vn 0.579810 -0.579810 -0.572399
vn -0.579842 0.579747 -0.572430
vn -0.579842 0.579747 -0.572430
vn -0.579842 0.579747 -0.572430
vn 0.579810 0.579810 -0.572399
vn 0.579810 0.579810 -0.572399
vn 0.579810 0.579810 -0.572399
vn -0.707280 -0.706934 0.000000
vn -0.707280 -0.706934 0.000000
vn -0.707280 -0.706934 0.000000
vn -0.707280 -0.706934 0.000000
vn 0.000000 -0.711647 -0.702537
vn 0.000000 -0.711647 -0.702537
vn 0.000000 -0.711647 -0.702537
vn 0.000000 -0.711647 -0.702537
vn -0.711826 0.000000 -0.702356
vn -0.711826 0.000000 -0.702356
vn -0.711826 0.000000 -0.702356
vn -0.711826 0.000000 -0.702356
vn 0.707279 -0.706935 0.000000
vn 0.707279 -0.706935 0.000000
vn 0.707279 -0.706935 0.000000
vn 0.707279 -0.706935 0.000000
vn 0.711826 0.000000 -0.702356
vn 0.711826 0.000000 -0.702356
vn 0.711826 0.000000 -0.702356
vn 0.711826 0.000000 -0.702356
vn -0.707280 0.706934 0.000000
vn -0.707280 0.706934 0.000000
vn -0.707280 0.706934 0.000000
vn -0.707280 0.706934 0.000000
vn 0.000000 0.711647 -0.702537
vn 0.000000 0.711647 -0.702537
vn 0.000000 0.711647 -0.702537
vn 0.000000 0.711647 -0.702537
vn 0.707279 0.706935 0.000000
vn 0.707279 0.706935 0.000000
vn 0.707279 0.706935 0.000000
vn 0.707279 0.706935 0.000000
vn 0.000000 0.000000 -1.000000
vn 0.000000 0.000000 -1.000000
vn 0.000000 0.000000 -1.000000
vn 0.000000 0.000000 -1.000000
vn 0.000000 1.000000 0.000000
vn 0.000000 1.000000 0.000000
vn 0.000000 1.000000 0.000000
vn 0.000000 1.000000 0.000000
vn 0.000000 -1.000000 0.000000
vn 0.000000 -1.000000 0.000000
vn 0.000000 -1.000000 0.000000
vn 0.000000 -1.000000 0.000000
vn 1.000000 0.000000 0.000000
vn 1.000000 0.000000 0.000000
vn 1.000000 0.000000 0.000000
vn 1.000000 0.000000 0.000000
vn -1.000000 0.000000 0.000000
vn -1.000000 0.000000 0.000000
vn -1.000000 0.000000 0.000000
vn -1.000000 0.000000 0.000000
vn -0.579963 -0.579883 -0.572170
vn -0.579963 -0.579883 -0.572170
vn -0.579963 -0.579883 -0.572170
vn 0.579962 -0.579885 -0.572169
vn 0.579962 -0.579885 -0.572169
vn 0.579962 -0.579885 -0.572169
vn -0.579837 0.579757 -0.572425
vn -0.579837 0.579757 -0.572425
vn -0.579837 0.579757 -0.572425
vn 0.579836 0.579759 -0.572424
vn 0.579836 0.579759 -0.572424
vn 0.579836 0.579759 -0.572424
vn -0.707281 -0.706933 0.000000
vn -0.707281 -0.706933 0.000000
vn -0.707281 -0.706933 0.000000
vn -0.707281 -0.706933 0.000000
vn 0.000000 -0.711647 -0.702537
vn 0.000000 -0.711647 -0.702537
vn 0.000000 -0.711647 -0.702537
vn 0.000000 -0.711647 -0.702537
vn -0.711829 0.000000 -0.702352
vn -0.711829 0.000000 -0.702352
vn -0.711829 0.000000 -0.702352
vn -0.711829 0.000000 -0.702352
vn 0.707281 -0.706933 0.000000
vn 0.707281 -0.706933 0.000000
vn 0.707281 -0.706933 0.000000
vn 0.707281 -0.706933 0.000000
vn 0.711826 0.000000 -0.702356
vn 0.711826 0.000000 -0.702356
vn 0.711826 0.000000 -0.702356
vn 0.711826 0.000000 -0.702356
vn -0.707281 0.706933 0.000000
vn -0.707281 0.706933 0.000000
vn -0.707281 0.706933 0.000000
vn -0.707281 0.706933 0.000000
vn 0.000000 0.711647 -0.702537
vn 0.000000 0.711647 -0.702537
vn 0.000000 0.711647 -0.702537
vn 0.000000 0.711647 -0.702537
vn 0.707281 0.706933 0.000000
vn 0.707281 0.706933 0.000000
vn 0.707281 0.706933 0.000000
vn 0.707281 0.706933 0.000000
vn 0.000000 0.000000 -1.000000
vn 0.000000 0.000000 -1.000000
vn 0.000000 0.000000 -1.000000
vn 0.000000 0.000000 -1.000000
vn 0.000000 1.000000 0.000000
vn 0.000000 1.000000 0.000000
vn 0.000000 1.000000 0.000000
vn 0.000000 1.000000 0.000000
vn 0.000000 -1.000000 0.000000
vn 0.000000 -1.000000 0.000000
vn 0.000000 -1.000000 0.000000
vn 0.000000 -1.000000 0.000000
vn 1.000000 0.000000 0.000000
vn 1.000000 0.000000 0.000000
vn 1.000000 0.000000 0.000000
vn 1.000000 0.000000 0.000000
vn -1.000000 0.000000 0.000000
vn -1.000000 0.000000 0.000000
vn -1.000000 0.000000 0.000000
vn -1.000000 0.000000 0.000000
vn -0.579842 -0.579747 -0.572430
vn -0.579842 -0.579747 -0.572430
vn -0.579842 -0.579747 -0.572430
vn 0.579834 -0.579763 -0.572422
vn 0.579834 -0.579763 -0.572422
vn 0.579834 -0.579763 -0.572422
vn -0.579842 0.579747 -0.572430
vn -0.579842 0.579747 -0.572430
vn -0.579842 0.579747 -0.572430
vn 0.579960 0.579889 -0.572167
vn 0.579960 0.579889 -0.572167
vn 0.579960 0.579889 -0.572167
vn -0.707256 -0.706958 0.000000
vn -0.707256 -0.706958 0.000000
vn -0.707256 -0.706958 0.000000
vn -0.707256 -0.706958 0.000000
vn 0.000000 -0.711647 -0.702537
vn 0.000000 -0.711647 -0.702537
vn 0.000000 -0.711647 -0.702537
vn 0.000000 -0.711647 -0.702537
vn -0.711813 0.000000 -0.702369
vn -0.711813 0.000000 -0.702369
vn -0.711813 0.000000 -0.702369
vn -0.711813 0.000000 -0.702369
vn 0.707281 -0.706933 0.000000
vn 0.707281 -0.706933 0.000000
vn 0.707281 -0.706933 0.000000
vn 0.707281 -0.706933 0.000000
vn 0.711813 0.000000 -0.702369
vn 0.711813 0.000000 -0.702369
vn 0.711813 0.000000 -0.702369
vn 0.711813 0.000000 -0.702369
vn -0.707256 0.706958 0.000000
vn -0.707256 0.706958 0.000000
vn -0.707256 0.706958 0.000000
vn -0.707256 0.706958 0.000000
vn 0.000000 0.711647 -0.702537
vn 0.000000 0.711647 -0.702537
vn 0.000000 0.711647 -0.702537
vn 0.000000 0.711647 -0.702537
vn 0.707281 0.706933 0.000000
vn 0.707281 0.706933 0.000000
vn 0.707281 0.706933 0.000000
vn 0.707281 0.706933 0.000000
vn 0.000000 0.000000 -1.000000
vn 0.000000 0.000000 -1.000000
vn 0.000000 0.000000 -1.000000
vn 0.000000 0.000000 -1.000000
vn 0.000000 1.000000 0.000000
vn 0.000000 1.000000 0.000000
vn 0.000000 1.000000 0.000000
vn 0.000000 1.000000 0.000000
vn 0.000000 -1.000000 0.000000
vn 0.000000 -1.000000 0.000000
vn 0.000000 -1.000000 0.000000
vn 0.000000 -1.000000 0.000000
vn 1.000000 0.000000 0.000000
vn 1.000000 0.000000 0.000000
vn 1.000000 0.000000 0.000000
vn 1.000000 0.000000 0.000000
vn -1.000000 0.000000 0.000000
vn -1.000000 0.000000 0.000000
vn -1.000000 0.000000 0.000000
vn -1.000000 0.000000 0.000000
vn -0.579842 -0.579747 -0.572430
vn -0.579842 -0.579747 -0.572430
vn -0.579842 -0.579747 -0.572430
vn 0.579842 -0.579747 -0.572430
vn 0.579842 -0.579747 -0.572430
vn 0.579842 -0.579747 -0.572430
vn -0.579842 0.579747 -0.572430
vn -0.579842 0.579747 -0.572430
vn -0.579842 0.579747 -0.572430
vn 0.579842 0.579747 -0.572430
vn 0.579842 0.579747 -0.572430
vn 0.579842 0.579747 -0.572430
vn -0.707256 -0.706958 0.000000
vn -0.707256 -0.706958 0.000000
vn -0.707256 -0.706958 0.000000
vn -0.707256 -0.706958 0.000000
vn 0.000000 -0.711648 -0.702536
vn 0.000000 -0.711648 -0.702536
vn 0.000000 -0.711648 -0.702536
vn 0.000000 -0.711648 -0.702536
vn -0.711813 0.000000 -0.702369
vn -0.711813 0.000000 -0.702369
vn -0.711813 0.000000 -0.702369
vn -0.711813 0.000000 -0.702369
vn 0.707355 -0.706859 0.000000
vn 0.707355 -0.706859 0.000000
vn 0.707355 -0.706859 0.000000
vn 0.707355 -0.706859 0.000000
vn 0.711885 0.000000 -0.702297
vn 0.711885 0.000000 -0.702297
vn 0.711885 0.000000 -0.702297
vn 0.711885 0.000000 -0.702297
vn -0.707256 0.706958 0.000000
vn -0.707256 0.706958 0.000000
vn -0.707256 0.706958 0.000000
vn -0.707256 0.706958 0.000000
vn 0.000000 0.711648 -0.702536
vn 0.000000 0.711648 -0.702536
vn 0.000000 0.711648 -0.702536
vn 0.000000 0.711648 -0.702536
vn 0.707355 0.706859 0.000000
vn 0.707355 0.706859 0.000000
vn 0.707355 0.706859 0.000000
vn 0.707355 0.706859 0.000000
vn 0.000000 0.000000 -1.000000
vn 0.000000 0.000000 -1.000000
vn 0.000000 0.000000 -1.000000
vn 0.000000 0.000000 -1.000000
vn 0.000000 1.000000 0.000000
vn 0.000000 1.000000 0.000000
vn 0.000000 1.000000 0.000000
vn 0.000000 1.000000 0.000000
vn 0.000000 -1.000000 0.000000
vn 0.000000 -1.000000 0.000000
vn 0.000000 -1.000000 0.000000
vn 0.000000 -1.000000 0.000000
vn 1.000000 0.000000 0.000000
vn 1.000000 0.000000 0.000000
vn 1.000000 0.000000 0.000000
vn 1.000000 0.000000 0.000000
vn -1.000000 0.000000 0.000000
vn -1.000000 0.000000 0.000000
vn -1.000000 0.000000 0.000000
vn -1.000000 0.000000 0.000000
vn -0.579810 -0.579810 -0.572399
vn -0.579810 -0.579810 -0.572399
vn -0.579810 -0.579810 -0.572399
vn 0.579938 -0.579558 -0.572525
vn 0.579938 -0.579558 -0.572525
vn 0.579938 -0.579558 -0.572525
vn -0.579810 0.579810 -0.572399
vn -0.579810 0.579810 -0.572399
vn -0.579810 0.579810 -0.572399
vn 0.579938 0.579558 -0.572525
vn 0.579938 0.579558 -0.572525
vn 0.579938 0.579558 -0.572525
vn -0.707281 -0.706933 0.000000
vn -0.707281 -0.706933 0.000000
vn -0.707281 -0.706933 0.000000
vn -0.707281 -0.706933 0.000000
vn 0.000000 -0.711647 -0.702537
vn 0.000000 -0.711647 -0.702537
vn 0.000000 -0.711647 -0.702537
vn 0.000000 -0.711647 -0.702537
vn -0.711813 0.000000 -0.702369
vn -0.711813 0.000000 -0.702369
vn -0.711813 0.000000 -0.702369
vn -0.711813 0.000000 -0.702369
vn 0.707256 -0.706958 0.000000
vn 0.707256 -0.706958 0.000000
vn 0.707256 -0.706958 0.000000
vn 0.707256 -0.706958 0.000000
vn 0.711813 0.000000 -0.702369
vn 0.711813 0.000000 -0.702369
vn 0.711813 0.000000 -0.702369
vn 0.711813 0.000000 -0.702369
vn -0.707281 0.706933 0.000000
vn -0.707281 0.706933 0.000000
vn -0.707281 0.706933 0.000000
vn -0.707281 0.706933 0.000000
vn 0.000000 0.711647 -0.702537
vn 0.000000 0.711647 -0.702537
vn 0.000000 0.711647 -0.702537
vn 0.000000 0.711647 -0.702537
vn 0.707256 0.706958 0.000000
vn 0.707256 0.706958 0.000000
vn 0.707256 0.706958 0.000000
vn 0.707256 0.706958 0.000000
vn 0.000000 0.000000 -1.000000
vn 0.000000 0.000000 -1.000000
vn 0.000000 0.000000 -1.000000
vn 0.000000 0.000000 -1.000000
vn 0.000000 1.000000 0.000000
vn 0.000000 1.000000 0.000000
vn 0.000000 1.000000 0.000000
vn 0.000000 1.000000 0.000000
vn 0.000000 -1.000000 0.000000
vn 0.000000 -1.000000 0.000000
vn 0.000000 -1.000000 0.000000
vn 0.000000 -1.000000 0.000000
vn 1.000000 0.000000 0.000000
vn 1.000000 0.000000 0.000000
vn 1.000000 0.000000 0.000000
vn 1.000000 0.000000 0.000000
vn -1.000000 0.000000 0.000000
vn -1.000000 0.000000 0.000000
vn -1.000000 0.000000 0.000000
vn -1.000000 0.000000 0.000000
vn -0.579842 -0.579747 -0.572430
vn -0.579842 -0.579747 -0.572430
vn -0.579842 -0.579747 -0.572430
vn 0.579842 -0.579747 -0.572430
vn 0.579842 -0.579747 -0.572430
vn 0.579842 -0.579747 -0.572430
vn -0.579842 0.579747 -0.572430
vn -0.579842 0.579747 -0.572430
vn -0.579842 0.579747 -0.572430
vn 0.579842 0.579747 -0.572430
vn 0.579842 0.579747 -0.572430
vn 0.579842 0.579747 -0.572430
vn -0.707264 -0.706950 0.000000
vn -0.707264 -0.706950 0.000000
vn -0.707264 -0.706950 0.000000
vn -0.707264 -0.706950 0.000000
vn 0.000000 -0.707100 0.707113
vn 0.000000 -0.707100 0.707113
vn 0.000000 -0.707100 0.707113
vn 0.000000 -0.707100 0.707113
vn -0.707231 0.000000 0.706983
vn -0.707231 0.000000 0.706983
vn -0.707231 0.000000 0.706983
vn -0.707231 0.000000 0.706983
vn 0.707264 -0.706950 0.000000
vn 0.707264 -0.706950 0.000000
vn 0.707264 -0.706950 0.000000
vn 0.707264 -0.706950 0.000000
vn 0.707231 0.000000 0.706983
vn 0.707231 0.000000 0.706983
vn 0.707231 0.000000 0.706983
vn 0.707231 0.000000 0.706983
vn -0.707264 0.706950 0.000000
vn -0.707264 0.706950 0.000000
vn -0.707264 0.706950 0.000000
vn -0.707264 0.706950 0.000000
vn 0.000000 0.707100 0.707113
vn 0.000000 0.707100 0.707113
vn 0.000000 0.707100 0.707113
vn 0.000000 0.707100 0.707113
vn 0.707264 0.706950 0.000000
vn 0.707264 0.706950 0.000000
vn 0.707264 0.706950 0.000000
vn 0.707264 0.706950 0.000000
vn 0.000000 0.000000 1.000000
vn 0.000000 0.000000 1.000000
vn 0.000000 0.000000 1.000000
vn 0.000000 0.000000 1.000000
vn 0.000000 1.000000 0.000000
vn 0.000000 1.000000 0.000000
vn 0.000000 1.000000 0.000000
vn 0.000000 1.000000 0.000000
vn 0.000000 -1.000000 0.000000
vn 0.000000 -1.000000 0.000000
vn 0.000000 -1.000000 0.000000
vn 0.000000 -1.000000 0.000000
vn 1.000000 0.000000 0.000000
vn 1.000000 0.000000 0.000000
vn 1.000000 0.000000 0.000000
vn 1.000000 0.000000 0.000000
vn -1.000000 0.000000 0.000000
vn -1.000000 0.000000 0.000000
vn -1.000000 0.000000 0.000000
vn -1.000000 0.000000 0.000000
vn -0.577734 -0.577159 0.577159
vn -0.577734 -0.577159 0.577159
vn -0.577734 -0.577158 0.577158
vn 0.577606 -0.577414 0.577031
vn 0.577606 -0.577414 0.577031
vn 0.577606 -0.577414 0.577031
vn -0.577606 0.577031 0.577414
vn -0.577606 0.577031 0.577414
vn -0.577606 0.577031 0.577414
vn 0.577478 0.577286 0.577286
vn 0.577478 0.577286 0.577286
vn 0.577478 0.577286 0.577286
vn -0.707264 -0.706950 0.000000
vn -0.707264 -0.706950 0.000000
vn -0.707264 -0.706950 0.000000
vn -0.707264 -0.706950 0.000000
vn 0.000000 -0.707100 0.707113
vn 0.000000 -0.707100 0.707113
vn 0.000000 -0.707100 0.707113
vn 0.000000 -0.707100 0.707113
vn -0.707231 0.000000 0.706983
vn -0.707231 0.000000 0.706983
vn -0.707231 0.000000 0.706983
vn -0.707231 0.000000 0.706983
vn 0.707264 -0.706950 0.000000
vn 0.707264 -0.706950 0.000000
vn 0.707264 -0.706950 0.000000
vn 0.707264 -0.706950 0.000000
vn 0.707231 0.000000 0.706983
vn 0.707231 0.000000 0.706983
vn 0.707231 0.000000 0.706983
vn 0.707231 0.000000 0.706983
vn -0.707264 0.706950 0.000000
vn -0.707264 0.706950 0.000000
vn -0.707264 0.706950 0.000000
vn -0.707264 0.706950 0.000000
vn 0.000000 0.707100 0.707113
vn 0.000000 0.707100 0.707113
vn 0.000000 0.707100 0.707113
vn 0.000000 0.707100 0.707113
vn 0.707264 0.706950 0.000000
vn 0.707264 0.706950 0.000000
vn 0.707264 0.706950 0.000000
vn 0.707264 0.706950 0.000000
vn 0.000000 0.000000 1.000000
vn 0.000000 0.000000 1.000000
vn 0.000000 0.000000 1.000000
vn 0.000000 0.000000 1.000000
vn 0.000000 1.000000 0.000000
vn 0.000000 1.000000 0.000000
vn 0.000000 1.000000 0.000000
vn 0.000000 1.000000 0.000000
vn 0.000000 -1.000000 0.000000
vn 0.000000 -1.000000 0.000000
vn 0.000000 -1.000000 0.000000
vn 0.000000 -1.000000 0.000000
vn 1.000000 0.000000 0.000000
vn 1.000000 0.000000 0.000000
vn 1.000000 0.000000 0.000000
vn 1.000000 0.000000 0.000000
vn -1.000000 0.000000 0.000000
vn -1.000000 0.000000 0.000000
vn -1.000000 0.000000 0.000000
vn -1.000000 0.000000 0.000000
vn -0.577606 -0.577414 0.577031
vn -0.577606 -0.577414 0.577031
vn -0.577606 -0.577414 0.577031
vn 0.577606 -0.577414 0.577031
vn 0.577606 -0.577414 0.577031
vn 0.577606 -0.577414 0.577031
vn -0.577606 0.577414 0.577031
vn -0.577606 0.577414 0.577031
vn -0.577606 0.577414 0.577031
vn 0.577606 0.577414 0.577031
vn 0.577606 0.577414 0.577031
vn 0.577606 0.577414 0.577031
vn -0.707264 -0.706950 0.000000
vn -0.707264 -0.706950 0.000000
vn -0.707264 -0.706950 0.000000
vn -0.707264 -0.706950 0.000000
vn 0.000000 -0.707100 0.707113
vn 0.000000 -0.707100 0.707113
vn 0.000000 -0.707100 0.707113
vn 0.000000 -0.707100 0.707113
vn -0.707234 0.000000 0.706979
vn -0.707234 0.000000 0.706979
vn -0.707234 0.000000 0.706979
vn -0.707234 0.000000 0.706979
vn 0.707264 -0.706950 0.000000
vn 0.707264 -0.706950 0.000000
vn 0.707264 -0.706950 0.000000
vn 0.707264 -0.706950 0.000000
vn 0.707234 0.000000 0.706979
vn 0.707234 0.000000 0.706979
vn 0.707234 0.000000 0.706979
vn 0.707234 0.000000 0.706979
vn -0.707264 0.706950 0.000000
vn -0.707264 0.706950 0.000000
vn -0.707264 0.706950 0.000000
vn -0.707264 0.706950 0.000000
vn 0.000000 0.707100 0.707113
vn 0.000000 0.707100 0.707113
vn 0.000000 0.707100 0.707113
vn 0.000000 0.707100 0.707113
vn 0.707264 0.706950 0.000000
vn 0.707264 0.706950 0.000000
vn 0.707264 0.706950 0.000000
vn 0.707264 0.706950 0.000000
vn 0.000000 0.000000 1.000000
vn 0.000000 0.000000 1.000000
vn 0.000000 0.000000 1.000000
vn 0.000000 0.000000 1.000000
vn 0.000000 1.000000 0.000000
vn 0.000000 1.000000 0.000000
vn 0.000000 1.000000 0.000000
vn 0.000000 1.000000 0.000000
vn 0.000000 -1.000000 0.000000
vn 0.000000 -1.000000 0.000000
vn 0.000000 -1.000000 0.000000
vn 0.000000 -1.000000 0.000000
vn 1.000000 0.000000 0.000000
vn 1.000000 0.000000 0.000000
vn 1.000000 0.000000 0.000000
vn 1.000000 0.000000 0.000000
vn -1.000000 0.000000 0.000000
vn -1.000000 0.000000 0.000000
vn -1.000000 0.000000 0.000000
vn -1.000000 0.000000 0.000000
vn -0.577606 -0.577031 0.577414
vn -0.577606 -0.577031 0.577414
vn -0.577606 -0.577031 0.577414
vn 0.577350 -0.577542 0.577159
vn 0.577350 -0.577542 0.577159
vn 0.577350 -0.577542 0.577159
vn -0.577606 0.577031 0.577414
vn -0.577606 0.577031 0.577414
vn -0.577606 0.577031 0.577414
vn 0.577350 0.577542 0.577159
vn 0.577350 0.577542 0.577159
vn 0.577350 0.577542 0.577159
vn -0.707163 -0.707050 0.000000
vn -0.707163 -0.707050 0.000000
vn -0.707163 -0.707050 0.000000
vn -0.707163 -0.707050 0.000000
vn 0.000000 -0.707103 0.707110
vn 0.000000 -0.707103 0.707110
vn 0.000000 -0.707103 0.707110
vn 0.000000 -0.707103 0.707110
vn -0.707231 0.000000 0.706983
vn -0.707231 0.000000 0.706983
vn -0.707231 0.000000 0.706983
vn -0.707231 0.000000 0.706983
vn 0.707365 -0.706849 0.000000
vn 0.707365 -0.706849 0.000000
vn 0.707365 -0.706849 0.000000
vn 0.707365 -0.706849 0.000000
vn 0.707306 0.000000 0.706908
vn 0.707306 0.000000 0.706908
vn 0.707306 0.000000 0.706908
vn 0.707306 0.000000 0.706908
vn -0.707163 0.707050 0.000000
vn -0.707163 0.707050 0.000000
vn -0.707163 0.707050 0.000000
vn -0.707163 0.707050 0.000000
vn 0.000000 0.707103 0.707110
vn 0.000000 0.707103 0.707110
vn 0.000000 0.707103 0.707110
vn 0.000000 0.707103 0.707110
vn 0.707365 0.706849 0.000000
vn 0.707365 0.706849 0.000000
vn 0.707365 0.706849 0.000000
vn 0.707365 0.706849 0.000000
vn 0.000000 0.000000 1.000000
vn 0.000000 0.000000 1.000000
vn 0.000000 0.000000 1.000000
vn 0.000000 0.000000 1.000000
vn 0.000000 1.000000 0.000000
vn 0.000000 1.000000 0.000000
vn 0.000000 1.000000 0.000000
vn 0.000000 1.000000 0.000000
vn 0.000000 -1.000000 0.000000
vn 0.000000 -1.000000 0.000000
vn 0.000000 -1.000000 0.000000
vn 0.000000 -1.000000 0.000000
vn 1.000000 0.000000 0.000000
vn 1.000000 0.000000 0.000000
vn 1.000000 0.000000 0.000000
vn 1.000000 0.000000 0.000000
vn -1.000000 0.000000 0.000000
vn -1.000000 0.000000 0.000000
vn -1.000000 0.000000 0.000000
vn -1.000000 0.000000 0.000000
vn -0.577734 -0.577159 0.577159
vn -0.577734 -0.577159 0.577159
vn -0.577734 -0.577158 0.577158
vn 0.577478 -0.577286 0.577286
vn 0.577478 -0.577286 0.577286
vn 0.577478 -0.577286 0.577286
vn -0.577606 0.577031 0.577414
vn -0.577606 0.577031 0.577414
vn -0.577606 0.577031 0.577414
vn 0.577478 0.577286 0.577286
vn 0.577478 0.577286 0.577286
vn 0.577478 0.577286 0.577286
vn -0.707264 -0.706950 0.000000
vn -0.707264 -0.706950 0.000000
vn -0.707264 -0.706950 0.000000
vn -0.707264 -0.706950 0.000000
vn 0.000000 -0.707103 0.707110
vn 0.000000 -0.707103 0.707110
vn 0.000000 -0.707103 0.707110
vn 0.000000 -0.707103 0.707110
vn -0.707231 0.000000 0.706983
vn -0.707231 0.000000 0.706983
vn -0.707231 0.000000 0.706983
vn -0.707231 0.000000 0.706983
vn 0.707365 -0.706849 0.000000
vn 0.707365 -0.706849 0.000000
vn 0.707365 -0.706849 0.000000
vn 0.707365 -0.706849 0.000000
vn 0.707306 0.000000 0.706908
vn 0.707306 0.000000 0.706908
vn 0.707306 0.000000 0.706908
vn 0.707306 0.000000 0.706908
vn -0.707264 0.706950 0.000000
vn -0.707264 0.706950 0.000000
vn -0.707264 0.706950 0.000000
vn -0.707264 0.706950 0.000000
vn 0.000000 0.707103 0.707110
vn 0.000000 0.707103 0.707110
vn 0.000000 0.707103 0.707110
vn 0.000000 0.707103 0.707110
vn 0.707365 0.706849 0.000000
vn 0.707365 0.706849 0.000000
vn 0.707365 0.706849 0.000000
vn 0.707365 0.706849 0.000000
vn 0.000000 0.000000 1.000000
vn 0.000000 0.000000 1.000000
vn 0.000000 0.000000 1.000000
vn 0.000000 0.000000 1.000000
vn 0.000000 1.000000 0.000000
vn 0.000000 1.000000 0.000000
vn 0.000000 1.000000 0.000000
vn 0.000000 1.000000 0.000000
vn 0.000000 -1.000000 0.000000
vn 0.000000 -1.000000 0.000000
vn 0.000000 -1.000000 0.000000
vn 0.000000 -1.000000 0.000000
vn 1.000000 0.000000 0.000000
vn 1.000000 0.000000 0.000000
vn 1.000000 0.000000 0.000000
vn 1.000000 0.000000 0.000000
vn -1.000000 0.000000 0.000000
vn -1.000000 0.000000 0.000000
vn -1.000000 0.000000 0.000000
vn -1.000000 0.000000 0.000000
vn -0.577734 -0.577159 0.577159
vn -0.577734 -0.577159 0.577159
vn -0.577734 -0.577158 0.577158
vn 0.577606 -0.577031 0.577414
vn 0.577606 -0.577031 0.577414
vn 0.577606 -0.577031 0.577414
vn -0.577606 0.577031 0.577414
vn -0.577606 0.577031 0.577414
vn -0.577606 0.577031 0.577414
vn 0.577606 0.577031 0.577414
vn 0.577606 0.577031 0.577414
vn 0.577606 0.577031 0.577414
vn -0.707264 -0.706950 0.000000
vn -0.707264 -0.706950 0.000000
vn -0.707264 -0.706950 0.000000
vn -0.707264 -0.706950 0.000000
vn 0.000000 -0.707205 0.707009
vn 0.000000 -0.707205 0.707009
vn 0.000000 -0.707205 0.707009
vn 0.000000 -0.707205 0.707009
vn -0.707234 0.000000 0.706979
vn -0.707234 0.000000 0.706979
vn -0.707234 0.000000 0.706979
vn -0.707234 0.000000 0.706979
vn 0.707214 -0.707000 0.000000
vn 0.707214 -0.707000 0.000000
vn 0.707214 -0.707000 0.000000
vn 0.707214 -0.707000 0.000000
vn 0.707234 0.000000 0.706979
vn 0.707234 0.000000 0.706979
vn 0.707234 0.000000 0.706979
vn 0.707234 0.000000 0.706979
vn -0.707264 0.706950 0.000000
vn -0.707264 0.706950 0.000000
vn -0.707264 0.706950 0.000000
vn -0.707264 0.706950 0.000000
vn 0.000000 0.707100 0.707113
vn 0.000000 0.707100 0.707113
vn 0.000000 0.707100 0.707113
vn 0.000000 0.707100 0.707113
vn 0.707214 0.707000 0.000000
vn 0.707214 0.707000 0.000000
vn 0.707214 0.707000 0.000000
vn 0.707214 0.707000 0.000000
vn 0.000000 0.000000 1.000000
vn 0.000000 0.000000 1.000000
vn 0.000000 0.000000 1.000000
vn 0.000000 0.000000 1.000000
vn 0.000000 1.000000 0.000000
vn 0.000000 1.000000 0.000000
vn 0.000000 1.000000 0.000000
vn 0.000000 1.000000 0.000000
vn 0.000000 -1.000000 0.000000
vn 0.000000 -1.000000 0.000000
vn 0.000000 -1.000000 0.000000
vn 0.000000 -1.000000 0.000000
vn 1.000000 0.000000 0.000000
vn 1.000000 0.000000 0.000000
vn 1.000000 0.000000 0.000000
vn 1.000000 0.000000 0.000000
vn -1.000000 0.000000 0.000000
vn -1.000000 0.000000 0.000000
vn -1.000000 0.000000 0.000000
vn -1.000000 0.000000 0.000000
vn -0.577478 -0.577286 0.577286
vn -0.577478 -0.577286 0.577286
vn -0.577478 -0.577286 0.577286
vn 0.577510 -0.577222 0.577318
vn 0.577510 -0.577222 0.577318
vn 0.577510 -0.577222 0.577318
vn -0.577478 0.577286 0.577286
vn -0.577478 0.577286 0.577286
vn -0.577478 0.577286 0.577286
vn 0.577510 0.577222 0.577318
vn 0.577510 0.577222 0.577318
vn 0.577510 0.577222 0.577318
vn -0.707264 -0.706950 0.000000
vn -0.707264 -0.706950 0.000000
vn -0.707264 -0.706950 0.000000
vn -0.707264 -0.706950 0.000000
vn 0.000000 -0.707102 0.707112
vn 0.000000 -0.707102 0.707112
vn 0.000000 -0.707102 0.707112
vn 0.000000 -0.707102 0.707112
vn -0.707231 0.000000 0.706983
vn -0.707231 0.000000 0.706983
vn -0.707231 0.000000 0.706983
vn -0.707231 0.000000 0.706983
vn 0.707314 -0.706899 0.000000
vn 0.707314 -0.706899 0.000000
vn 0.707314 -0.706899 0.000000
vn 0.707314 -0.706899 0.000000
vn 0.707306 0.000000 0.706908
vn 0.707306 0.000000 0.706908
vn 0.707306 0.000000 0.706908
vn 0.707306 0.000000 0.706908
vn -0.707264 0.706950 0.000000
vn -0.707264 0.706950 0.000000
vn -0.707264 0.706950 0.000000
vn -0.707264 0.706950 0.000000
vn 0.000000 0.707102 0.707112
vn 0.000000 0.707102 0.707112
vn 0.000000 0.707102 0.707112
vn 0.000000 0.707102 0.707112
vn 0.707314 0.706899 0.000000
vn 0.707314 0.706899 0.000000
vn 0.707314 0.706899 0.000000
vn 0.707314 0.706899 0.000000
vn 0.000000 0.000000 1.000000
vn 0.000000 0.000000 1.000000
vn 0.000000 0.000000 1.000000
vn 0.000000 0.000000 1.000000
vn 0.000000 1.000000 0.000000
vn 0.000000 1.000000 0.000000
vn 0.000000 1.000000 0.000000
vn 0.000000 1.000000 0.000000
vn 0.000000 -1.000000 0.000000
vn 0.000000 -1.000000 0.000000
vn 0.000000 -1.000000 0.000000
vn 0.000000 -1.000000 0.000000
vn 1.000000 0.000000 0.000000
vn 1.000000 0.000000 0.000000
vn 1.000000 0.000000 0.000000
vn 1.000000 0.000000 0.000000
vn -1.000000 0.000000 0.000000
vn -1.000000 0.000000 0.000000
vn -1.000000 0.000000 0.000000
vn -1.000000 0.000000 0.000000
vn -0.577478 -0.577286 0.577286
vn -0.577478 -0.577286 0.577286
vn -0.577478 -0.577286 0.577286
vn 0.577542 -0.577159 0.577350
vn 0.577542 -0.577159 0.577350
vn 0.577542 -0.577159 0.577350
vn -0.577606 0.577414 0.577031
vn -0.577606 0.577414 0.577031
vn -0.577606 0.577414 0.577031
vn 0.577542 0.577159 0.577350
vn 0.577542 0.577159 0.577350
vn 0.577542 0.577159 0.577350
vn -0.707264 -0.706950 0.000000
vn -0.707264 -0.706950 0.000000
vn -0.707264 -0.706950 0.000000
vn -0.707264 -0.706950 0.000000
vn 0.000000 -0.707103 0.707110
vn 0.000000 -0.707103 0.707110
vn 0.000000 -0.707103 0.707110
vn 0.000000 -0.707103 0.707110
vn -0.707234 0.000000 0.706979
vn -0.707234 0.000000 0.706979
vn -0.707234 0.000000 0.706979
vn -0.707234 0.000000 0.706979
vn 0.707314 -0.706899 0.000000
vn 0.707314 -0.706899 0.000000
vn 0.707314 -0.706899 0.000000
vn 0.707314 -0.706899 0.000000
vn 0.707303 0.000000 0.706911
vn 0.707303 0.000000 0.706911
vn 0.707303 0.000000 0.706911
vn 0.707303 0.000000 0.706911
vn -0.707264 0.706950 0.000000
vn -0.707264 0.706950 0.000000
vn -0.707264 0.706950 0.000000
vn -0.707264 0.706950 0.000000
vn 0.000000 0.707103 0.707110
vn 0.000000 0.707103 0.707110
vn 0.000000 0.707103 0.707110
vn 0.000000 0.707103 0.707110
vn 0.707314 0.706899 0.000000
vn 0.707314 0.706899 0.000000
vn 0.707314 0.706899 0.000000
vn 0.707314 0.706899 0.000000
vn 0.000000 0.000000 1.000000
vn 0.000000 0.000000 1.000000
vn 0.000000 0.000000 1.000000
vn 0.000000 0.000000 1.000000
vn 0.000000 1.000000 0.000000
vn 0.000000 1.000000 0.000000
vn 0.000000 1.000000 0.000000
vn 0.000000 1.000000 0.000000
vn 0.000000 -1.000000 0.000000
vn 0.000000 -1.000000 0.000000
vn 0.000000 -1.000000 0.000000
vn 0.000000 -1.000000 0.000000
vn 1.000000 0.000000 0.000000
vn 1.000000 0.000000 0.000000
vn 1.000000 0.000000 0.000000
vn 1.000000 0.000000 0.000000
vn -1.000000 0.000000 0.000000
vn -1.000000 0.000000 0.000000
vn -1.000000 0.000000 0.000000
vn -1.000000 0.000000 0.000000
vn -0.577542 -0.577159 0.577350
vn -0.577542 -0.577159 0.577350
vn -0.577542 -0.577159 0.577350
vn 0.577734 -0.577158 0.577158
vn 0.577734 -0.577158 0.577158
vn 0.577734 -0.577158 0.577158
vn -0.577542 0.577159 0.577350
vn -0.577542 0.577159 0.577350
vn -0.577542 0.577159 0.577350
vn 0.577734 0.577158 0.577158
vn 0.577734 0.577158 0.577158
vn 0.577734 0.577158 0.577158
vn -0.707264 -0.706950 0.000000
vn -0.707264 -0.706950 0.000000
vn -0.707264 -0.706950 0.000000
vn -0.707264 -0.706950 0.000000
vn 0.000000 -0.707100 0.707113
vn 0.000000 -0.707100 0.707113
vn 0.000000 -0.707100 0.707113
vn 0.000000 -0.707100 0.707113
vn -0.707234 0.000000 0.706979
vn -0.707234 0.000000 0.706979
vn -0.707234 0.000000 0.706979
vn -0.707234 0.000000 0.706979
vn 0.707264 -0.706950 0.000000
vn 0.707264 -0.706950 0.000000
vn 0.707264 -0.706950 0.000000
vn 0.707264 -0.706950 0.000000
vn 0.707234 0.000000 0.706979
vn 0.707234 0.000000 0.706979
vn 0.707234 0.000000 0.706979
vn 0.707234 0.000000 0.706979
vn -0.707264 0.706950 0.000000
vn -0.707264 0.706950 0.000000
vn -0.707264 0.706950 0.000000
vn -0.707264 0.706950 0.000000
vn 0.000000 0.707100 0.707113
vn 0.000000 0.707100 0.707113
vn 0.000000 0.707100 0.707113
vn 0.000000 0.707100 0.707113
vn 0.707264 0.706950 0.000000
vn 0.707264 0.706950 0.000000
vn 0.707264 0.706950 0.000000
vn 0.707264 0.706950 0.000000
vn 0.000000 0.000000 1.000000
vn 0.000000 0.000000 1.000000
vn 0.000000 0.000000 1.000000
vn 0.000000 0.000000 1.000000
vn 0.000000 1.000000 0.000000
vn 0.000000 1.000000 0.000000
vn 0.000000 1.000000 0.000000
vn 0.000000 1.000000 0.000000
vn 0.000000 -1.000000 0.000000
vn 0.000000 -1.000000 0.000000
vn 0.000000 -1.000000 0.000000
vn 0.000000 -1.000000 0.000000
vn 1.000000 0.000000 0.000000
vn 1.000000 0.000000 0.000000
vn 1.000000 0.000000 0.000000
vn 1.000000 0.000000 0.000000
vn -1.000000 0.000000 0.000000
vn -1.000000 0.000000 0.000000
vn -1.000000 0.000000 0.000000
vn -1.000000 0.000000 0.000000
vn -0.577478 -0.577286 0.577286
vn -0.577478 -0.577286 0.577286
vn -0.577478 -0.577286 0.577286
vn 0.577510 -0.577222 0.577318
vn 0.577510 -0.577222 0.577318
vn 0.577510 -0.577222 0.577318
vn -0.577478 0.577286 0.577286
vn -0.577478 0.577286 0.577286
vn -0.577478 0.577286 0.577286
vn 0.577510 0.577222 0.577318
vn 0.577510 0.577222 0.577318
vn 0.577510 0.577222 0.577318
vn -0.707266 -0.706948 0.000000
vn -0.707266 -0.706948 0.000000
vn -0.707266 -0.706948 0.000000
vn -0.707266 -0.706948 0.000000
vn 0.000000 -0.707101 0.707112
vn 0.000000 -0.707101 0.707112
vn 0.000000 -0.707101 0.707112
vn 0.000000 -0.707101 0.707112
vn -0.707251 0.000000 0.706963
vn -0.707251 0.000000 0.706963
vn -0.707251 0.000000 0.706963
vn -0.707251 0.000000 0.706963
vn 0.707264 -0.706950 0.000000
vn 0.707264 -0.706950 0.000000
vn 0.707264 -0.706950 0.000000
vn 0.707264 -0.706950 0.000000
vn 0.707251 0.000000 0.706963
vn 0.707251 0.000000 0.706963
vn 0.707251 0.000000 0.706963
vn 0.707251 0.000000 0.706963
vn -0.707266 0.706948 0.000000
vn -0.707266 0.706948 0.000000
vn -0.707266 0.706948 0.000000
vn -0.707266 0.706948 0.000000
vn 0.000000 0.707101 0.707112
vn 0.000000 0.707101 0.707112
vn 0.000000 0.707101 0.707112
vn 0.000000 0.707101 0.707112
vn 0.707264 0.706950 0.000000
vn 0.707264 0.706950 0.000000
vn 0.707264 0.706950 0.000000
vn 0.707264 0.706950 0.000000
vn 0.000000 0.000000 1.000000
vn 0.000000 0.000000 1.000000
vn 0.000000 0.000000 1.000000
vn 0.000000 0.000000 1.000000
vn 0.000000 1.000000 0.000000
vn 0.000000 1.000000 0.000000
vn 0.000000 1.000000 0.000000
vn 0.000000 1.000000 0.000000
vn 0.000000 -1.000000 0.000000
vn 0.000000 -1.000000 0.000000
vn 0.000000 -1.000000 0.000000
vn 0.000000 -1.000000 0.000000
vn 1.000000 0.000000 0.000000
vn 1.000000 0.000000 0.000000
vn 1.000000 0.000000 0.000000
vn 1.000000 0.000000 0.000000
vn -1.000000 0.000000 0.000000
vn -1.000000 0.000000 0.000000
vn -1.000000 0.000000 0.000000
vn -1.000000 0.000000 0.000000
vn -0.577512 -0.577219 0.577320
vn -0.577512 -0.577219 0.577320
vn -0.577512 -0.577218 0.577320
vn 0.577510 -0.577222 0.577318
vn 0.577510 -0.577222 0.577318
vn 0.577510 -0.577222 0.577318
vn -0.577512 0.577218 0.577320
vn -0.577512 0.577219 0.577320
vn -0.577512 0.577219 0.577320
vn 0.577510 0.577222 0.577318
vn 0.577510 0.577222 0.577318
vn 0.577510 0.577222 0.577318
vn -0.707267 -0.706946 0.000000
vn -0.707267 -0.706946 0.000000
vn -0.707267 -0.706946 0.000000
vn -0.707267 -0.706946 0.000000
vn 0.000000 -0.707101 0.707112
vn 0.000000 -0.707101 0.707112
vn 0.000000 -0.707101 0.707112
vn 0.000000 -0.707101 0.707112
vn -0.707251 0.000000 0.706963
vn -0.707251 0.000000 0.706963
vn -0.707251 0.000000 0.706963
vn -0.707251 0.000000 0.706963
vn 0.707267 -0.706946 0.000000
vn 0.707267 -0.706946 0.000000
vn 0.707267 -0.706946 0.000000
vn 0.707267 -0.706946 0.000000
vn 0.707251 0.000000 0.706963
vn 0.707251 0.000000 0.706963
vn 0.707251 0.000000 0.706963
vn 0.707251 0.000000 0.706963
vn -0.707267 0.706946 0.000000
vn -0.707267 0.706946 0.000000
vn -0.707267 0.706946 0.000000
vn -0.707267 0.706946 0.000000
vn 0.000000 0.707101 0.707112
vn 0.000000 0.707101 0.707112
vn 0.000000 0.707101 0.707112
vn 0.000000 0.707101 0.707112
vn 0.707267 0.706946 0.000000
vn 0.707267 0.706946 0.000000
vn 0.707267 0.706946 0.000000
vn 0.707267 0.706946 0.000000
vn 0.000000 0.000000 1.000000
vn 0.000000 0.000000 1.000000
vn 0.000000 0.000000 1.000000
vn 0.000000 0.000000 1.000000
vn 0.000000 1.000000 0.000000
vn 0.000000 1.000000 0.000000
vn 0.000000 1.000000 0.000000
vn 0.000000 1.000000 0.000000
vn 0.000000 -1.000000 0.000000
vn 0.000000 -1.000000 0.000000
vn 0.000000 -1.000000 0.000000
vn 0.000000 -1.000000 0.000000
vn 1.000000 0.000000 0.000000
vn 1.000000 0.000000 0.000000
vn 1.000000 0.000000 0.000000
vn 1.000000 0.000000 0.000000
vn -1.000000 0.000000 0.000000
vn -1.000000 0.000000 0.000000
vn -1.000000 0.000000 0.000000
vn -1.000000 0.000000 0.000000
vn -0.577514 -0.577214 0.577322
vn -0.577514 -0.577214 0.577322
vn -0.577514 -0.577215 0.577322
vn 0.577510 -0.577222 0.577318
vn 0.577510 -0.577222 0.577318
vn 0.577510 -0.577222 0.577318
vn -0.577514 0.577215 0.577322
vn -0.577514 0.577214 0.577322
vn -0.577514 0.577214 0.577322
vn 0.577510 0.577222 0.577318
vn 0.577510 0.577222 0.577318
vn 0.577510 0.577222 0.577318
vn -0.707264 -0.706950 0.000000
vn -0.707264 -0.706950 0.000000
vn -0.707264 -0.706950 0.000000
vn -0.707264 -0.706950 0.000000
vn 0.000000 -0.707100 0.707113
vn 0.000000 -0.707100 0.707113
vn 0.000000 -0.707100 0.707113
vn 0.000000 -0.707100 0.707113
vn -0.707231 0.000000 0.706983
vn -0.707231 0.000000 0.706983
vn -0.707231 0.000000 0.706983
vn -0.707231 0.000000 0.706983
vn 0.707239 -0.706975 0.000000
vn 0.707239 -0.706975 0.000000
vn 0.707239 -0.706975 0.000000
vn 0.707239 -0.706975 0.000000
vn 0.707231 0.000000 0.706983
vn 0.707231 0.000000 0.706983
vn 0.707231 0.000000 0.706983
vn 0.707231 0.000000 0.706983
vn -0.707264 0.706950 0.000000
vn -0.707264 0.706950 0.000000
vn -0.707264 0.706950 0.000000
vn -0.707264 0.706950 0.000000
vn 0.000000 0.707100 0.707113
vn 0.000000 0.707100 0.707113
vn 0.000000 0.707100 0.707113
vn 0.000000 0.707100 0.707113
vn 0.707239 0.706975 0.000000
vn 0.707239 0.706975 0.000000
vn 0.707239 0.706975 0.000000
vn 0.707239 0.706975 0.000000
vn 0.000000 0.000000 1.000000
vn 0.000000 0.000000 1.000000
vn 0.000000 0.000000 1.000000
vn 0.000000 0.000000 1.000000
vn 0.000000 1.000000 0.000000
vn 0.000000 1.000000 0.000000
vn 0.000000 1.000000 0.000000
vn 0.000000 1.000000 0.000000
vn 0.000000 -1.000000 0.000000
vn 0.000000 -1.000000 0.000000
vn 0.000000 -1.000000 0.000000
vn 0.000000 -1.000000 0.000000
vn 1.000000 0.000000 0.000000
vn 1.000000 0.000000 0.000000
vn 1.000000 0.000000 0.000000
vn 1.000000 0.000000 0.000000
vn -1.000000 0.000000 0.000000
vn -1.000000 0.000000 0.000000
vn -1.000000 0.000000 0.000000
vn -1.000000 0.000000 0.000000
vn -0.577638 -0.577350 0.577063
vn -0.577638 -0.577350 0.577063
vn -0.577638 -0.577350 0.577063
vn 0.577606 -0.577414 0.577031
vn 0.577606 -0.577414 0.577031
vn 0.577606 -0.577414 0.577031
vn -0.577510 0.577222 0.577318
vn -0.577510 0.577222 0.577318
vn -0.577510 0.577222 0.577318
vn 0.577478 0.577286 0.577286
vn 0.577478 0.577286 0.577286
vn 0.577478 0.577286 0.577286
vn -0.707239 -0.706975 0.000000
vn -0.707239 -0.706975 0.000000
vn -0.707239 -0.706975 0.000000
vn -0.707239 -0.706975 0.000000
vn 0.000000 -0.707100 0.707113
vn 0.000000 -0.707100 0.707113
vn 0.000000 -0.707100 0.707113
vn 0.000000 -0.707100 0.707113
vn -0.707234 0.000000 0.706979
vn -0.707234 0.000000 0.706979
vn -0.707234 0.000000 0.706979
vn -0.707234 0.000000 0.706979
vn 0.707264 -0.706950 0.000000
vn 0.707264 -0.706950 0.000000
vn 0.707264 -0.706950 0.000000
vn 0.707264 -0.706950 0.000000
vn 0.707234 0.000000 0.706979
vn 0.707234 0.000000 0.706979
vn 0.707234 0.000000 0.706979
vn 0.707234 0.000000 0.706979
vn -0.707239 0.706975 0.000000
vn -0.707239 0.706975 0.000000
vn -0.707239 0.706975 0.000000
vn -0.707239 0.706975 0.000000
vn 0.000000 0.707100 0.707113
vn 0.000000 0.707100 0.707113
vn 0.000000 0.707100 0.707113
vn 0.000000 0.707100 0.707113
vn 0.707264 0.706950 0.000000
vn 0.707264 0.706950 0.000000
vn 0.707264 0.706950 0.000000
vn 0.707264 0.706950 0.000000
vn 0.000000 0.000000 1.000000
vn 0.000000 0.000000 1.000000
vn 0.000000 0.000000 1.000000
vn 0.000000 0.000000 1.000000
vn 0.000000 1.000000 0.000000
vn 0.000000 1.000000 0.000000
vn 0.000000 1.000000 0.000000
vn 0.000000 1.000000 0.000000
vn 0.000000 -1.000000 0.000000
vn 0.000000 -1.000000 0.000000
vn 0.000000 -1.000000 0.000000
vn 0.000000 -1.000000 0.000000
vn 1.000000 0.000000 0.000000
vn 1.000000 0.000000 0.000000
vn 1.000000 0.000000 0.000000
vn 1.000000 0.000000 0.000000
vn -1.000000 0.000000 0.000000
vn -1.000000 0.000000 0.000000
vn -1.000000 0.000000 0.000000
vn -1.000000 0.000000 0.000000
vn -0.577510 -0.577222 0.577318
vn -0.577510 -0.577222 0.577318
vn -0.577510 -0.577222 0.577318
vn 0.577478 -0.577286 0.577286
vn 0.577478 -0.577286 0.577286
vn 0.577478 -0.577286 0.577286
vn -0.577510 0.577222 0.577318
vn -0.577510 0.577222 0.577318
vn -0.577510 0.577222 0.577318
vn 0.577478 0.577286 0.577286
vn 0.577478 0.577286 0.577286
vn 0.577478 0.577286 0.577286
vn 0.456192 0.403502 -0.793142
vn 0.335901 0.738967 -0.584037
vn 0.331889 0.746222 -0.577064
vn 0.454993 0.408911 -0.791058
vn 0.157554 0.948748 -0.273960
vn 0.150977 0.953041 -0.262523
vn -0.048603 0.995236 0.084517
vn -0.055798 0.993716 0.097027
vn -0.246834 0.868817 0.429221
vn -0.252286 0.862492 0.438701
vn -0.402303 0.590622 0.699513
vn -0.404811 0.583691 0.703870
vn -0.487550 0.209075 0.847692
vn -0.487863 0.206118 0.848237
vn -0.487534 -0.209073 0.847702
vn -0.487847 -0.206115 0.848246
vn -0.402327 -0.590651 0.699475
vn -0.404833 -0.583718 0.703835
vn -0.246847 -0.868856 0.429133
vn -0.252300 -0.862535 0.438609
vn -0.048604 -0.995236 0.084517
vn -0.055798 -0.993716 0.097028
vn 0.157555 -0.948759 -0.273922
vn 0.150978 -0.953051 -0.262488
vn 0.335902 -0.738964 -0.584040
vn 0.331891 -0.746221 -0.577064
vn 0.456164 -0.403480 -0.793170
vn 0.454965 -0.408888 -0.791086
vn 0.498569 0.000002 -0.866850
vn 0.498569 0.000002 -0.866850
vn -0.707264 -0.706950 0.000000
vn -0.707264 -0.706950 0.000000
vn -0.707264 -0.706950 0.000000
vn -0.707264 -0.706950 0.000000
vn 0.000000 -0.707102 0.707112
vn 0.000000 -0.707102 0.707112
vn 0.000000 -0.707102 0.707112
vn 0.000000 -0.707102 0.707112
vn -0.707234 0.000000 0.706979
vn -0.707234 0.000000 0.706979
vn -0.707234 0.000000 0.706979
vn -0.707234 0.000000 0.706979
vn 0.707314 -0.706899 0.000000
vn 0.707314 -0.706899 0.000000
vn 0.707314 -0.706899 0.000000
vn 0.707314 -0.706899 0.000000
vn 0.707303 0.000000 0.706911
vn 0.707303 0.000000 0.706911
vn 0.707303 0.000000 0.706911
vn 0.707303 0.000000 0.706911
vn -0.707264 0.706950 0.000000
vn -0.707264 0.706950 0.000000
vn -0.707264 0.706950 0.000000
vn -0.707264 0.706950 0.000000
vn 0.000000 0.707102 0.707112
vn 0.000000 0.707102 0.707112
vn 0.000000 0.707102 0.707112
vn 0.000000 0.707102 0.707112
vn 0.707314 0.706899 0.000000
vn 0.707314 0.706899 0.000000
vn 0.707314 0.706899 0.000000
vn 0.707314 0.706899 0.000000
vn 0.000000 0.000000 1.000000
vn 0.000000 0.000000 1.000000
vn 0.000000 0.000000 1.000000
vn 0.000000 0.000000 1.000000
vn 0.000000 1.000000 0.000000
vn 0.000000 1.000000 0.000000
vn 0.000000 1.000000 0.000000
vn 0.000000 1.000000 0.000000
vn 0.000000 -1.000000 0.000000
vn 0.000000 -1.000000 0.000000
vn 0.000000 -1.000000 0.000000
vn 0.000000 -1.000000 0.000000
vn 1.000000 0.000000 0.000000
vn 1.000000 0.000000 0.000000
vn 1.000000 0.000000 0.000000
vn 1.000000 0.000000 0.000000
vn -1.000000 0.000000 0.000000
vn -1.000000 0.000000 0.000000
vn -1.000000 0.000000 0.000000
vn -1.000000 0.000000 0.000000
vn -0.577478 -0.577286 0.577286
vn -0.577478 -0.577286 0.577286
vn -0.577478 -0.577286 0.577286
vn 0.577606 -0.577414 0.577031
vn 0.577606 -0.577414 0.577031
vn 0.577606 -0.577414 0.577031
vn -0.577478 0.577286 0.577286
vn -0.577478 0.577286 0.577286
vn -0.577478 0.577286 0.577286
vn 0.577606 0.577414 0.577031
vn 0.577606 0.577414 0.577031
vn 0.577606 0.577414 0.577031
vn -0.461950 0.405055 -0.789007
vn -0.339305 0.740927 -0.579568
vn -0.337035 0.744975 -0.575690
vn -0.461271 0.408076 -0.787847
vn -0.158046 0.949817 -0.269943
vn -0.154326 0.952210 -0.263588
vn 0.050812 0.994931 0.086778
vn 0.054881 0.994084 0.093726
vn 0.251154 0.867711 0.428951
vn 0.254240 0.864183 0.434223
vn 0.408093 0.589543 0.697065
vn 0.409515 0.585668 0.699493
vn 0.494117 0.208649 0.843987
vn 0.494294 0.206996 0.844290
vn 0.494118 -0.208636 0.843989
vn 0.494296 -0.206982 0.844293
vn 0.408080 -0.589536 0.697078
vn 0.409502 -0.585663 0.699505
vn 0.251149 -0.867665 0.429048
vn 0.254236 -0.864135 0.434320
vn 0.050812 -0.994928 0.086811
vn 0.054881 -0.994081 0.093764
vn -0.158039 -0.949801 -0.270002
vn -0.154320 -0.952195 -0.263649
vn -0.339306 -0.740927 -0.579568
vn -0.337035 -0.744974 -0.575692
vn -0.461924 -0.405035 -0.789033
vn -0.461245 -0.408056 -0.787872
vn -0.505224 0.000002 -0.862988
vn -0.505224 0.000002 -0.862988
vn -0.530207 0.380384 -0.757752
vn -0.403010 0.711222 -0.575974
vn -0.380474 0.748030 -0.543775
vn -0.523772 0.406611 -0.748553
vn -0.202698 0.935399 -0.289727
vn -0.164119 0.958140 -0.234590
vn 0.040940 0.997448 0.058501
vn 0.083584 0.989315 0.119456
vn 0.279286 0.873296 0.399191
vn 0.310651 0.840440 0.444023
vn 0.463000 0.589679 0.661748
vn 0.476744 0.555364 0.681385
vn 0.560811 0.207281 0.801577
vn 0.562466 0.193134 0.803947
vn 0.560811 -0.207282 0.801577
vn 0.562466 -0.193136 0.803947
vn 0.463001 -0.589675 0.661750
vn 0.476746 -0.555360 0.681387
vn 0.279280 -0.873281 0.399229
vn 0.310645 -0.840428 0.444050
vn 0.040939 -0.997446 0.058535
vn 0.083582 -0.989310 0.119502
vn -0.202698 -0.935399 -0.289728
vn -0.164120 -0.958140 -0.234591
vn -0.402988 -0.711186 -0.576035
vn -0.380458 -0.748002 -0.543824
vn -0.530160 -0.380352 -0.757802
vn -0.523723 -0.406575 -0.748606
vn -0.573277 0.000002 -0.819361
vn -0.573277 0.000002 -0.819361
vn 0.803131 0.409276 -0.432982
vn 0.585326 0.746869 -0.315563
vn 0.594261 0.737706 -0.320380
vn 0.805797 0.402457 -0.434419
vn 0.265250 0.953512 -0.143029
vn 0.279917 0.948085 -0.150935
vn -0.100271 0.993491 0.054051
vn -0.084221 0.995413 0.045395
vn -0.446986 0.861471 0.240982
vn -0.434839 0.869457 0.234435
vn -0.715520 0.582428 0.385758
vn -0.709944 0.591169 0.382751
vn -0.861430 0.205534 0.464428
vn -0.860735 0.209262 0.464053
vn -0.861436 -0.205537 0.464416
vn -0.860741 -0.209265 0.464041
vn -0.715525 -0.582430 0.385745
vn -0.709949 -0.591172 0.382739
vn -0.446985 -0.861471 0.240982
vn -0.434839 -0.869457 0.234435
vn -0.100272 -0.993490 0.054065
vn -0.084222 -0.995412 0.045411
vn 0.265251 -0.953514 -0.143013
vn 0.279917 -0.948087 -0.150921
vn 0.585323 -0.746866 -0.315577
vn 0.594258 -0.737703 -0.320393
vn 0.803126 -0.409273 -0.432994
vn 0.805792 -0.402454 -0.434431
vn 0.880226 0.000000 -0.474555
vn 0.880226 0.000000 -0.474555
vn 0.804894 0.410037 0.428969
vn 0.584492 0.749224 0.311501
vn 0.605198 0.727811 0.322532
vn 0.810994 0.394300 0.432223
vn 0.258791 0.956035 0.137932
vn 0.293239 0.943177 0.156292
vn -0.112350 0.991863 -0.059882
vn -0.074558 0.996425 -0.039739
vn -0.459807 0.853533 -0.245071
vn -0.431437 0.872345 -0.229950
vn -0.723643 0.572366 -0.385666
vn -0.710794 0.592678 -0.378820
vn -0.864500 0.200939 -0.460721
vn -0.862913 0.209515 -0.459875
vn -0.864493 -0.200943 -0.460732
vn -0.862907 -0.209516 -0.459887
vn -0.723638 -0.572372 -0.385665
vn -0.710792 -0.592683 -0.378817
vn -0.459836 -0.853519 -0.245062
vn -0.431474 -0.872327 -0.229946
vn -0.112396 -0.991857 -0.059896
vn -0.074603 -0.996421 -0.039755
vn 0.258773 -0.956043 0.137905
vn 0.293213 -0.943191 0.156258
vn 0.584493 -0.749231 0.311481
vn 0.605214 -0.727801 0.322524
vn 0.804912 -0.410013 0.428959
vn 0.811014 -0.394271 0.432212
vn 0.882489 -0.000030 0.470334
vn 0.882489 -0.000036 0.470334
vn 0.869554 0.399802 -0.289886
vn 0.643837 0.734448 -0.214615
vn 0.629562 0.748072 -0.209856
vn 0.865309 0.409911 -0.288469
vn 0.306336 0.946432 -0.102105
vn 0.282815 0.954531 -0.094264
vn -0.086836 0.995801 0.028969
vn -0.112589 0.992932 0.037554
vn -0.466529 0.870725 0.155527
vn -0.485978 0.858824 0.162008
vn -0.764481 0.592132 0.254851
vn -0.773378 0.579150 0.257819
vn -0.927603 0.209571 0.309245
vn -0.928710 0.204052 0.309614
vn -0.927603 -0.209571 0.309245
vn -0.928710 -0.204052 0.309614
vn -0.764477 -0.592130 0.254867
vn -0.773375 -0.579148 0.257834
vn -0.466527 -0.870723 0.155542
vn -0.485976 -0.858822 0.162025
vn -0.086836 -0.995802 0.028952
vn -0.112589 -0.992932 0.037539
vn 0.306335 -0.946430 -0.102121
vn 0.282815 -0.954530 -0.094281
vn 0.643832 -0.734443 -0.214647
vn 0.629557 -0.748068 -0.209886
vn 0.869551 -0.399799 -0.289900
vn 0.865305 -0.409908 -0.288485
vn 0.948669 -0.000000 -0.316271
vn 0.948669 -0.000000 -0.316271
vn 0.872103 0.402217 0.278673
vn 0.635372 0.745035 0.203042
vn 0.681479 0.698686 0.217771
vn 0.884934 0.370043 0.282773
vn 0.270260 0.958906 0.086367
vn 0.351283 0.929514 0.112264
vn -0.150732 0.987401 -0.048161
vn -0.060612 0.997974 -0.019366
vn -0.530516 0.830551 -0.169524
vn -0.465391 0.872523 -0.148710
vn -0.800128 0.542595 -0.255705
vn -0.772398 0.585211 -0.246840
vn -0.935674 0.187358 -0.299016
vn -0.932397 0.204573 -0.297970
vn -0.935673 -0.187367 -0.299016
vn -0.932396 -0.204579 -0.297970
vn -0.800114 -0.542612 -0.255715
vn -0.772386 -0.585221 -0.246854
vn -0.530540 -0.830529 -0.169553
vn -0.465436 -0.872494 -0.148740
vn -0.150790 -0.987391 -0.048180
vn -0.060656 -0.997971 -0.019381
vn 0.270241 -0.958911 0.086368
vn 0.351261 -0.929523 0.112266
vn 0.635376 -0.745032 0.203038
vn 0.681501 -0.698666 0.217765
vn 0.872111 -0.402181 0.278697
vn 0.884940 -0.370003 0.282806
vn 0.952539 -0.000016 0.304418
vn 0.952539 -0.000021 0.304418
vn 0.819856 0.408071 -0.401639
vn 0.599063 0.744978 -0.293481
vn 0.603072 0.740956 -0.295445
vn 0.821056 0.405068 -0.402227
vn 0.274320 0.952203 -0.134378
vn 0.280893 0.949824 -0.137599
vn -0.097516 0.994086 0.047791
vn -0.090333 0.994927 0.044272
vn -0.451883 0.864178 0.221353
vn -0.446439 0.867680 0.218688
vn -0.727903 0.585664 0.356589
vn -0.725394 0.589511 0.355359
vn -0.878576 0.206988 0.430419
vn -0.878262 0.208633 0.430265
vn -0.878587 -0.206992 0.430394
vn -0.878274 -0.208637 0.430240
vn -0.727899 -0.585660 0.356602
vn -0.725390 -0.589507 0.355374
vn -0.451881 -0.864175 0.221369
vn -0.446437 -0.867677 0.218701
vn -0.097516 -0.994088 0.047745
vn -0.090333 -0.994929 0.044227
vn 0.274319 -0.952201 -0.134393
vn 0.280892 -0.949822 -0.137613
vn 0.599066 -0.744981 -0.293467
vn 0.603075 -0.740959 -0.295431
vn 0.819866 -0.408076 -0.401614
vn 0.821066 -0.405073 -0.402201
vn 0.898038 0.000000 -0.439917
vn 0.898038 0.000000 -0.439917
vn 0.817502 0.409595 0.404873
vn 0.593411 0.749334 0.293876
vn 0.618248 0.723896 0.306175
vn 0.824767 0.391035 0.408473
vn 0.260847 0.956697 0.129187
vn 0.302427 0.941331 0.149778
vn -0.118251 0.991255 -0.058565
vn -0.072566 0.996716 -0.035937
vn -0.471403 0.850456 -0.233461
vn -0.437252 0.872878 -0.216550
vn -0.737323 0.568347 -0.365154
vn -0.721961 0.592396 -0.357546
vn -0.878191 0.199083 -0.434910
vn -0.876304 0.209181 -0.433976
vn -0.878189 -0.199094 -0.434909
vn -0.876302 -0.209189 -0.433975
vn -0.737312 -0.568374 -0.365134
vn -0.721954 -0.592417 -0.357526
vn -0.471455 -0.850430 -0.233449
vn -0.437305 -0.872855 -0.216537
vn -0.118301 -0.991249 -0.058578
vn -0.072609 -0.996712 -0.035956
vn 0.260844 -0.956701 0.129164
vn 0.302409 -0.941341 0.149751
vn 0.593401 -0.749351 0.293852
vn 0.618247 -0.723906 0.306154
vn 0.817526 -0.409585 0.404836
vn 0.824795 -0.391014 0.408437
vn 0.896125 -0.000013 0.443803
vn 0.896124 -0.000016 0.443803
vn 0.856912 0.402746 -0.321710
vn 0.631722 0.738027 -0.237159
vn 0.622722 0.746702 -0.233781
vn 0.854224 0.409210 -0.320700
vn 0.297254 0.948254 -0.111600
vn 0.282474 0.953395 -0.106051
vn -0.090006 0.995368 0.033781
vn -0.106170 0.993549 0.039849
vn -0.462734 0.869310 0.173717
vn -0.474974 0.861745 0.178313
vn -0.755161 0.591065 0.283503
vn -0.760786 0.582777 0.285614
vn -0.915475 0.209243 0.343690
vn -0.916177 0.205707 0.343954
vn -0.915470 -0.209241 0.343704
vn -0.916172 -0.205705 0.343968
vn -0.755157 -0.591063 0.283517
vn -0.760782 -0.582775 0.285629
vn -0.462746 -0.869299 0.173738
vn -0.474987 -0.861734 0.178333
vn -0.090005 -0.995368 0.033780
vn -0.106170 -0.993549 0.039850
vn 0.297245 -0.948257 -0.111595
vn 0.282466 -0.953397 -0.106049
vn 0.631721 -0.738027 -0.237160
vn 0.622722 -0.746702 -0.233780
vn 0.856912 -0.402746 -0.321709
vn 0.854224 -0.409210 -0.320700
vn 0.936196 0.000000 -0.351478
vn 0.936196 0.000000 -0.351478
vn 0.862888 0.404209 0.303380
vn 0.627739 0.746485 0.220689
vn 0.669788 0.704229 0.235467
vn 0.874718 0.374546 0.307546
vn 0.268563 0.958624 0.094410
vn 0.341606 0.932139 0.120096
vn -0.144152 0.988256 -0.050697
vn -0.063138 0.997757 -0.022216
vn -0.519137 0.834969 -0.182548
vn -0.460122 0.872990 -0.161794
vn -0.788983 0.548226 -0.277406
vn -0.763512 0.587351 -0.268456
vn -0.926224 0.189905 -0.325645
vn -0.923190 0.205838 -0.324578
vn -0.926233 -0.189856 -0.325648
vn -0.923196 -0.205806 -0.324580
vn -0.788958 -0.548274 -0.277382
vn -0.763492 -0.587388 -0.268431
vn -0.519164 -0.834958 -0.182523
vn -0.460169 -0.872968 -0.161776
vn -0.144207 -0.988248 -0.050695
vn -0.063187 -0.997754 -0.022219
vn 0.268553 -0.958628 0.094400
vn 0.341599 -0.932143 0.120084
vn 0.627754 -0.746470 0.220699
vn 0.669819 -0.704193 0.235490
vn 0.862896 -0.404194 0.303377
vn 0.874724 -0.374539 0.307536
vn 0.943384 -0.000050 0.331702
vn 0.943384 -0.000061 0.331702
vn 0.844044 0.405058 -0.351451
vn 0.619939 0.740974 -0.258134
vn 0.615834 0.744980 -0.256424
vn 0.842815 0.408049 -0.350940
vn 0.288743 0.949831 -0.120206
vn 0.282015 0.952199 -0.117405
vn -0.092875 0.994926 0.038677
vn -0.100233 0.994088 0.041741
vn -0.458925 0.867684 0.191082
vn -0.464500 0.864196 0.193404
vn -0.745702 0.589508 0.310498
vn -0.748269 0.585678 0.311567
vn -0.902854 0.208617 0.375945
vn -0.903175 0.206978 0.376079
vn -0.902853 -0.208618 0.375945
vn -0.903175 -0.206978 0.376079
vn -0.745703 -0.589507 0.310498
vn -0.748270 -0.585678 0.311567
vn -0.458925 -0.867684 0.191082
vn -0.464500 -0.864196 0.193404
vn -0.092875 -0.994928 0.038645
vn -0.100234 -0.994089 0.041710
vn 0.288742 -0.949827 -0.120237
vn 0.282014 -0.952196 -0.117437
vn 0.619938 -0.740975 -0.258134
vn 0.615834 -0.744980 -0.256424
vn 0.844044 -0.405057 -0.351451
vn 0.842815 -0.408049 -0.350940
vn 0.923174 0.000000 -0.384382
vn 0.923174 0.000000 -0.384382
vn 0.849688 0.406543 0.335787
vn 0.617266 0.747982 0.243937
vn 0.653905 0.711079 0.258410
vn 0.860146 0.380265 0.339923
vn 0.266234 0.958151 0.105194
vn 0.328982 0.935345 0.130002
vn -0.135666 0.989302 -0.053637
vn -0.066321 0.997453 -0.026239
vn -0.504071 0.840372 -0.199218
vn -0.453051 0.873318 -0.179054
vn -0.773499 0.555205 -0.305692
vn -0.751149 0.589618 -0.296861
vn -0.912515 0.193042 -0.360626
vn -0.909821 0.207222 -0.359561
vn -0.912519 -0.193021 -0.360627
vn -0.909825 -0.207202 -0.359563
vn -0.773508 -0.555198 -0.305681
vn -0.751157 -0.589615 -0.296846
vn -0.504106 -0.840353 -0.199211
vn -0.453115 -0.873284 -0.179062
vn -0.135732 -0.989292 -0.053646
vn -0.066371 -0.997450 -0.026237
vn 0.266217 -0.958155 0.105201
vn 0.328966 -0.935351 0.130002
vn 0.617254 -0.747992 0.243938
vn 0.653914 -0.711064 0.258426
vn 0.849697 -0.406516 0.335796
vn 0.860154 -0.380241 0.339929
vn 0.930006 -0.000029 0.367544
vn 0.930006 -0.000044 0.367544
vn 0.844229 0.405048 -0.351017
vn 0.620122 0.740927 -0.257830
vn 0.615946 0.745001 -0.256093
vn 0.842979 0.408091 -0.350497
vn 0.288878 0.949804 -0.120093
vn 0.282031 0.952214 -0.117246
vn -0.092838 0.994933 0.038592
vn -0.100317 0.994081 0.041701
vn -0.459000 0.867697 0.190843
vn -0.464672 0.864149 0.193203
vn -0.745855 0.589512 0.310124
vn -0.748468 0.585615 0.311209
vn -0.903050 0.208635 0.375464
vn -0.903376 0.206971 0.375600
vn -0.903044 -0.208634 0.375478
vn -0.903370 -0.206970 0.375613
vn -0.745855 -0.589511 0.310124
vn -0.748468 -0.585614 0.311210
vn -0.458999 -0.867694 0.190859
vn -0.464671 -0.864146 0.193217
vn -0.092838 -0.994933 0.038591
vn -0.100317 -0.994081 0.041702
vn 0.288876 -0.949800 -0.120123
vn 0.282030 -0.952211 -0.117278
vn 0.620125 -0.740929 -0.257815
vn 0.615949 -0.745003 -0.256079
vn 0.844234 -0.405051 -0.351003
vn 0.842983 -0.408095 -0.350483
vn 0.923367 0.000000 -0.383919
vn 0.923367 0.000000 -0.383919
vn 0.832240 0.408559 0.374775
vn 0.604107 0.749031 0.272042
vn 0.634106 0.718590 0.285549
vn 0.840931 0.386560 0.378690
vn 0.263287 0.957403 0.118576
vn 0.313958 0.938850 0.141394
vn -0.125738 0.990446 -0.056637
vn -0.069945 0.997053 -0.031504
vn -0.485729 0.846289 -0.218775
vn -0.444280 0.873253 -0.200109
vn -0.753593 0.562950 -0.339389
vn -0.735144 0.591564 -0.331083
vn -0.894008 0.196605 -0.402612
vn -0.891759 0.208531 -0.401599
vn -0.894007 -0.196607 -0.402612
vn -0.891758 -0.208534 -0.401599
vn -0.753584 -0.562973 -0.339369
vn -0.735138 -0.591583 -0.331062
vn -0.485735 -0.846295 -0.218740
vn -0.444305 -0.873247 -0.200081
vn -0.125786 -0.990440 -0.056634
vn -0.069985 -0.997051 -0.031504
vn 0.263271 -0.957407 0.118579
vn 0.313932 -0.938858 0.141394
vn 0.604086 -0.749048 0.272044
vn 0.634104 -0.718588 0.285558
vn 0.832244 -0.408531 0.374796
vn 0.840936 -0.386528 0.378713
vn 0.911800 -0.000033 0.410634
vn 0.911800 -0.000039 0.410634
vn 0.832613 0.406698 -0.375969
vn 0.609868 0.743120 -0.275378
vn 0.609756 0.743231 -0.275328
vn 0.832580 0.406779 -0.375955
vn 0.281703 0.951033 -0.127200
vn 0.281520 0.951098 -0.127118
vn -0.095200 0.994530 0.042985
vn -0.095396 0.994507 0.043073
vn -0.455654 0.866053 0.205749
vn -0.455806 0.865956 0.205817
vn -0.737309 0.587816 0.332938
vn -0.737379 0.587711 0.332969
vn -0.891473 0.207914 0.402550
vn -0.891482 0.207873 0.402554
vn -0.891479 -0.207917 0.402537
vn -0.891487 -0.207875 0.402541
vn -0.737314 -0.587818 0.332925
vn -0.737383 -0.587713 0.332956
vn -0.455652 -0.866050 0.205764
vn -0.455804 -0.865954 0.205832
vn -0.095200 -0.994530 0.042985
vn -0.095396 -0.994507 0.043073
vn 0.281703 -0.951033 -0.127200
vn 0.281521 -0.951098 -0.127118
vn 0.609868 -0.743120 -0.275378
vn 0.609756 -0.743231 -0.275328
vn 0.832613 -0.406697 -0.375970
vn 0.832580 -0.406779 -0.375955
vn 0.911388 -0.000000 -0.411549
vn 0.911388 -0.000000 -0.411549
vn 0.831385 0.408654 0.376564
vn 0.603431 0.749110 0.273322
vn 0.633130 0.718966 0.286765
vn 0.839993 0.386855 0.380467
vn 0.263144 0.957364 0.119202
vn 0.313248 0.939010 0.141902
vn -0.125307 0.990492 -0.056780
vn -0.070110 0.997033 -0.031775
vn -0.484926 0.846520 -0.219660
vn -0.443905 0.873220 -0.201083
vn -0.752722 0.563181 -0.340936
vn -0.734457 0.591531 -0.332663
vn -0.893126 0.196681 -0.404528
vn -0.890898 0.208501 -0.403519
vn -0.893125 -0.196684 -0.404528
vn -0.890899 -0.208497 -0.403519
vn -0.752698 -0.563211 -0.340939
vn -0.734424 -0.591570 -0.332665
vn -0.484907 -0.846537 -0.219636
vn -0.443901 -0.873229 -0.201054
vn -0.125329 -0.990491 -0.056747
vn -0.070149 -0.997031 -0.031761
vn 0.263116 -0.957376 0.119171
vn 0.313240 -0.939017 0.141875
vn 0.603480 -0.749065 0.273336
vn 0.633184 -0.718909 0.286789
vn 0.831395 -0.408629 0.376570
vn 0.840004 -0.386828 0.380470
vn 0.910909 -0.000002 0.412608
vn 0.910909 -0.000007 0.412608
vn -0.707231 -0.706983 0.000000
vn -0.707231 -0.706983 0.000000
vn -0.707231 -0.706983 0.000000
vn -0.707231 -0.706983 0.000000
vn 0.000000 -0.711748 -0.702434
vn 0.000000 -0.711748 -0.702434
vn 0.000000 -0.711748 -0.702434
vn 0.000000 -0.711748 -0.702434
vn -0.711784 0.000000 -0.702398
vn -0.711784 0.000000 -0.702398
vn -0.711784 0.000000 -0.702398
vn -0.711784 0.000000 -0.702398
vn 0.707231 -0.706983 0.000000
vn 0.707231 -0.706983 0.000000
vn 0.707231 -0.706983 0.000000
vn 0.707231 -0.706983 0.000000
vn 0.711784 0.000000 -0.702398
vn 0.711784 0.000000 -0.702398
vn 0.711784 0.000000 -0.702398
vn 0.711784 0.000000 -0.702398
vn -0.707231 0.706983 0.000000
vn -0.707231 0.706983 0.000000
vn -0.707231 0.706983 0.000000
vn -0.707231 0.706983 0.000000
vn 0.000000 0.711645 -0.702540
vn 0.000000 0.711645 -0.702540
vn 0.000000 0.711645 -0.702540
vn 0.000000 0.711645 -0.702540
vn 0.707231 0.706983 0.000000
vn 0.707231 0.706983 0.000000
vn 0.707231 0.706983 0.000000
vn 0.707231 0.706983 0.000000
vn 0.000000 0.000000 -1.000000
vn 0.000000 0.000000 -1.000000
vn 0.000000 0.000000 -1.000000
vn 0.000000 0.000000 -1.000000
vn 0.000000 1.000000 0.000000
vn 0.000000 1.000000 0.000000
vn 0.000000 1.000000 0.000000
vn 0.000000 1.000000 0.000000
vn 0.000000 -1.000000 0.000000
vn 0.000000 -1.000000 0.000000
vn 0.000000 -1.000000 0.000000
vn 0.000000 -1.000000 0.000000
vn 1.000000 0.000000 0.000000
vn 1.000000 0.000000 0.000000
vn 1.000000 0.000000 0.000000
vn 1.000000 0.000000 0.000000
vn -1.000000 0.000000 0.000000
vn -1.000000 0.000000 0.000000
vn -1.000000 0.000000 0.000000
vn -1.000000 0.000000 0.000000
vn -0.579999 -0.579999 -0.572017
vn -0.579999 -0.579999 -0.572017
vn -0.579999 -0.579999 -0.572017
vn 0.580126 -0.579746 -0.572143
vn 0.580126 -0.579746 -0.572143
vn 0.580126 -0.579746 -0.572143
vn -0.579872 0.579872 -0.572273
vn -0.579872 0.579872 -0.572273
vn -0.579872 0.579872 -0.572273
vn 0.580000 0.579620 -0.572399
vn 0.580000 0.579620 -0.572399
vn 0.580000 0.579620 -0.572399
vn -0.707243 -0.706970 0.000000
vn -0.707243 -0.706970 0.000000
vn -0.707243 -0.706970 0.000000
vn -0.707243 -0.706970 0.000000
vn 0.000000 -0.711645 -0.702540
vn 0.000000 -0.711645 -0.702540
vn 0.000000 -0.711645 -0.702540
vn 0.000000 -0.711645 -0.702540
vn -0.711784 0.000000 -0.702398
vn -0.711784 0.000000 -0.702398
vn -0.711784 0.000000 -0.702398
vn -0.711784 0.000000 -0.702398
vn 0.707243 -0.706970 0.000000
vn 0.707243 -0.706970 0.000000
vn 0.707243 -0.706970 0.000000
vn 0.707243 -0.706970 0.000000
vn 0.711784 0.000000 -0.702398
vn 0.711784 0.000000 -0.702398
vn 0.711784 0.000000 -0.702398
vn 0.711784 0.000000 -0.702398
vn -0.707243 0.706970 0.000000
vn -0.707243 0.706970 0.000000
vn -0.707243 0.706970 0.000000
vn -0.707243 0.706970 0.000000
vn 0.000000 0.711645 -0.702540
vn 0.000000 0.711645 -0.702540
vn 0.000000 0.711645 -0.702540
vn 0.000000 0.711645 -0.702540
vn 0.707243 0.706970 0.000000
vn 0.707243 0.706970 0.000000
vn 0.707243 0.706970 0.000000
vn 0.707243 0.706970 0.000000
vn 0.000000 0.000000 -1.000000
vn 0.000000 0.000000 -1.000000
vn 0.000000 0.000000 -1.000000
vn 0.000000 0.000000 -1.000000
vn 0.000000 1.000000 0.000000
vn 0.000000 1.000000 0.000000
vn 0.000000 1.000000 0.000000
vn 0.000000 1.000000 0.000000
vn 0.000000 -1.000000 0.000000
vn 0.000000 -1.000000 0.000000
vn 0.000000 -1.000000 0.000000
vn 0.000000 -1.000000 0.000000
vn 1.000000 0.000000 0.000000
vn 1.000000 0.000000 0.000000
vn 1.000000 0.000000 0.000000
vn 1.000000 0.000000 0.000000
vn -1.000000 0.000000 0.000000
vn -1.000000 0.000000 0.000000
vn -1.000000 0.000000 0.000000
vn -1.000000 0.000000 0.000000
vn -0.579999 -0.579999 -0.572017
vn -0.579999 -0.579999 -0.572017
vn -0.579999 -0.579999 -0.572017
vn 0.579999 -0.579999 -0.572017
vn 0.579999 -0.579999 -0.572017
vn 0.579999 -0.579999 -0.572017
vn -0.579872 0.579872 -0.572273
vn -0.579872 0.579872 -0.572273
vn -0.579872 0.579872 -0.572273
vn 0.579872 0.579872 -0.572273
vn 0.579872 0.579872 -0.572273
vn 0.579872 0.579872 -0.572273
vn -0.707243 -0.706970 0.000000
vn -0.707243 -0.706970 0.000000
vn -0.707243 -0.706970 0.000000
vn -0.707243 -0.706970 0.000000
vn 0.000000 -0.711645 -0.702540
vn 0.000000 -0.711645 -0.702540
vn 0.000000 -0.711645 -0.702540
vn 0.000000 -0.711645 -0.702540
vn -0.711788 0.000000 -0.702395
vn -0.711788 0.000000 -0.702395
vn -0.711788 0.000000 -0.702395
vn -0.711788 0.000000 -0.702395
vn 0.707243 -0.706970 0.000000
vn 0.707243 -0.706970 0.000000
vn 0.707243 -0.706970 0.000000
vn 0.707243 -0.706970 0.000000
vn 0.711788 0.000000 -0.702395
vn 0.711788 0.000000 -0.702395
vn 0.711788 0.000000 -0.702395
vn 0.711788 0.000000 -0.702395
vn -0.707243 0.706970 0.000000
vn -0.707243 0.706970 0.000000
vn -0.707243 0.706970 0.000000
vn -0.707243 0.706970 0.000000
vn 0.000000 0.711645 -0.702540
vn 0.000000 0.711645 -0.702540
vn 0.000000 0.711645 -0.702540
vn 0.000000 0.711645 -0.702540
vn 0.707243 0.706970 0.000000
vn 0.707243 0.706970 0.000000
vn 0.707243 0.706970 0.000000
vn 0.707243 0.706970 0.000000
vn 0.000000 0.000000 -1.000000
vn 0.000000 0.000000 -1.000000
vn 0.000000 0.000000 -1.000000
vn 0.000000 0.000000 -1.000000
vn 0.000000 1.000000 0.000000
vn 0.000000 1.000000 0.000000
vn 0.000000 1.000000 0.000000
vn 0.000000 1.000000 0.000000
vn 0.000000 -1.000000 0.000000
vn 0.000000 -1.000000 0.000000
vn 0.000000 -1.000000 0.000000
vn 0.000000 -1.000000 0.000000
vn 1.000000 0.000000 0.000000
vn 1.000000 0.000000 0.000000
vn 1.000000 0.000000 0.000000
vn 1.000000 0.000000 0.000000
vn -1.000000 0.000000 0.000000
vn -1.000000 0.000000 0.000000
vn -1.000000 0.000000 0.000000
vn -1.000000 0.000000 0.000000
vn -0.580000 -0.579620 -0.572399
vn -0.580000 -0.579620 -0.572399
vn -0.580000 -0.579620 -0.572399
vn 0.579872 -0.579872 -0.572273
vn 0.579872 -0.579872 -0.572273
vn 0.579872 -0.579872 -0.572273
vn -0.580000 0.579620 -0.572399
vn -0.580000 0.579620 -0.572399
vn -0.580000 0.579620 -0.572399
vn 0.579872 0.579872 -0.572273
vn 0.579872 0.579872 -0.572273
vn 0.579872 0.579872 -0.572273
vn -0.707243 -0.706970 0.000000
vn -0.707243 -0.706970 0.000000
vn -0.707243 -0.706970 0.000000
vn -0.707243 -0.706970 0.000000
vn 0.000000 -0.711645 -0.702540
vn 0.000000 -0.711645 -0.702540
vn 0.000000 -0.711645 -0.702540
vn 0.000000 -0.711645 -0.702540
vn -0.711788 0.000000 -0.702395
vn -0.711788 0.000000 -0.702395
vn -0.711788 0.000000 -0.702395
vn -0.711788 0.000000 -0.702395
vn 0.707243 -0.706970 0.000000
vn 0.707243 -0.706970 0.000000
vn 0.707243 -0.706970 0.000000
vn 0.707243 -0.706970 0.000000
vn 0.711788 0.000000 -0.702395
vn 0.711788 0.000000 -0.702395
vn 0.711788 0.000000 -0.702395
vn 0.711788 0.000000 -0.702395
vn -0.707243 0.706970 0.000000
vn -0.707243 0.706970 0.000000
vn -0.707243 0.706970 0.000000
vn -0.707243 0.706970 0.000000
vn 0.000000 0.711645 -0.702540
vn 0.000000 0.711645 -0.702540
vn 0.000000 0.711645 -0.702540
vn 0.000000 0.711645 -0.702540
vn 0.707243 0.706970 0.000000
vn 0.707243 0.706970 0.000000
vn 0.707243 0.706970 0.000000
vn 0.707243 0.706970 0.000000
vn 0.000000 0.000000 -1.000000
vn 0.000000 0.000000 -1.000000
vn 0.000000 0.000000 -1.000000
vn 0.000000 0.000000 -1.000000
vn 0.000000 1.000000 0.000000
vn 0.000000 1.000000 0.000000
vn 0.000000 1.000000 0.000000
vn 0.000000 1.000000 0.000000
vn 0.000000 -1.000000 0.000000
vn 0.000000 -1.000000 0.000000
vn 0.000000 -1.000000 0.000000
vn 0.000000 -1.000000 0.000000
vn 1.000000 0.000000 0.000000
vn 1.000000 0.000000 0.000000
vn 1.000000 0.000000 0.000000
vn 1.000000 0.000000 0.000000
vn -1.000000 0.000000 0.000000
vn -1.000000 0.000000 0.000000
vn -1.000000 0.000000 0.000000
vn -1.000000 0.000000 0.000000
vn -0.579872 -0.579872 -0.572273
vn -0.579872 -0.579872 -0.572273
vn -0.579872 -0.579872 -0.572273
vn 0.580000 -0.579620 -0.572399
vn 0.580000 -0.579620 -0.572399
vn 0.580000 -0.579620 -0.572399
vn -0.579872 0.579872 -0.572273
vn -0.579872 0.579872 -0.572273
vn -0.579872 0.579872 -0.572273
vn 0.580000 0.579620 -0.572399
vn 0.580000 0.579620 -0.572399
vn 0.580000 0.579620 -0.572399
vn -0.707243 -0.706970 0.000000
vn -0.707243 -0.706970 0.000000
vn -0.707243 -0.706970 0.000000
vn -0.707243 -0.706970 0.000000
vn 0.000000 -0.711648 -0.702536
vn 0.000000 -0.711648 -0.702536
vn 0.000000 -0.711648 -0.702536
vn 0.000000 -0.711648 -0.702536
vn -0.711788 0.000000 -0.702395
vn -0.711788 0.000000 -0.702395
vn -0.711788 0.000000 -0.702395
vn -0.711788 0.000000 -0.702395
vn 0.707243 -0.706970 0.000000
vn 0.707243 -0.706970 0.000000
vn 0.707243 -0.706970 0.000000
vn 0.707243 -0.706970 0.000000
vn 0.711856 0.000000 -0.702326
vn 0.711856 0.000000 -0.702326
vn 0.711856 0.000000 -0.702326
vn 0.711856 0.000000 -0.702326
vn -0.707243 0.706970 0.000000
vn -0.707243 0.706970 0.000000
vn -0.707243 0.706970 0.000000
vn -0.707243 0.706970 0.000000
vn 0.000000 0.711648 -0.702536
vn 0.000000 0.711648 -0.702536
vn 0.000000 0.711648 -0.702536
vn 0.000000 0.711648 -0.702536
vn 0.707243 0.706970 0.000000
vn 0.707243 0.706970 0.000000
vn 0.707243 0.706970 0.000000
vn 0.707243 0.706970 0.000000
vn 0.000000 0.000000 -1.000000
vn 0.000000 0.000000 -1.000000
vn 0.000000 0.000000 -1.000000
vn 0.000000 0.000000 -1.000000
vn 0.000000 1.000000 0.000000
vn 0.000000 1.000000 0.000000
vn 0.000000 1.000000 0.000000
vn 0.000000 1.000000 0.000000
vn 0.000000 -1.000000 0.000000
vn 0.000000 -1.000000 0.000000
vn 0.000000 -1.000000 0.000000
vn 0.000000 -1.000000 0.000000
vn 1.000000 0.000000 0.000000
vn 1.000000 0.000000 0.000000
vn 1.000000 0.000000 0.000000
vn 1.000000 0.000000 0.000000
vn -1.000000 0.000000 0.000000
vn -1.000000 0.000000 0.000000
vn -1.000000 0.000000 0.000000
vn -1.000000 0.000000 0.000000
vn -0.579872 -0.579872 -0.572273
vn -0.579872 -0.579872 -0.572273
vn -0.579872 -0.579872 -0.572273
vn 0.580126 -0.579746 -0.572143
vn 0.580126 -0.579746 -0.572143
vn 0.580126 -0.579746 -0.572143
vn -0.579872 0.579872 -0.572273
vn -0.579872 0.579872 -0.572273
vn -0.579872 0.579872 -0.572273
vn 0.580126 0.579746 -0.572143
vn 0.580126 0.579746 -0.572143
vn 0.580126 0.579746 -0.572143
vn -0.707243 -0.706970 0.000000
vn -0.707243 -0.706970 0.000000
vn -0.707243 -0.706970 0.000000
vn -0.707243 -0.706970 0.000000
vn 0.000000 -0.711648 -0.702536
vn 0.000000 -0.711648 -0.702536
vn 0.000000 -0.711648 -0.702536
vn 0.000000 -0.711648 -0.702536
vn -0.711788 0.000000 -0.702395
vn -0.711788 0.000000 -0.702395
vn -0.711788 0.000000 -0.702395
vn -0.711788 0.000000 -0.702395
vn 0.707343 -0.706871 0.000000
vn 0.707343 -0.706871 0.000000
vn 0.707343 -0.706871 0.000000
vn 0.707343 -0.706871 0.000000
vn 0.711859 0.000000 -0.702323
vn 0.711859 0.000000 -0.702323
vn 0.711859 0.000000 -0.702323
vn 0.711859 0.000000 -0.702323
vn -0.707243 0.706970 0.000000
vn -0.707243 0.706970 0.000000
vn -0.707243 0.706970 0.000000
vn -0.707243 0.706970 0.000000
vn 0.000000 0.711648 -0.702536
vn 0.000000 0.711648 -0.702536
vn 0.000000 0.711648 -0.702536
vn 0.000000 0.711648 -0.702536
vn 0.707343 0.706871 0.000000
vn 0.707343 0.706871 0.000000
vn 0.707343 0.706871 0.000000
vn 0.707343 0.706871 0.000000
vn 0.000000 0.000000 -1.000000
vn 0.000000 0.000000 -1.000000
vn 0.000000 0.000000 -1.000000
vn 0.000000 0.000000 -1.000000
vn 0.000000 1.000000 0.000000
vn 0.000000 1.000000 0.000000
vn 0.000000 1.000000 0.000000
vn 0.000000 1.000000 0.000000
vn 0.000000 -1.000000 0.000000
vn 0.000000 -1.000000 0.000000
vn 0.000000 -1.000000 0.000000
vn 0.000000 -1.000000 0.000000
vn 1.000000 0.000000 0.000000
vn 1.000000 0.000000 0.000000
vn 1.000000 0.000000 0.000000
vn 1.000000 0.000000 0.000000
vn -1.000000 0.000000 0.000000
vn -1.000000 0.000000 0.000000
vn -1.000000 0.000000 0.000000
vn -1.000000 0.000000 0.000000
vn -0.580000 -0.579620 -0.572399
vn -0.580000 -0.579620 -0.572399
vn -0.580000 -0.579620 -0.572399
vn 0.579872 -0.579872 -0.572273
vn 0.579872 -0.579872 -0.572273
vn 0.579872 -0.579872 -0.572273
vn -0.580000 0.579620 -0.572399
vn -0.580000 0.579620 -0.572399
vn -0.580000 0.579620 -0.572399
vn 0.579872 0.579872 -0.572273
vn 0.579872 0.579872 -0.572273
vn 0.579872 0.579872 -0.572273
vn -0.707243 -0.706970 0.000000
vn -0.707243 -0.706970 0.000000
vn -0.707243 -0.706970 0.000000
vn -0.707243 -0.706970 0.000000
vn 0.000000 -0.711649 -0.702535
vn 0.000000 -0.711649 -0.702535
vn 0.000000 -0.711649 -0.702535
vn 0.000000 -0.711649 -0.702535
vn -0.711788 0.000000 -0.702395
vn -0.711788 0.000000 -0.702395
vn -0.711788 0.000000 -0.702395
vn -0.711788 0.000000 -0.702395
vn 0.707293 -0.706921 0.000000
vn 0.707293 -0.706921 0.000000
vn 0.707293 -0.706921 0.000000
vn 0.707293 -0.706921 0.000000
vn 0.711859 0.000000 -0.702323
vn 0.711859 0.000000 -0.702323
vn 0.711859 0.000000 -0.702323
vn 0.711859 0.000000 -0.702323
vn -0.707243 0.706970 0.000000
vn -0.707243 0.706970 0.000000
vn -0.707243 0.706970 0.000000
vn -0.707243 0.706970 0.000000
vn 0.000000 0.711649 -0.702535
vn 0.000000 0.711649 -0.702535
vn 0.000000 0.711649 -0.702535
vn 0.000000 0.711649 -0.702535
vn 0.707293 0.706921 0.000000
vn 0.707293 0.706921 0.000000
vn 0.707293 0.706921 0.000000
vn 0.707293 0.706921 0.000000
vn 0.000000 0.000000 -1.000000
vn 0.000000 0.000000 -1.000000
vn 0.000000 0.000000 -1.000000
vn 0.000000 0.000000 -1.000000
vn 0.000000 1.000000 0.000000
vn 0.000000 1.000000 0.000000
vn 0.000000 1.000000 0.000000
vn 0.000000 1.000000 0.000000
vn 0.000000 -1.000000 0.000000
vn 0.000000 -1.000000 0.000000
vn 0.000000 -1.000000 0.000000
vn 0.000000 -1.000000 0.000000
vn 1.000000 0.000000 0.000000
vn 1.000000 0.000000 0.000000
vn 1.000000 0.000000 0.000000
vn 1.000000 0.000000 0.000000
vn -1.000000 0.000000 0.000000
vn -1.000000 0.000000 0.000000
vn -1.000000 0.000000 0.000000
vn -1.000000 0.000000 0.000000
vn -0.580000 -0.579620 -0.572399
vn -0.580000 -0.579620 -0.572399
vn -0.580000 -0.579620 -0.572399
vn 0.580000 -0.579620 -0.572399
vn 0.580000 -0.579620 -0.572399
vn 0.580000 -0.579620 -0.572399
vn -0.580000 0.579620 -0.572399
vn -0.580000 0.579620 -0.572399
vn -0.580000 0.579620 -0.572399
vn 0.580000 0.579620 -0.572399
vn 0.580000 0.579620 -0.572399
vn 0.580000 0.579620 -0.572399
vn -0.707243 -0.706970 0.000000
vn -0.707243 -0.706970 0.000000
vn -0.707243 -0.706970 0.000000
vn -0.707243 -0.706970 0.000000
vn 0.000000 -0.711646 -0.702538
vn 0.000000 -0.711646 -0.702538
vn 0.000000 -0.711646 -0.702538
vn 0.000000 -0.711646 -0.702538
vn -0.711788 0.000000 -0.702395
vn -0.711788 0.000000 -0.702395
vn -0.711788 0.000000 -0.702395
vn -0.711788 0.000000 -0.702395
vn 0.707243 -0.706970 0.000000
vn 0.707243 -0.706970 0.000000
vn 0.707243 -0.706970 0.000000
vn 0.707243 -0.706970 0.000000
vn 0.711788 0.000000 -0.702395
vn 0.711788 0.000000 -0.702395
vn 0.711788 0.000000 -0.702395
vn 0.711788 0.000000 -0.702395
vn -0.707243 0.706970 0.000000
vn -0.707243 0.706970 0.000000
vn -0.707243 0.706970 0.000000
vn -0.707243 0.706970 0.000000
vn 0.000000 0.711646 -0.702538
vn 0.000000 0.711646 -0.702538
vn 0.000000 0.711646 -0.702538
vn 0.000000 0.711646 -0.702538
vn 0.707243 0.706970 0.000000
vn 0.707243 0.706970 0.000000
vn 0.707243 0.706970 0.000000
vn 0.707243 0.706970 0.000000
vn 0.000000 0.000000 -1.000000
vn 0.000000 0.000000 -1.000000
vn 0.000000 0.000000 -1.000000
vn 0.000000 0.000000 -1.000000
vn 0.000000 1.000000 0.000000
vn 0.000000 1.000000 0.000000
vn 0.000000 1.000000 0.000000
vn 0.000000 1.000000 0.000000
vn 0.000000 -1.000000 0.000000
vn 0.000000 -1.000000 0.000000
vn 0.000000 -1.000000 0.000000
vn 0.000000 -1.000000 0.000000
vn 1.000000 0.000000 0.000000
vn 1.000000 0.000000 0.000000
vn 1.000000 0.000000 0.000000
vn 1.000000 0.000000 0.000000
vn -1.000000 0.000000 0.000000
vn -1.000000 0.000000 0.000000
vn -1.000000 0.000000 0.000000
vn -1.000000 0.000000 0.000000
vn -0.579936 -0.579746 -0.572336
vn -0.579936 -0.579746 -0.572336
vn -0.579936 -0.579746 -0.572336
vn 0.579968 -0.579683 -0.572367
vn 0.579968 -0.579683 -0.572367
vn 0.579968 -0.579683 -0.572367
vn -0.579936 0.579746 -0.572336
vn -0.579936 0.579746 -0.572336
vn -0.579936 0.579746 -0.572336
vn 0.579968 0.579683 -0.572367
vn 0.579968 0.579683 -0.572367
vn 0.579968 0.579683 -0.572367
vn -0.707243 -0.706970 0.000000
vn -0.707243 -0.706970 0.000000
vn -0.707243 -0.706970 0.000000
vn -0.707243 -0.706970 0.000000
vn 0.000000 -0.711646 -0.702538
vn 0.000000 -0.711646 -0.702538
vn 0.000000 -0.711646 -0.702538
vn 0.000000 -0.711646 -0.702538
vn -0.711788 0.000000 -0.702395
vn -0.711788 0.000000 -0.702395
vn -0.711788 0.000000 -0.702395
vn -0.711788 0.000000 -0.702395
vn 0.707243 -0.706970 0.000000
vn 0.707243 -0.706970 0.000000
vn 0.707243 -0.706970 0.000000
vn 0.707243 -0.706970 0.000000
vn 0.711788 0.000000 -0.702395
vn 0.711788 0.000000 -0.702395
vn 0.711788 0.000000 -0.702395
vn 0.711788 0.000000 -0.702395
vn -0.707243 0.706970 0.000000
vn -0.707243 0.706970 0.000000
vn -0.707243 0.706970 0.000000
vn -0.707243 0.706970 0.000000
vn 0.000000 0.711750 -0.702433
vn 0.000000 0.711750 -0.702433
vn 0.000000 0.711750 -0.702433
vn 0.000000 0.711750 -0.702433
vn 0.707243 0.706970 0.000000
vn 0.707243 0.706970 0.000000
vn 0.707243 0.706970 0.000000
vn 0.707243 0.706970 0.000000
vn 0.000000 0.000000 -1.000000
vn 0.000000 0.000000 -1.000000
vn 0.000000 0.000000 -1.000000
vn 0.000000 0.000000 -1.000000
vn 0.000000 1.000000 0.000000
vn 0.000000 1.000000 0.000000
vn 0.000000 1.000000 0.000000
vn 0.000000 1.000000 0.000000
vn 0.000000 -1.000000 0.000000
vn 0.000000 -1.000000 0.000000
vn 0.000000 -1.000000 0.000000
vn 0.000000 -1.000000 0.000000
vn 1.000000 0.000000 0.000000
vn 1.000000 0.000000 0.000000
vn 1.000000 0.000000 0.000000
vn 1.000000 0.000000 0.000000
vn -1.000000 0.000000 0.000000
vn -1.000000 0.000000 0.000000
vn -1.000000 0.000000 0.000000
vn -1.000000 0.000000 0.000000
vn -0.579968 -0.579683 -0.572367
vn -0.579968 -0.579683 -0.572367
vn -0.579968 -0.579683 -0.572367
vn 0.579936 -0.579746 -0.572336
vn 0.579936 -0.579746 -0.572336
vn 0.579936 -0.579746 -0.572336
vn -0.579968 0.579683 -0.572367
vn -0.579968 0.579683 -0.572367
vn -0.579968 0.579683 -0.572367
vn 0.579936 0.579746 -0.572336
vn 0.579936 0.579746 -0.572336
vn 0.579936 0.579746 -0.572336
vn -0.707267 -0.706946 0.000000
vn -0.707267 -0.706946 0.000000
vn -0.707267 -0.706946 0.000000
vn -0.707267 -0.706946 0.000000
vn 0.000000 -0.711647 -0.702537
vn 0.000000 -0.711647 -0.702537
vn 0.000000 -0.711647 -0.702537
vn 0.000000 -0.711647 -0.702537
vn -0.711801 0.000000 -0.702382
vn -0.711801 0.000000 -0.702382
vn -0.711801 0.000000 -0.702382
vn -0.711801 0.000000 -0.702382
vn 0.707267 -0.706947 0.000000
vn 0.707267 -0.706947 0.000000
vn 0.707267 -0.706947 0.000000
vn 0.707267 -0.706947 0.000000
vn 0.711801 0.000000 -0.702382
vn 0.711801 0.000000 -0.702382
vn 0.711801 0.000000 -0.702382
vn 0.711801 0.000000 -0.702382
vn -0.707267 0.706946 0.000000
vn -0.707267 0.706946 0.000000
vn -0.707267 0.706946 0.000000
vn -0.707267 0.706946 0.000000
vn 0.000000 0.711647 -0.702537
vn 0.000000 0.711647 -0.702537
vn 0.000000 0.711647 -0.702537
vn 0.000000 0.711647 -0.702537
vn 0.707267 0.706947 0.000000
vn 0.707267 0.706947 0.000000
vn 0.707267 0.706947 0.000000
vn 0.707267 0.706947 0.000000
vn 0.000000 0.000000 -1.000000
vn 0.000000 0.000000 -1.000000
vn 0.000000 0.000000 -1.000000
vn 0.000000 0.000000 -1.000000
vn 0.000000 1.000000 0.000000
vn 0.000000 1.000000 0.000000
vn 0.000000 1.000000 0.000000
vn 0.000000 1.000000 0.000000
vn 0.000000 -1.000000 0.000000
vn 0.000000 -1.000000 0.000000
vn 0.000000 -1.000000 0.000000
vn 0.000000 -1.000000 0.000000
vn 1.000000 0.000000 0.000000
vn 1.000000 0.000000 0.000000
vn 1.000000 0.000000 0.000000
vn 1.000000 0.000000 0.000000
vn -1.000000 0.000000 0.000000
vn -1.000000 0.000000 0.000000
vn -1.000000 0.000000 0.000000
vn -1.000000 0.000000 0.000000
vn -0.580090 -0.579819 -0.572107
vn -0.580090 -0.579819 -0.572107
vn -0.580090 -0.579819 -0.572107
vn 0.580088 -0.579821 -0.572106
vn 0.580088 -0.579821 -0.572106
vn 0.580088 -0.579821 -0.572106
vn -0.579963 0.579693 -0.572362
vn -0.579963 0.579693 -0.572362
vn -0.579963 0.579693 -0.572362
vn 0.579962 0.579695 -0.572361
vn 0.579962 0.579695 -0.572361
vn 0.579962 0.579695 -0.572361
vn -0.707268 -0.706945 0.000000
vn -0.707268 -0.706945 0.000000
vn -0.707268 -0.706945 0.000000
vn -0.707268 -0.706945 0.000000
vn 0.000000 -0.711647 -0.702537
vn 0.000000 -0.711647 -0.702537
vn 0.000000 -0.711647 -0.702537
vn 0.000000 -0.711647 -0.702537
vn -0.711804 0.000000 -0.702378
vn -0.711804 0.000000 -0.702378
vn -0.711804 0.000000 -0.702378
vn -0.711804 0.000000 -0.702378
vn 0.707268 -0.706945 0.000000
vn 0.707268 -0.706945 0.000000
vn 0.707268 -0.706945 0.000000
vn 0.707268 -0.706945 0.000000
vn 0.711801 0.000000 -0.702382
vn 0.711801 0.000000 -0.702382
vn 0.711801 0.000000 -0.702382
vn 0.711801 0.000000 -0.702382
vn -0.707268 0.706945 0.000000
vn -0.707268 0.706945 0.000000
vn -0.707268 0.706945 0.000000
vn -0.707268 0.706945 0.000000
vn 0.000000 0.711647 -0.702537
vn 0.000000 0.711647 -0.702537
vn 0.000000 0.711647 -0.702537
vn 0.000000 0.711647 -0.702537
vn 0.707268 0.706945 0.000000
vn 0.707268 0.706945 0.000000
vn 0.707268 0.706945 0.000000
vn 0.707268 0.706945 0.000000
vn 0.000000 0.000000 -1.000000
vn 0.000000 0.000000 -1.000000
vn 0.000000 0.000000 -1.000000
vn 0.000000 0.000000 -1.000000
vn 0.000000 1.000000 0.000000
vn 0.000000 1.000000 0.000000
vn 0.000000 1.000000 0.000000
vn 0.000000 1.000000 0.000000
vn 0.000000 -1.000000 0.000000
vn 0.000000 -1.000000 0.000000
vn 0.000000 -1.000000 0.000000
vn 0.000000 -1.000000 0.000000
vn 1.000000 0.000000 0.000000
vn 1.000000 0.000000 0.000000
vn 1.000000 0.000000 0.000000
vn 1.000000 0.000000 0.000000
vn -1.000000 0.000000 0.000000
vn -1.000000 0.000000 0.000000
vn -1.000000 0.000000 0.000000
vn -1.000000 0.000000 0.000000
vn -0.579968 -0.579683 -0.572367
vn -0.579968 -0.579683 -0.572367
vn -0.579968 -0.579683 -0.572367
vn 0.579960 -0.579699 -0.572359
vn 0.579960 -0.579699 -0.572359
vn 0.579960 -0.579699 -0.572359
vn -0.579968 0.579683 -0.572367
vn -0.579968 0.579683 -0.572367
vn -0.579968 0.579683 -0.572367
vn 0.580086 0.579825 -0.572104
vn 0.580087 0.579825 -0.572104
vn 0.580086 0.579825 -0.572104
vn -0.707243 -0.706970 0.000000
vn -0.707243 -0.706970 0.000000
vn -0.707243 -0.706970 0.000000
vn -0.707243 -0.706970 0.000000
vn 0.000000 -0.711647 -0.702537
vn 0.000000 -0.711647 -0.702537
vn 0.000000 -0.711647 -0.702537
vn 0.000000 -0.711647 -0.702537
vn -0.711788 0.000000 -0.702395
vn -0.711788 0.000000 -0.702395
vn -0.711788 0.000000 -0.702395
vn -0.711788 0.000000 -0.702395
vn 0.707268 -0.706945 0.000000
vn 0.707268 -0.706945 0.000000
vn 0.707268 -0.706945 0.000000
vn 0.707268 -0.706945 0.000000
vn 0.711788 0.000000 -0.702395
vn 0.711788 0.000000 -0.702395
vn 0.711788 0.000000 -0.702395
vn 0.711788 0.000000 -0.702395
vn -0.707243 0.706970 0.000000
vn -0.707243 0.706970 0.000000
vn -0.707243 0.706970 0.000000
vn -0.707243 0.706970 0.000000
vn 0.000000 0.711647 -0.702537
vn 0.000000 0.711647 -0.702537
vn 0.000000 0.711647 -0.702537
vn 0.000000 0.711647 -0.702537
vn 0.707268 0.706945 0.000000
vn 0.707268 0.706945 0.000000
vn 0.707268 0.706945 0.000000
vn 0.707268 0.706945 0.000000
vn 0.000000 0.000000 -1.000000
vn 0.000000 0.000000 -1.000000
vn 0.000000 0.000000 -1.000000
vn 0.000000 0.000000 -1.000000
vn 0.000000 1.000000 0.000000
vn 0.000000 1.000000 0.000000
vn 0.000000 1.000000 0.000000
vn 0.000000 1.000000 0.000000
vn 0.000000 -1.000000 0.000000
vn 0.000000 -1.000000 0.000000
vn 0.000000 -1.000000 0.000000
vn 0.000000 -1.000000 0.000000
vn 1.000000 0.000000 0.000000
vn 1.000000 0.000000 0.000000
vn 1.000000 0.000000 0.000000
vn 1.000000 0.000000 0.000000
vn -1.000000 0.000000 0.000000
vn -1.000000 0.000000 0.000000
vn -1.000000 0.000000 0.000000
vn -1.000000 0.000000 0.000000
vn -0.579968 -0.579683 -0.572367
vn -0.579968 -0.579683 -0.572367
vn -0.579968 -0.579683 -0.572367
vn 0.579968 -0.579683 -0.572367
vn 0.579968 -0.579683 -0.572367
vn 0.579968 -0.579683 -0.572367
vn -0.579968 0.579683 -0.572367
vn -0.579968 0.579683 -0.572367
vn -0.579968 0.579683 -0.572367
vn 0.579968 0.579683 -0.572367
vn 0.579968 0.579683 -0.572367
vn 0.579968 0.579683 -0.572367
vn -0.707243 -0.706970 0.000000
vn -0.707243 -0.706970 0.000000
vn -0.707243 -0.706970 0.000000
vn -0.707243 -0.706970 0.000000
vn 0.000000 -0.711648 -0.702536
vn 0.000000 -0.711648 -0.702536
vn 0.000000 -0.711648 -0.702536
vn 0.000000 -0.711648 -0.702536
vn -0.711788 0.000000 -0.702395
vn -0.711788 0.000000 -0.702395
vn -0.711788 0.000000 -0.702395
vn -0.711788 0.000000 -0.702395
vn 0.707343 -0.706871 0.000000
vn 0.707343 -0.706871 0.000000
vn 0.707343 -0.706871 0.000000
vn 0.707343 -0.706871 0.000000
vn 0.711859 0.000000 -0.702323
vn 0.711859 0.000000 -0.702323
vn 0.711859 0.000000 -0.702323
vn 0.711859 0.000000 -0.702323
vn -0.707243 0.706970 0.000000
vn -0.707243 0.706970 0.000000
vn -0.707243 0.706970 0.000000
vn -0.707243 0.706970 0.000000
vn 0.000000 0.711648 -0.702536
vn 0.000000 0.711648 -0.702536
vn 0.000000 0.711648 -0.702536
vn 0.000000 0.711648 -0.702536
vn 0.707343 0.706871 0.000000
vn 0.707343 0.706871 0.000000
vn 0.707343 0.706871 0.000000
vn 0.707343 0.706871 0.000000
vn 0.000000 0.000000 -1.000000
vn 0.000000 0.000000 -1.000000
vn 0.000000 0.000000 -1.000000
vn 0.000000 0.000000 -1.000000
vn 0.000000 1.000000 0.000000
vn 0.000000 1.000000 0.000000
vn 0.000000 1.000000 0.000000
vn 0.000000 1.000000 0.000000
vn 0.000000 -1.000000 0.000000
vn 0.000000 -1.000000 0.000000
vn 0.000000 -1.000000 0.000000
vn 0.000000 -1.000000 0.000000
vn 1.000000 0.000000 0.000000
vn 1.000000 0.000000 0.000000
vn 1.000000 0.000000 0.000000
vn 1.000000 0.000000 0.000000
vn -1.000000 0.000000 0.000000
vn -1.000000 0.000000 0.000000
vn -1.000000 0.000000 0.000000
vn -1.000000 0.000000 0.000000
vn -0.579936 -0.579746 -0.572336
vn -0.579936 -0.579746 -0.572336
vn -0.579936 -0.579746 -0.572336
vn 0.580064 -0.579494 -0.572462
vn 0.580064 -0.579494 -0.572462
vn 0.580064 -0.579494 -0.572462
vn -0.579936 0.579746 -0.572336
vn -0.579936 0.579746 -0.572336
vn -0.579936 0.579746 -0.572336
vn 0.580064 0.579494 -0.572462
vn 0.580064 0.579494 -0.572462
vn 0.580064 0.579494 -0.572462
vn -0.707268 -0.706945 0.000000
vn -0.707268 -0.706945 0.000000
vn -0.707268 -0.706945 0.000000
vn -0.707268 -0.706945 0.000000
vn 0.000000 -0.711647 -0.702537
vn 0.000000 -0.711647 -0.702537
vn 0.000000 -0.711647 -0.702537
vn 0.000000 -0.711647 -0.702537
vn -0.711788 0.000000 -0.702395
vn -0.711788 0.000000 -0.702395
vn -0.711788 0.000000 -0.702395
vn -0.711788 0.000000 -0.702395
vn 0.707243 -0.706970 0.000000
vn 0.707243 -0.706970 0.000000
vn 0.707243 -0.706970 0.000000
vn 0.707243 -0.706970 0.000000
vn 0.711788 0.000000 -0.702395
vn 0.711788 0.000000 -0.702395
vn 0.711788 0.000000 -0.702395
vn 0.711788 0.000000 -0.702395
vn -0.707268 0.706945 0.000000
vn -0.707268 0.706945 0.000000
vn -0.707268 0.706945 0.000000
vn -0.707268 0.706945 0.000000
vn 0.000000 0.711647 -0.702537
vn 0.000000 0.711647 -0.702537
vn 0.000000 0.711647 -0.702537
vn 0.000000 0.711647 -0.702537
vn 0.707243 0.706970 0.000000
vn 0.707243 0.706970 0.000000
vn 0.707243 0.706970 0.000000
vn 0.707243 0.706970 0.000000
vn 0.000000 0.000000 -1.000000
vn 0.000000 0.000000 -1.000000
vn 0.000000 0.000000 -1.000000
vn 0.000000 0.000000 -1.000000
vn 0.000000 1.000000 0.000000
vn 0.000000 1.000000 0.000000
vn 0.000000 1.000000 0.000000
vn 0.000000 1.000000 0.000000
vn 0.000000 -1.000000 0.000000
vn 0.000000 -1.000000 0.000000
vn 0.000000 -1.000000 0.000000
vn 0.000000 -1.000000 0.000000
vn 1.000000 0.000000 0.000000
vn 1.000000 0.000000 0.000000
vn 1.000000 0.000000 0.000000
vn 1.000000 0.000000 0.000000
vn -1.000000 0.000000 0.000000
vn -1.000000 0.000000 0.000000
vn -1.000000 0.000000 0.000000
vn -1.000000 0.000000 0.000000
vn -0.579968 -0.579683 -0.572367
vn -0.579968 -0.579683 -0.572367
vn -0.579968 -0.579683 -0.572367
vn 0.579968 -0.579683 -0.572367
vn 0.579968 -0.579683 -0.572367
vn 0.579968 -0.579683 -0.572367
vn -0.579968 0.579683 -0.572367
vn -0.579968 0.579683 -0.572367
vn -0.579968 0.579683 -0.572367
vn 0.579968 0.579683 -0.572367
vn 0.579968 0.579683 -0.572367
vn 0.579968 0.579683 -0.572367
vn -0.707258 -0.706956 0.000000
vn -0.707258 -0.706956 0.000000
vn -0.707258 -0.706956 0.000000
vn -0.707258 -0.706956 0.000000
vn 0.000000 -0.707100 0.707113
vn 0.000000 -0.707100 0.707113
vn 0.000000 -0.707100 0.707113
vn 0.000000 -0.707100 0.707113
vn -0.707257 0.000000 0.706957
vn -0.707257 0.000000 0.706957
vn -0.707257 0.000000 0.706957
vn -0.707257 0.000000 0.706957
vn 0.707258 -0.706956 0.000000
vn 0.707258 -0.706956 0.000000
vn 0.707258 -0.706956 0.000000
vn 0.707258 -0.706956 0.000000
vn 0.707257 0.000000 0.706957
vn 0.707257 0.000000 0.706957
vn 0.707257 0.000000 0.706957
vn 0.707257 0.000000 0.706957
vn -0.707258 0.706956 0.000000
vn -0.707258 0.706956 0.000000
vn -0.707258 0.706956 0.000000
vn -0.707258 0.706956 0.000000
vn 0.000000 0.707100 0.707113
vn 0.000000 0.707100 0.707113
vn 0.000000 0.707100 0.707113
vn 0.000000 0.707100 0.707113
vn 0.707258 0.706956 0.000000
vn 0.707258 0.706956 0.000000
vn 0.707258 0.706956 0.000000
vn 0.707258 0.706956 0.000000
vn 0.000000 0.000000 1.000000
vn 0.000000 0.000000 1.000000
vn 0.000000 0.000000 1.000000
vn 0.000000 0.000000 1.000000
vn 0.000000 1.000000 0.000000
vn 0.000000 1.000000 0.000000
vn 0.000000 1.000000 0.000000
vn 0.000000 1.000000 0.000000
vn 0.000000 -1.000000 0.000000
vn 0.000000 -1.000000 0.000000
vn 0.000000 -1.000000 0.000000
vn 0.000000 -1.000000 0.000000
vn 1.000000 0.000000 0.000000
vn 1.000000 0.000000 0.000000
vn 1.000000 0.000000 0.000000
vn 1.000000 0.000000 0.000000
vn -1.000000 0.000000 0.000000
vn -1.000000 0.000000 0.000000
vn -1.000000 0.000000 0.000000
vn -1.000000 0.000000 0.000000
vn -0.577478 -0.577478 0.577095
vn -0.577478 -0.577478 0.577095
vn -0.577478 -0.577478 0.577095
vn 0.577478 -0.577478 0.577095
vn 0.577478 -0.577478 0.577095
vn 0.577478 -0.577478 0.577095
vn -0.577350 0.577350 0.577350
vn -0.577350 0.577350 0.577350
vn -0.577350 0.577350 0.577350
vn 0.577350 0.577350 0.577350
vn 0.577350 0.577350 0.577350
vn 0.577350 0.577350 0.577350
vn -0.707157 -0.707056 0.000000
vn -0.707157 -0.707056 0.000000
vn -0.707157 -0.707056 0.000000
vn -0.707157 -0.707056 0.000000
vn 0.000000 -0.707100 0.707113
vn 0.000000 -0.707100 0.707113
vn 0.000000 -0.707100 0.707113
vn 0.000000 -0.707100 0.707113
vn -0.707257 0.000000 0.706957
vn -0.707257 0.000000 0.706957
vn -0.707257 0.000000 0.706957
vn -0.707257 0.000000 0.706957
vn 0.707258 -0.706956 0.000000
vn 0.707258 -0.706956 0.000000
vn 0.707258 -0.706956 0.000000
vn 0.707258 -0.706956 0.000000
vn 0.707257 0.000000 0.706957
vn 0.707257 0.000000 0.706957
vn 0.707257 0.000000 0.706957
vn 0.707257 0.000000 0.706957
vn -0.707157 0.707056 0.000000
vn -0.707157 0.707056 0.000000
vn -0.707157 0.707056 0.000000
vn -0.707157 0.707056 0.000000
vn 0.000000 0.707100 0.707113
vn 0.000000 0.707100 0.707113
vn 0.000000 0.707100 0.707113
vn 0.000000 0.707100 0.707113
vn 0.707258 0.706956 0.000000
vn 0.707258 0.706956 0.000000
vn 0.707258 0.706956 0.000000
vn 0.707258 0.706956 0.000000
vn 0.000000 0.000000 1.000000
vn 0.000000 0.000000 1.000000
vn 0.000000 0.000000 1.000000
vn 0.000000 0.000000 1.000000
vn 0.000000 1.000000 0.000000
vn 0.000000 1.000000 0.000000
vn 0.000000 1.000000 0.000000
vn 0.000000 1.000000 0.000000
vn 0.000000 -1.000000 0.000000
vn 0.000000 -1.000000 0.000000
vn 0.000000 -1.000000 0.000000
vn 0.000000 -1.000000 0.000000
vn 1.000000 0.000000 0.000000
vn 1.000000 0.000000 0.000000
vn 1.000000 0.000000 0.000000
vn 1.000000 0.000000 0.000000
vn -1.000000 0.000000 0.000000
vn -1.000000 0.000000 0.000000
vn -1.000000 0.000000 0.000000
vn -1.000000 0.000000 0.000000
vn -0.577350 -0.577734 0.576967
vn -0.577350 -0.577734 0.576967
vn -0.577350 -0.577734 0.576967
vn 0.577606 -0.577222 0.577222
vn 0.577606 -0.577222 0.577222
vn 0.577606 -0.577222 0.577222
vn -0.577350 0.577734 0.576967
vn -0.577350 0.577734 0.576967
vn -0.577350 0.577734 0.576967
vn 0.577606 0.577222 0.577222
vn 0.577606 0.577222 0.577222
vn 0.577606 0.577222 0.577222
vn -0.707258 -0.706956 0.000000
vn -0.707258 -0.706956 0.000000
vn -0.707258 -0.706956 0.000000
vn -0.707258 -0.706956 0.000000
vn 0.000000 -0.707100 0.707113
vn 0.000000 -0.707100 0.707113
vn 0.000000 -0.707100 0.707113
vn 0.000000 -0.707100 0.707113
vn -0.707156 0.000000 0.707058
vn -0.707156 0.000000 0.707058
vn -0.707156 0.000000 0.707058
vn -0.707156 0.000000 0.707058
vn 0.707258 -0.706956 0.000000
vn 0.707258 -0.706956 0.000000
vn 0.707258 -0.706956 0.000000
vn 0.707258 -0.706956 0.000000
vn 0.707156 0.000000 0.707058
vn 0.707156 0.000000 0.707058
vn 0.707156 0.000000 0.707058
vn 0.707156 0.000000 0.707058
vn -0.707258 0.706956 0.000000
vn -0.707258 0.706956 0.000000
vn -0.707258 0.706956 0.000000
vn -0.707258 0.706956 0.000000
vn 0.000000 0.707100 0.707113
vn 0.000000 0.707100 0.707113
vn 0.000000 0.707100 0.707113
vn 0.000000 0.707100 0.707113
vn 0.707258 0.706956 0.000000
vn 0.707258 0.706956 0.000000
vn 0.707258 0.706956 0.000000
vn 0.707258 0.706956 0.000000
vn 0.000000 0.000000 1.000000
vn 0.000000 0.000000 1.000000
vn 0.000000 0.000000 1.000000
vn 0.000000 0.000000 1.000000
vn 0.000000 1.000000 0.000000
vn 0.000000 1.000000 0.000000
vn 0.000000 1.000000 0.000000
vn 0.000000 1.000000 0.000000
vn 0.000000 -1.000000 0.000000
vn 0.000000 -1.000000 0.000000
vn 0.000000 -1.000000 0.000000
vn 0.000000 -1.000000 0.000000
vn 1.000000 0.000000 0.000000
vn 1.000000 0.000000 0.000000
vn 1.000000 0.000000 0.000000
vn 1.000000 0.000000 0.000000
vn -1.000000 0.000000 0.000000
vn -1.000000 0.000000 0.000000
vn -1.000000 0.000000 0.000000
vn -1.000000 0.000000 0.000000
vn -0.577478 -0.577095 0.577478
vn -0.577478 -0.577095 0.577478
vn -0.577478 -0.577095 0.577478
vn 0.577222 -0.577606 0.577222
vn 0.577223 -0.577606 0.577223
vn 0.577223 -0.577606 0.577223
vn -0.577478 0.577095 0.577478
vn -0.577478 0.577095 0.577478
vn -0.577478 0.577095 0.577478
vn 0.577223 0.577606 0.577223
vn 0.577223 0.577606 0.577223
vn 0.577222 0.577606 0.577222
vn -0.707258 -0.706956 0.000000
vn -0.707258 -0.706956 0.000000
vn -0.707258 -0.706956 0.000000
vn -0.707258 -0.706956 0.000000
vn 0.000000 -0.707103 0.707110
vn 0.000000 -0.707103 0.707110
vn 0.000000 -0.707103 0.707110
vn 0.000000 -0.707103 0.707110
vn -0.707257 0.000000 0.706957
vn -0.707257 0.000000 0.706957
vn -0.707257 0.000000 0.706957
vn -0.707257 0.000000 0.706957
vn 0.707258 -0.706956 0.000000
vn 0.707258 -0.706956 0.000000
vn 0.707258 -0.706956 0.000000
vn 0.707258 -0.706956 0.000000
vn 0.707332 0.000000 0.706881
vn 0.707332 0.000000 0.706881
vn 0.707332 0.000000 0.706881
vn 0.707332 0.000000 0.706881
vn -0.707258 0.706956 0.000000
vn -0.707258 0.706956 0.000000
vn -0.707258 0.706956 0.000000
vn -0.707258 0.706956 0.000000
vn 0.000000 0.707103 0.707110
vn 0.000000 0.707103 0.707110
vn 0.000000 0.707103 0.707110
vn 0.000000 0.707103 0.707110
vn 0.707258 0.706956 0.000000
vn 0.707258 0.706956 0.000000
vn 0.707258 0.706956 0.000000
vn 0.707258 0.706956 0.000000
vn 0.000000 0.000000 1.000000
vn 0.000000 0.000000 1.000000
vn 0.000000 0.000000 1.000000
vn 0.000000 0.000000 1.000000
vn 0.000000 1.000000 0.000000
vn 0.000000 1.000000 0.000000
vn 0.000000 1.000000 0.000000
vn 0.000000 1.000000 0.000000
vn 0.000000 -1.000000 0.000000
vn 0.000000 -1.000000 0.000000
vn 0.000000 -1.000000 0.000000
vn 0.000000 -1.000000 0.000000
vn 1.000000 0.000000 0.000000
vn 1.000000 0.000000 0.000000
vn 1.000000 0.000000 0.000000
vn 1.000000 0.000000 0.000000
vn -1.000000 0.000000 0.000000
vn -1.000000 0.000000 0.000000
vn -1.000000 0.000000 0.000000
vn -1.000000 0.000000 0.000000
vn -0.577734 -0.577350 0.576967
vn -0.577734 -0.577350 0.576967
vn -0.577734 -0.577350 0.576967
vn 0.577734 -0.576967 0.577350
vn 0.577734 -0.576967 0.577350
vn 0.577734 -0.576967 0.577350
vn -0.577606 0.577222 0.577222
vn -0.577606 0.577223 0.577223
vn -0.577606 0.577223 0.577223
vn 0.577734 0.576967 0.577350
vn 0.577734 0.576967 0.577350
vn 0.577734 0.576967 0.577350
vn -0.707258 -0.706956 0.000000
vn -0.707258 -0.706956 0.000000
vn -0.707258 -0.706956 0.000000
vn -0.707258 -0.706956 0.000000
vn 0.000000 -0.707103 0.707110
vn 0.000000 -0.707103 0.707110
vn 0.000000 -0.707103 0.707110
vn 0.000000 -0.707103 0.707110
vn -0.707257 0.000000 0.706957
vn -0.707257 0.000000 0.706957
vn -0.707257 0.000000 0.706957
vn -0.707257 0.000000 0.706957
vn 0.707358 -0.706855 0.000000
vn 0.707358 -0.706855 0.000000
vn 0.707358 -0.706855 0.000000
vn 0.707358 -0.706855 0.000000
vn 0.707332 0.000000 0.706881
vn 0.707332 0.000000 0.706881
vn 0.707332 0.000000 0.706881
vn 0.707332 0.000000 0.706881
vn -0.707258 0.706956 0.000000
vn -0.707258 0.706956 0.000000
vn -0.707258 0.706956 0.000000
vn -0.707258 0.706956 0.000000
vn 0.000000 0.707103 0.707110
vn 0.000000 0.707103 0.707110
vn 0.000000 0.707103 0.707110
vn 0.000000 0.707103 0.707110
vn 0.707358 0.706855 0.000000
vn 0.707358 0.706855 0.000000
vn 0.707358 0.706855 0.000000
vn 0.707358 0.706855 0.000000
vn 0.000000 0.000000 1.000000
vn 0.000000 0.000000 1.000000
vn 0.000000 0.000000 1.000000
vn 0.000000 0.000000 1.000000
vn 0.000000 1.000000 0.000000
vn 0.000000 1.000000 0.000000
vn 0.000000 1.000000 0.000000
vn 0.000000 1.000000 0.000000
vn 0.000000 -1.000000 0.000000
vn 0.000000 -1.000000 0.000000
vn 0.000000 -1.000000 0.000000
vn 0.000000 -1.000000 0.000000
vn 1.000000 0.000000 0.000000
vn 1.000000 0.000000 0.000000
vn 1.000000 0.000000 0.000000
vn 1.000000 0.000000 0.000000
vn -1.000000 0.000000 0.000000
vn -1.000000 0.000000 0.000000
vn -1.000000 0.000000 0.000000
vn -1.000000 0.000000 0.000000
vn -0.577478 -0.577478 0.577095
vn -0.577478 -0.577478 0.577095
vn -0.577478 -0.577478 0.577095
vn 0.577350 -0.577350 0.577350
vn 0.577350 -0.577350 0.577350
vn 0.577350 -0.577350 0.577350
vn -0.577350 0.577350 0.577350
vn -0.577350 0.577350 0.577350
vn -0.577350 0.577350 0.577350
vn 0.577350 0.577350 0.577350
vn 0.577350 0.577350 0.577350
vn 0.577350 0.577350 0.577350
vn -0.707258 -0.706956 0.000000
vn -0.707258 -0.706956 0.000000
vn -0.707258 -0.706956 0.000000
vn -0.707258 -0.706956 0.000000
vn 0.000000 -0.707205 0.707009
vn 0.000000 -0.707205 0.707009
vn 0.000000 -0.707205 0.707009
vn 0.000000 -0.707205 0.707009
vn -0.707260 0.000000 0.706953
vn -0.707260 0.000000 0.706953
vn -0.707260 0.000000 0.706953
vn -0.707260 0.000000 0.706953
vn 0.707258 -0.706956 0.000000
vn 0.707258 -0.706956 0.000000
vn 0.707258 -0.706956 0.000000
vn 0.707258 -0.706956 0.000000
vn 0.707260 0.000000 0.706953
vn 0.707260 0.000000 0.706953
vn 0.707260 0.000000 0.706953
vn 0.707260 0.000000 0.706953
vn -0.707258 0.706956 0.000000
vn -0.707258 0.706956 0.000000
vn -0.707258 0.706956 0.000000
vn -0.707258 0.706956 0.000000
vn 0.000000 0.707100 0.707113
vn 0.000000 0.707100 0.707113
vn 0.000000 0.707100 0.707113
vn 0.000000 0.707100 0.707113
vn 0.707258 0.706956 0.000000
vn 0.707258 0.706956 0.000000
vn 0.707258 0.706956 0.000000
vn 0.707258 0.706956 0.000000
vn 0.000000 0.000000 1.000000
vn 0.000000 0.000000 1.000000
vn 0.000000 0.000000 1.000000
vn 0.000000 0.000000 1.000000
vn 0.000000 1.000000 0.000000
vn 0.000000 1.000000 0.000000
vn 0.000000 1.000000 0.000000
vn 0.000000 1.000000 0.000000
vn 0.000000 -1.000000 0.000000
vn 0.000000 -1.000000 0.000000
vn 0.000000 -1.000000 0.000000
vn 0.000000 -1.000000 0.000000
vn 1.000000 0.000000 0.000000
vn 1.000000 0.000000 0.000000
vn 1.000000 0.000000 0.000000
vn 1.000000 0.000000 0.000000
vn -1.000000 0.000000 0.000000
vn -1.000000 0.000000 0.000000
vn -1.000000 0.000000 0.000000
vn -1.000000 0.000000 0.000000
vn -0.577350 -0.577350 0.577350
vn -0.577350 -0.577350 0.577350
vn -0.577350 -0.577350 0.577350
vn 0.577382 -0.577286 0.577382
vn 0.577382 -0.577286 0.577382
vn 0.577382 -0.577286 0.577382
vn -0.577350 0.577350 0.577350
vn -0.577350 0.577350 0.577350
vn -0.577350 0.577350 0.577350
vn 0.577382 0.577286 0.577382
vn 0.577382 0.577286 0.577382
vn 0.577382 0.577286 0.577382
vn -0.707207 -0.707006 0.000000
vn -0.707207 -0.707006 0.000000
vn -0.707207 -0.707006 0.000000
vn -0.707207 -0.707006 0.000000
vn 0.000000 -0.707102 0.707112
vn 0.000000 -0.707102 0.707112
vn 0.000000 -0.707102 0.707112
vn 0.000000 -0.707102 0.707112
vn -0.707257 0.000000 0.706957
vn -0.707257 0.000000 0.706957
vn -0.707257 0.000000 0.706957
vn -0.707257 0.000000 0.706957
vn 0.707358 -0.706855 0.000000
vn 0.707358 -0.706855 0.000000
vn 0.707358 -0.706855 0.000000
vn 0.707358 -0.706855 0.000000
vn 0.707332 0.000000 0.706881
vn 0.707332 0.000000 0.706881
vn 0.707332 0.000000 0.706881
vn 0.707332 0.000000 0.706881
vn -0.707207 0.707006 0.000000
vn -0.707207 0.707006 0.000000
vn -0.707207 0.707006 0.000000
vn -0.707207 0.707006 0.000000
vn 0.000000 0.707102 0.707112
vn 0.000000 0.707102 0.707112
vn 0.000000 0.707102 0.707112
vn 0.000000 0.707102 0.707112
vn 0.707358 0.706855 0.000000
vn 0.707358 0.706855 0.000000
vn 0.707358 0.706855 0.000000
vn 0.707358 0.706855 0.000000
vn 0.000000 0.000000 1.000000
vn 0.000000 0.000000 1.000000
vn 0.000000 0.000000 1.000000
vn 0.000000 0.000000 1.000000
vn 0.000000 1.000000 0.000000
vn 0.000000 1.000000 0.000000
vn 0.000000 1.000000 0.000000
vn 0.000000 1.000000 0.000000
vn 0.000000 -1.000000 0.000000
vn 0.000000 -1.000000 0.000000
vn 0.000000 -1.000000 0.000000
vn 0.000000 -1.000000 0.000000
vn 1.000000 0.000000 0.000000
vn 1.000000 0.000000 0.000000
vn 1.000000 0.000000 0.000000
vn 1.000000 0.000000 0.000000
vn -1.000000 0.000000 0.000000
vn -1.000000 0.000000 0.000000
vn -1.000000 0.000000 0.000000
vn -1.000000 0.000000 0.000000
vn -0.577606 -0.577223 0.577223
vn -0.577606 -0.577223 0.577223
vn -0.577606 -0.577222 0.577222
vn 0.577734 -0.576967 0.577350
vn 0.577734 -0.576967 0.577350
vn 0.577734 -0.576967 0.577350
vn -0.577734 0.577350 0.576967
vn -0.577734 0.577350 0.576967
vn -0.577734 0.577350 0.576967
vn 0.577734 0.576967 0.577350
vn 0.577734 0.576967 0.577350
vn 0.577734 0.576967 0.577350
vn -0.707258 -0.706956 0.000000
vn -0.707258 -0.706956 0.000000
vn -0.707258 -0.706956 0.000000
vn -0.707258 -0.706956 0.000000
vn 0.000000 -0.707103 0.707110
vn 0.000000 -0.707103 0.707110
vn 0.000000 -0.707103 0.707110
vn 0.000000 -0.707103 0.707110
vn -0.707156 0.000000 0.707058
vn -0.707156 0.000000 0.707058
vn -0.707156 0.000000 0.707058
vn -0.707156 0.000000 0.707058
vn 0.707308 -0.706906 0.000000
vn 0.707308 -0.706906 0.000000
vn 0.707308 -0.706906 0.000000
vn 0.707308 -0.706906 0.000000
vn 0.707224 0.000000 0.706989
vn 0.707224 0.000000 0.706989
vn 0.707224 0.000000 0.706989
vn 0.707224 0.000000 0.706989
vn -0.707258 0.706956 0.000000
vn -0.707258 0.706956 0.000000
vn -0.707258 0.706956 0.000000
vn -0.707258 0.706956 0.000000
vn 0.000000 0.707103 0.707110
vn 0.000000 0.707103 0.707110
vn 0.000000 0.707103 0.707110
vn 0.000000 0.707103 0.707110
vn 0.707308 0.706906 0.000000
vn 0.707308 0.706906 0.000000
vn 0.707308 0.706906 0.000000
vn 0.707308 0.706906 0.000000
vn 0.000000 0.000000 1.000000
vn 0.000000 0.000000 1.000000
vn 0.000000 0.000000 1.000000
vn 0.000000 0.000000 1.000000
vn 0.000000 1.000000 0.000000
vn 0.000000 1.000000 0.000000
vn 0.000000 1.000000 0.000000
vn 0.000000 1.000000 0.000000
vn 0.000000 -1.000000 0.000000
vn 0.000000 -1.000000 0.000000
vn 0.000000 -1.000000 0.000000
vn 0.000000 -1.000000 0.000000
vn 1.000000 0.000000 0.000000
vn 1.000000 0.000000 0.000000
vn 1.000000 0.000000 0.000000
vn 1.000000 0.000000 0.000000
vn -1.000000 0.000000 0.000000
vn -1.000000 0.000000 0.000000
vn -1.000000 0.000000 0.000000
vn -1.000000 0.000000 0.000000
vn -0.577350 -0.577350 0.577350
vn -0.577350 -0.577350 0.577350
vn -0.577350 -0.577350 0.577350
vn 0.577542 -0.577350 0.577159
vn 0.577542 -0.577350 0.577159
vn 0.577542 -0.577350 0.577159
vn -0.577350 0.577350 0.577350
vn -0.577350 0.577350 0.577350
vn -0.577350 0.577350 0.577350
vn 0.577542 0.577350 0.577159
vn 0.577542 0.577350 0.577159
vn 0.577542 0.577350 0.577159
vn -0.707258 -0.706956 0.000000
vn -0.707258 -0.706956 0.000000
vn -0.707258 -0.706956 0.000000
vn -0.707258 -0.706956 0.000000
vn 0.000000 -0.707100 0.707113
vn 0.000000 -0.707100 0.707113
vn 0.000000 -0.707100 0.707113
vn 0.000000 -0.707100 0.707113
vn -0.707260 0.000000 0.706953
vn -0.707260 0.000000 0.706953
vn -0.707260 0.000000 0.706953
vn -0.707260 0.000000 0.706953
vn 0.707207 -0.707006 0.000000
vn 0.707207 -0.707006 0.000000
vn 0.707207 -0.707006 0.000000
vn 0.707207 -0.707006 0.000000
vn 0.707260 0.000000 0.706953
vn 0.707260 0.000000 0.706953
vn 0.707260 0.000000 0.706953
vn 0.707260 0.000000 0.706953
vn -0.707258 0.706956 0.000000
vn -0.707258 0.706956 0.000000
vn -0.707258 0.706956 0.000000
vn -0.707258 0.706956 0.000000
vn 0.000000 0.707100 0.707113
vn 0.000000 0.707100 0.707113
vn 0.000000 0.707100 0.707113
vn 0.000000 0.707100 0.707113
vn 0.707207 0.707006 0.000000
vn 0.707207 0.707006 0.000000
vn 0.707207 0.707006 0.000000
vn 0.707207 0.707006 0.000000
vn 0.000000 0.000000 1.000000
vn 0.000000 0.000000 1.000000
vn 0.000000 0.000000 1.000000
vn 0.000000 0.000000 1.000000
vn 0.000000 1.000000 0.000000
vn 0.000000 1.000000 0.000000
vn 0.000000 1.000000 0.000000
vn 0.000000 1.000000 0.000000
vn 0.000000 -1.000000 0.000000
vn 0.000000 -1.000000 0.000000
vn 0.000000 -1.000000 0.000000
vn 0.000000 -1.000000 0.000000
vn 1.000000 0.000000 0.000000
vn 1.000000 0.000000 0.000000
vn 1.000000 0.000000 0.000000
vn 1.000000 0.000000 0.000000
vn -1.000000 0.000000 0.000000
vn -1.000000 0.000000 0.000000
vn -1.000000 0.000000 0.000000
vn -1.000000 0.000000 0.000000
vn -0.577606 -0.577223 0.577223
vn -0.577606 -0.577223 0.577223
vn -0.577606 -0.577222 0.577222
vn 0.577638 -0.577159 0.577254
vn 0.577638 -0.577159 0.577254
vn 0.577638 -0.577159 0.577254
vn -0.577606 0.577222 0.577222
vn -0.577606 0.577223 0.577223
vn -0.577606 0.577223 0.577223
vn 0.577638 0.577159 0.577254
vn 0.577638 0.577159 0.577254
vn 0.577638 0.577159 0.577254
vn -0.707258 -0.706955 0.000000
vn -0.707258 -0.706955 0.000000
vn -0.707258 -0.706955 0.000000
vn -0.707258 -0.706955 0.000000
vn 0.000000 -0.707101 0.707112
vn 0.000000 -0.707101 0.707112
vn 0.000000 -0.707101 0.707112
vn 0.000000 -0.707101 0.707112
vn -0.707277 0.000000 0.706937
vn -0.707277 0.000000 0.706937
vn -0.707277 0.000000 0.706937
vn -0.707277 0.000000 0.706937
vn 0.707258 -0.706955 0.000000
vn 0.707258 -0.706955 0.000000
vn 0.707258 -0.706955 0.000000
vn 0.707258 -0.706955 0.000000
vn 0.707277 0.000000 0.706937
vn 0.707277 0.000000 0.706937
vn 0.707277 0.000000 0.706937
vn 0.707277 0.000000 0.706937
vn -0.707258 0.706955 0.000000
vn -0.707258 0.706955 0.000000
vn -0.707258 0.706955 0.000000
vn -0.707258 0.706955 0.000000
vn 0.000000 0.707101 0.707112
vn 0.000000 0.707101 0.707112
vn 0.000000 0.707101 0.707112
vn 0.000000 0.707101 0.707112
vn 0.707258 0.706955 0.000000
vn 0.707258 0.706955 0.000000
vn 0.707258 0.706955 0.000000
vn 0.707258 0.706955 0.000000
vn 0.000000 0.000000 1.000000
vn 0.000000 0.000000 1.000000
vn 0.000000 0.000000 1.000000
vn 0.000000 0.000000 1.000000
vn 0.000000 1.000000 0.000000
vn 0.000000 1.000000 0.000000
vn 0.000000 1.000000 0.000000
vn 0.000000 1.000000 0.000000
vn 0.000000 -1.000000 0.000000
vn 0.000000 -1.000000 0.000000
vn 0.000000 -1.000000 0.000000
vn 0.000000 -1.000000 0.000000
vn 1.000000 0.000000 0.000000
vn 1.000000 0.000000 0.000000
vn 1.000000 0.000000 0.000000
vn 1.000000 0.000000 0.000000
vn -1.000000 0.000000 0.000000
vn -1.000000 0.000000 0.000000
vn -1.000000 0.000000 0.000000
vn -1.000000 0.000000 0.000000
vn -0.577384 -0.577283 0.577384
vn -0.577384 -0.577283 0.577384
vn -0.577384 -0.577283 0.577384
vn 0.577383 -0.577284 0.577383
vn 0.577383 -0.577284 0.577383
vn 0.577383 -0.577284 0.577383
vn -0.577384 0.577283 0.577384
vn -0.577384 0.577283 0.577384
vn -0.577384 0.577283 0.577384
vn 0.577383 0.577284 0.577383
vn 0.577383 0.577284 0.577383
vn 0.577383 0.577284 0.577383
vn -0.707261 -0.706953 0.000000
vn -0.707261 -0.706953 0.000000
vn -0.707261 -0.706953 0.000000
vn -0.707261 -0.706953 0.000000
vn 0.000000 -0.707101 0.707112
vn 0.000000 -0.707101 0.707112
vn 0.000000 -0.707101 0.707112
vn 0.000000 -0.707101 0.707112
vn -0.707277 0.000000 0.706937
vn -0.707277 0.000000 0.706937
vn -0.707277 0.000000 0.706937
vn -0.707277 0.000000 0.706937
vn 0.707258 -0.706956 0.000000
vn 0.707258 -0.706956 0.000000
vn 0.707258 -0.706956 0.000000
vn 0.707258 -0.706956 0.000000
vn 0.707277 0.000000 0.706937
vn 0.707277 0.000000 0.706937
vn 0.707277 0.000000 0.706937
vn 0.707277 0.000000 0.706937
vn -0.707261 0.706953 0.000000
vn -0.707261 0.706953 0.000000
vn -0.707261 0.706953 0.000000
vn -0.707261 0.706953 0.000000
vn 0.000000 0.707101 0.707112
vn 0.000000 0.707101 0.707112
vn 0.000000 0.707101 0.707112
vn 0.000000 0.707101 0.707112
vn 0.707258 0.706956 0.000000
vn 0.707258 0.706956 0.000000
vn 0.707258 0.706956 0.000000
vn 0.707258 0.706956 0.000000
vn 0.000000 0.000000 1.000000
vn 0.000000 0.000000 1.000000
vn 0.000000 0.000000 1.000000
vn 0.000000 0.000000 1.000000
vn 0.000000 1.000000 0.000000
vn 0.000000 1.000000 0.000000
vn 0.000000 1.000000 0.000000
vn 0.000000 1.000000 0.000000
vn 0.000000 -1.000000 0.000000
vn 0.000000 -1.000000 0.000000
vn 0.000000 -1.000000 0.000000
vn 0.000000 -1.000000 0.000000
vn 1.000000 0.000000 0.000000
vn 1.000000 0.000000 0.000000
vn 1.000000 0.000000 0.000000
vn 1.000000 0.000000 0.000000
vn -1.000000 0.000000 0.000000
vn -1.000000 0.000000 0.000000
vn -1.000000 0.000000 0.000000
vn -1.000000 0.000000 0.000000
vn -0.577386 -0.577278 0.577386
vn -0.577386 -0.577278 0.577386
vn -0.577386 -0.577278 0.577386
vn 0.577384 -0.577282 0.577384
vn 0.577384 -0.577282 0.577384
vn 0.577384 -0.577282 0.577384
vn -0.577386 0.577278 0.577386
vn -0.577386 0.577278 0.577386
vn -0.577386 0.577278 0.577386
vn 0.577384 0.577282 0.577384
vn 0.577384 0.577282 0.577384
vn 0.577384 0.577282 0.577384
vn -0.707258 -0.706956 0.000000
vn -0.707258 -0.706956 0.000000
vn -0.707258 -0.706956 0.000000
vn -0.707258 -0.706956 0.000000
vn 0.000000 -0.707100 0.707113
vn 0.000000 -0.707100 0.707113
vn 0.000000 -0.707100 0.707113
vn 0.000000 -0.707100 0.707113
vn -0.707257 0.000000 0.706957
vn -0.707257 0.000000 0.706957
vn -0.707257 0.000000 0.706957
vn -0.707257 0.000000 0.706957
vn 0.707258 -0.706956 0.000000
vn 0.707258 -0.706956 0.000000
vn 0.707258 -0.706956 0.000000
vn 0.707258 -0.706956 0.000000
vn 0.707257 0.000000 0.706957
vn 0.707257 0.000000 0.706957
vn 0.707257 0.000000 0.706957
vn 0.707257 0.000000 0.706957
vn -0.707258 0.706956 0.000000
vn -0.707258 0.706956 0.000000
vn -0.707258 0.706956 0.000000
vn -0.707258 0.706956 0.000000
vn 0.000000 0.707100 0.707113
vn 0.000000 0.707100 0.707113
vn 0.000000 0.707100 0.707113
vn 0.000000 0.707100 0.707113
vn 0.707258 0.706956 0.000000
vn 0.707258 0.706956 0.000000
vn 0.707258 0.706956 0.000000
vn 0.707258 0.706956 0.000000
vn 0.000000 0.000000 1.000000
vn 0.000000 0.000000 1.000000
vn 0.000000 0.000000 1.000000
vn 0.000000 0.000000 1.000000
vn 0.000000 1.000000 0.000000
vn 0.000000 1.000000 0.000000
vn 0.000000 1.000000 0.000000
vn 0.000000 1.000000 0.000000
vn 0.000000 -1.000000 0.000000
vn 0.000000 -1.000000 0.000000
vn 0.000000 -1.000000 0.000000
vn 0.000000 -1.000000 0.000000
vn 1.000000 0.000000 0.000000
vn 1.000000 0.000000 0.000000
vn 1.000000 0.000000 0.000000
vn 1.000000 0.000000 0.000000
vn -1.000000 0.000000 0.000000
vn -1.000000 0.000000 0.000000
vn -1.000000 0.000000 0.000000
vn -1.000000 0.000000 0.000000
vn -0.577766 -0.577286 0.576999
vn -0.577766 -0.577286 0.576999
vn -0.577766 -0.577286 0.576999
vn 0.577734 -0.577350 0.576967
vn 0.577734 -0.577350 0.576967
vn 0.577734 -0.577350 0.576967
vn -0.577638 0.577159 0.577254
vn -0.577638 0.577159 0.577254
vn -0.577638 0.577159 0.577254
vn 0.577606 0.577223 0.577223
vn 0.577606 0.577223 0.577223
vn 0.577606 0.577222 0.577222
vn -0.707258 -0.706956 0.000000
vn -0.707258 -0.706956 0.000000
vn -0.707258 -0.706956 0.000000
vn -0.707258 -0.706956 0.000000
vn 0.000000 -0.707100 0.707113
vn 0.000000 -0.707100 0.707113
vn 0.000000 -0.707100 0.707113
vn 0.000000 -0.707100 0.707113
vn -0.707156 0.000000 0.707058
vn -0.707156 0.000000 0.707058
vn -0.707156 0.000000 0.707058
vn -0.707156 0.000000 0.707058
vn 0.707258 -0.706956 0.000000
vn 0.707258 -0.706956 0.000000
vn 0.707258 -0.706956 0.000000
vn 0.707258 -0.706956 0.000000
vn 0.707156 0.000000 0.707058
vn 0.707156 0.000000 0.707058
vn 0.707156 0.000000 0.707058
vn 0.707156 0.000000 0.707058
vn -0.707258 0.706956 0.000000
vn -0.707258 0.706956 0.000000
vn -0.707258 0.706956 0.000000
vn -0.707258 0.706956 0.000000
vn 0.000000 0.707100 0.707113
vn 0.000000 0.707100 0.707113
vn 0.000000 0.707100 0.707113
vn 0.000000 0.707100 0.707113
vn 0.707258 0.706956 0.000000
vn 0.707258 0.706956 0.000000
vn 0.707258 0.706956 0.000000
vn 0.707258 0.706956 0.000000
vn 0.000000 0.000000 1.000000
vn 0.000000 0.000000 1.000000
vn 0.000000 0.000000 1.000000
vn 0.000000 0.000000 1.000000
vn 0.000000 1.000000 0.000000
vn 0.000000 1.000000 0.000000
vn 0.000000 1.000000 0.000000
vn 0.000000 1.000000 0.000000
vn 0.000000 -1.000000 0.000000
vn 0.000000 -1.000000 0.000000
vn 0.000000 -1.000000 0.000000
vn 0.000000 -1.000000 0.000000
vn 1.000000 0.000000 0.000000
vn 1.000000 0.000000 0.000000
vn 1.000000 0.000000 0.000000
vn 1.000000 0.000000 0.000000
vn -1.000000 0.000000 0.000000
vn -1.000000 0.000000 0.000000
vn -1.000000 0.000000 0.000000
vn -1.000000 0.000000 0.000000
vn -0.577350 -0.577350 0.577350
vn -0.577350 -0.577350 0.577350
vn -0.577350 -0.577350 0.577350
vn 0.577382 -0.577286 0.577382
vn 0.577382 -0.577286 0.577382
vn 0.577382 -0.577286 0.577382
vn -0.577350 0.577350 0.577350
vn -0.577350 0.577350 0.577350
vn -0.577350 0.577350 0.577350
vn 0.577382 0.577286 0.577382
vn 0.577382 0.577286 0.577382
vn 0.577382 0.577286 0.577382
vn 0.455334 0.403541 -0.793616
vn 0.335244 0.739065 -0.584290
vn 0.331317 0.746185 -0.577440
vn 0.454159 0.408848 -0.791570
vn 0.157204 0.948805 -0.273964
vn 0.150761 0.953016 -0.262738
vn -0.048579 0.995227 0.084638
vn -0.055624 0.993737 0.096918
vn -0.246436 0.868814 0.429455
vn -0.251773 0.862615 0.438754
vn -0.401612 0.590623 0.699909
vn -0.404066 0.583824 0.704188
vn -0.486663 0.209063 0.848205
vn -0.486970 0.206159 0.848740
vn -0.486663 -0.209067 0.848204
vn -0.486970 -0.206163 0.848739
vn -0.401584 -0.590576 0.699965
vn -0.404038 -0.583779 0.704241
vn -0.246425 -0.868777 0.429537
vn -0.251761 -0.862575 0.438840
vn -0.048579 -0.995227 0.084638
vn -0.055624 -0.993737 0.096919
vn 0.157201 -0.948787 -0.274029
vn 0.150757 -0.953000 -0.262799
vn 0.335245 -0.739066 -0.584288
vn 0.331316 -0.746183 -0.577443
vn 0.455346 -0.403551 -0.793604
vn 0.454172 -0.408859 -0.791557
vn 0.497667 0.000001 -0.867368
vn 0.497667 0.000001 -0.867368
vn -0.707258 -0.706956 0.000000
vn -0.707258 -0.706956 0.000000
vn -0.707258 -0.706956 0.000000
vn -0.707258 -0.706956 0.000000
vn 0.000000 -0.707103 0.707110
vn 0.000000 -0.707103 0.707110
vn 0.000000 -0.707103 0.707110
vn 0.000000 -0.707103 0.707110
vn -0.707260 0.000000 0.706953
vn -0.707260 0.000000 0.706953
vn -0.707260 0.000000 0.706953
vn -0.707260 0.000000 0.706953
vn 0.707258 -0.706956 0.000000
vn 0.707258 -0.706956 0.000000
vn 0.707258 -0.706956 0.000000
vn 0.707258 -0.706956 0.000000
vn 0.707329 0.000000 0.706885
vn 0.707329 0.000000 0.706885
vn 0.707329 0.000000 0.706885
vn 0.707329 0.000000 0.706885
vn -0.707258 0.706956 0.000000
vn -0.707258 0.706956 0.000000
vn -0.707258 0.706956 0.000000
vn -0.707258 0.706956 0.000000
vn 0.000000 0.707103 0.707110
vn 0.000000 0.707103 0.707110
vn 0.000000 0.707103 0.707110
vn 0.000000 0.707103 0.707110
vn 0.707258 0.706956 0.000000
vn 0.707258 0.706956 0.000000
vn 0.707258 0.706956 0.000000
vn 0.707258 0.706956 0.000000
vn 0.000000 0.000000 1.000000
vn 0.000000 0.000000 1.000000
vn 0.000000 0.000000 1.000000
vn 0.000000 0.000000 1.000000
vn 0.000000 1.000000 0.000000
vn 0.000000 1.000000 0.000000
vn 0.000000 1.000000 0.000000
vn 0.000000 1.000000 0.000000
vn 0.000000 -1.000000 0.000000
vn 0.000000 -1.000000 0.000000
vn 0.000000 -1.000000 0.000000
vn 0.000000 -1.000000 0.000000
vn 1.000000 0.000000 0.000000
vn 1.000000 0.000000 0.000000
vn 1.000000 0.000000 0.000000
vn 1.000000 0.000000 0.000000
vn -1.000000 0.000000 0.000000
vn -1.000000 0.000000 0.000000
vn -1.000000 0.000000 0.000000
vn -1.000000 0.000000 0.000000
vn -0.577414 -0.577223 0.577414
vn -0.577414 -0.577223 0.577414
vn -0.577414 -0.577222 0.577414
vn 0.577542 -0.577350 0.577159
vn 0.577542 -0.577350 0.577159
vn 0.577542 -0.577350 0.577159
vn -0.577414 0.577222 0.577414
vn -0.577414 0.577223 0.577414
vn -0.577414 0.577223 0.577414
vn 0.577542 0.577350 0.577159
vn 0.577542 0.577350 0.577159
vn 0.577542 0.577350 0.577159
vn -0.707258 -0.706956 0.000000
vn -0.707258 -0.706956 0.000000
vn -0.707258 -0.706956 0.000000
vn -0.707258 -0.706956 0.000000
vn 0.000000 -0.707101 0.707113
vn 0.000000 -0.707101 0.707113
vn 0.000000 -0.707101 0.707113
vn 0.000000 -0.707101 0.707113
vn -0.707260 0.000000 0.706953
vn -0.707260 0.000000 0.706953
vn -0.707260 0.000000 0.706953
vn -0.707260 0.000000 0.706953
vn 0.707233 -0.706981 0.000000
vn 0.707233 -0.706981 0.000000
vn 0.707233 -0.706981 0.000000
vn 0.707233 -0.706981 0.000000
vn 0.707260 0.000000 0.706953
vn 0.707260 0.000000 0.706953
vn 0.707260 0.000000 0.706953
vn 0.707260 0.000000 0.706953
vn -0.707258 0.706956 0.000000
vn -0.707258 0.706956 0.000000
vn -0.707258 0.706956 0.000000
vn -0.707258 0.706956 0.000000
vn 0.000000 0.707101 0.707113
vn 0.000000 0.707101 0.707113
vn 0.000000 0.707101 0.707113
vn 0.000000 0.707101 0.707113
vn 0.707233 0.706981 0.000000
vn 0.707233 0.706981 0.000000
vn 0.707233 0.706981 0.000000
vn 0.707233 0.706981 0.000000
vn 0.000000 0.000000 1.000000
vn 0.000000 0.000000 1.000000
vn 0.000000 0.000000 1.000000
vn 0.000000 0.000000 1.000000
vn 0.000000 1.000000 0.000000
vn 0.000000 1.000000 0.000000
vn 0.000000 1.000000 0.000000
vn 0.000000 1.000000 0.000000
vn 0.000000 -1.000000 0.000000
vn 0.000000 -1.000000 0.000000
vn 0.000000 -1.000000 0.000000
vn 0.000000 -1.000000 0.000000
vn 1.000000 0.000000 0.000000
vn 1.000000 0.000000 0.000000
vn 1.000000 0.000000 0.000000
vn 1.000000 0.000000 0.000000
vn -1.000000 0.000000 0.000000
vn -1.000000 0.000000 0.000000
vn -1.000000 0.000000 0.000000
vn -1.000000 0.000000 0.000000
vn -0.577382 -0.577286 0.577382
vn -0.577382 -0.577286 0.577382
vn -0.577382 -0.577286 0.577382
vn 0.577382 -0.577286 0.577382
vn 0.577382 -0.577286 0.577382
vn 0.577382 -0.577286 0.577382
vn -0.577382 0.577286 0.577382
vn -0.577382 0.577286 0.577382
vn -0.577382 0.577286 0.577382
vn 0.577382 0.577286 0.577382
vn 0.577382 0.577286 0.577382
vn 0.577382 0.577286 0.577382
vn -0.707243 -0.706970 0.000000
vn -0.707243 -0.706970 0.000000
vn -0.707243 -0.706970 0.000000
vn -0.707243 -0.706970 0.000000
vn 0.000000 -0.711646 -0.702538
vn 0.000000 -0.711646 -0.702538
vn 0.000000 -0.711646 -0.702538
vn 0.000000 -0.711646 -0.702538
vn -0.711788 0.000000 -0.702395
vn -0.711788 0.000000 -0.702395
vn -0.711788 0.000000 -0.702395
vn -0.711788 0.000000 -0.702395
vn 0.707243 -0.706970 0.000000
vn 0.707243 -0.706970 0.000000
vn 0.707243 -0.706970 0.000000
vn 0.707243 -0.706970 0.000000
vn 0.711788 0.000000 -0.702395
vn 0.711788 0.000000 -0.702395
vn 0.711788 0.000000 -0.702395
vn 0.711788 0.000000 -0.702395
vn -0.707243 0.706970 0.000000
vn -0.707243 0.706970 0.000000
vn -0.707243 0.706970 0.000000
vn -0.707243 0.706970 0.000000
vn 0.000000 0.711646 -0.702538
vn 0.000000 0.711646 -0.702538
vn 0.000000 0.711646 -0.702538
vn 0.000000 0.711646 -0.702538
vn 0.707243 0.706970 0.000000
vn 0.707243 0.706970 0.000000
vn 0.707243 0.706970 0.000000
vn 0.707243 0.706970 0.000000
vn 0.000000 0.000000 -1.000000
vn 0.000000 0.000000 -1.000000
vn 0.000000 0.000000 -1.000000
vn 0.000000 0.000000 -1.000000
vn 0.000000 1.000000 0.000000
vn 0.000000 1.000000 0.000000
vn 0.000000 1.000000 0.000000
vn 0.000000 1.000000 0.000000
vn 0.000000 -1.000000 0.000000
vn 0.000000 -1.000000 0.000000
vn 0.000000 -1.000000 0.000000
vn 0.000000 -1.000000 0.000000
vn 1.000000 0.000000 0.000000
vn 1.000000 0.000000 0.000000
vn 1.000000 0.000000 0.000000
vn 1.000000 0.000000 0.000000
vn -1.000000 0.000000 0.000000
vn -1.000000 0.000000 0.000000
vn -1.000000 0.000000 0.000000
vn -1.000000 0.000000 0.000000
vn -0.579936 -0.579746 -0.572336
vn -0.579936 -0.579746 -0.572336
vn -0.579936 -0.579746 -0.572336
vn 0.579936 -0.579746 -0.572336
vn 0.579936 -0.579746 -0.572336
vn 0.579936 -0.579746 -0.572336
vn -0.579936 0.579746 -0.572336
vn -0.579936 0.579746 -0.572336
vn -0.579936 0.579746 -0.572336
vn 0.579936 0.579746 -0.572336
vn 0.579936 0.579746 -0.572336
vn 0.579936 0.579746 -0.572336
vn -0.707258 -0.706956 0.000000
vn -0.707258 -0.706956 0.000000
vn -0.707258 -0.706956 0.000000
vn -0.707258 -0.706956 0.000000
vn 0.000000 -0.707100 0.707113
vn 0.000000 -0.707100 0.707113
vn 0.000000 -0.707100 0.707113
vn 0.000000 -0.707100 0.707113
vn -0.707257 0.000000 0.706957
vn -0.707257 0.000000 0.706957
vn -0.707257 0.000000 0.706957
vn -0.707257 0.000000 0.706957
vn 0.707258 -0.706956 0.000000
vn 0.707258 -0.706956 0.000000
vn 0.707258 -0.706956 0.000000
vn 0.707258 -0.706956 0.000000
vn 0.707257 0.000000 0.706957
vn 0.707257 0.000000 0.706957
vn 0.707257 0.000000 0.706957
vn 0.707257 0.000000 0.706957
vn -0.707258 0.706956 0.000000
vn -0.707258 0.706956 0.000000
vn -0.707258 0.706956 0.000000
vn -0.707258 0.706956 0.000000
vn 0.000000 0.707100 0.707113
vn 0.000000 0.707100 0.707113
vn 0.000000 0.707100 0.707113
vn 0.000000 0.707100 0.707113
vn 0.707258 0.706956 0.000000
vn 0.707258 0.706956 0.000000
vn 0.707258 0.706956 0.000000
vn 0.707258 0.706956 0.000000
vn 0.000000 0.000000 1.000000
vn 0.000000 0.000000 1.000000
vn 0.000000 0.000000 1.000000
vn 0.000000 0.000000 1.000000
vn 0.000000 1.000000 0.000000
vn 0.000000 1.000000 0.000000
vn 0.000000 1.000000 0.000000
vn 0.000000 1.000000 0.000000
vn 0.000000 -1.000000 0.000000
vn 0.000000 -1.000000 0.000000
vn 0.000000 -1.000000 0.000000
vn 0.000000 -1.000000 0.000000
vn 1.000000 0.000000 0.000000
vn 1.000000 0.000000 0.000000
vn 1.000000 0.000000 0.000000
vn 1.000000 0.000000 0.000000
vn -1.000000 0.000000 0.000000
vn -1.000000 0.000000 0.000000
vn -1.000000 0.000000 0.000000
vn -1.000000 0.000000 0.000000
vn -0.577350 -0.577734 0.576967
vn -0.577350 -0.577734 0.576967
vn -0.577350 -0.577734 0.576967
vn 0.577606 -0.577222 0.577222
vn 0.577606 -0.577222 0.577222
vn 0.577606 -0.577222 0.577222
vn -0.577350 0.577734 0.576967
vn -0.577350 0.577734 0.576967
vn -0.577350 0.577734 0.576967
vn 0.577606 0.577222 0.577222
vn 0.577606 0.577222 0.577222
vn 0.577606 0.577222 0.577222
vn -0.707258 -0.706956 0.000000
vn -0.707258 -0.706956 0.000000
vn -0.707258 -0.706956 0.000000
vn -0.707258 -0.706956 0.000000
vn 0.000000 -0.707100 0.707113
vn 0.000000 -0.707100 0.707113
vn 0.000000 -0.707100 0.707113
vn 0.000000 -0.707100 0.707113
vn -0.707260 0.000000 0.706953
vn -0.707260 0.000000 0.706953
vn -0.707260 0.000000 0.706953
vn -0.707260 0.000000 0.706953
vn 0.707233 -0.706981 0.000000
vn 0.707233 -0.706981 0.000000
vn 0.707233 -0.706981 0.000000
vn 0.707233 -0.706981 0.000000
vn 0.707260 0.000000 0.706953
vn 0.707260 0.000000 0.706953
vn 0.707260 0.000000 0.706953
vn 0.707260 0.000000 0.706953
vn -0.707258 0.706956 0.000000
vn -0.707258 0.706956 0.000000
vn -0.707258 0.706956 0.000000
vn -0.707258 0.706956 0.000000
vn 0.000000 0.707100 0.707113
vn 0.000000 0.707100 0.707113
vn 0.000000 0.707100 0.707113
vn 0.000000 0.707100 0.707113
vn 0.707233 0.706981 0.000000
vn 0.707233 0.706981 0.000000
vn 0.707233 0.706981 0.000000
vn 0.707233 0.706981 0.000000
vn 0.000000 0.000000 1.000000
vn 0.000000 0.000000 1.000000
vn 0.000000 0.000000 1.000000
vn 0.000000 0.000000 1.000000
vn 0.000000 1.000000 0.000000
vn 0.000000 1.000000 0.000000
vn 0.000000 1.000000 0.000000
vn 0.000000 1.000000 0.000000
vn 0.000000 -1.000000 0.000000
vn 0.000000 -1.000000 0.000000
vn 0.000000 -1.000000 0.000000
vn 0.000000 -1.000000 0.000000
vn 1.000000 0.000000 0.000000
vn 1.000000 0.000000 0.000000
vn 1.000000 0.000000 0.000000
vn 1.000000 0.000000 0.000000
vn -1.000000 0.000000 0.000000
vn -1.000000 0.000000 0.000000
vn -1.000000 0.000000 0.000000
vn -1.000000 0.000000 0.000000
vn -0.577350 -0.577350 0.577350
vn -0.577350 -0.577350 0.577350
vn -0.577350 -0.577350 0.577350
vn 0.577382 -0.577286 0.577382
vn 0.577382 -0.577286 0.577382
vn 0.577382 -0.577286 0.577382
vn -0.577350 0.577350 0.577350
vn -0.577350 0.577350 0.577350
vn -0.577350 0.577350 0.577350
vn 0.577382 0.577286 0.577382
vn 0.577382 0.577286 0.577382
vn 0.577382 0.577286 0.577382
vn -0.707243 -0.706970 0.000000
vn -0.707243 -0.706970 0.000000
vn -0.707243 -0.706970 0.000000
vn -0.707243 -0.706970 0.000000
vn 0.000000 -0.711648 -0.702536
vn 0.000000 -0.711648 -0.702536
vn 0.000000 -0.711648 -0.702536
vn 0.000000 -0.711648 -0.702536
vn -0.711788 0.000000 -0.702395
vn -0.711788 0.000000 -0.702395
vn -0.711788 0.000000 -0.702395
vn -0.711788 0.000000 -0.702395
vn 0.707343 -0.706871 0.000000
vn 0.707343 -0.706871 0.000000
vn 0.707343 -0.706871 0.000000
vn 0.707343 -0.706871 0.000000
vn 0.711856 0.000000 -0.702326
vn 0.711856 0.000000 -0.702326
vn 0.711856 0.000000 -0.702326
vn 0.711856 0.000000 -0.702326
vn -0.707243 0.706970 0.000000
vn -0.707243 0.706970 0.000000
vn -0.707243 0.706970 0.000000
vn -0.707243 0.706970 0.000000
vn 0.000000 0.711648 -0.702536
vn 0.000000 0.711648 -0.702536
vn 0.000000 0.711648 -0.702536
vn 0.000000 0.711648 -0.702536
vn 0.707343 0.706871 0.000000
vn 0.707343 0.706871 0.000000
vn 0.707343 0.706871 0.000000
vn 0.707343 0.706871 0.000000
vn 0.000000 0.000000 -1.000000
vn 0.000000 0.000000 -1.000000
vn 0.000000 0.000000 -1.000000
vn 0.000000 0.000000 -1.000000
vn 0.000000 1.000000 0.000000
vn 0.000000 1.000000 0.000000
vn 0.000000 1.000000 0.000000
vn 0.000000 1.000000 0.000000
vn 0.000000 -1.000000 0.000000
vn 0.000000 -1.000000 0.000000
vn 0.000000 -1.000000 0.000000
vn 0.000000 -1.000000 0.000000
vn 1.000000 0.000000 0.000000
vn 1.000000 0.000000 0.000000
vn 1.000000 0.000000 0.000000
vn 1.000000 0.000000 0.000000
vn -1.000000 0.000000 0.000000
vn -1.000000 0.000000 0.000000
vn -1.000000 0.000000 0.000000
vn -1.000000 0.000000 0.000000
vn -0.579936 -0.579746 -0.572336
vn -0.579936 -0.579746 -0.572336
vn -0.579936 -0.579746 -0.572336
vn 0.580063 -0.579872 -0.572080
vn 0.580062 -0.579872 -0.572080
vn 0.580063 -0.579872 -0.572080
vn -0.579936 0.579746 -0.572336
vn -0.579936 0.579746 -0.572336
vn -0.579936 0.579746 -0.572336
vn 0.580062 0.579872 -0.572080
vn 0.580063 0.579872 -0.572080
vn 0.580063 0.579872 -0.572080
s 1
g part1
usemtl initialShadingGroup
f 2/1/1 1/25/2 37/54/3 42/21/4
s 2
f 1/26/5 6/22/6 38/8/7 37/53/8
s 3
f 4/2/9 3/27/10 11/34/11 10/16/12
s 1
f 3/28/13 2/1/1 12/3/14 11/33/15
s 2
f 6/22/6 5/29/16 15/37/17 14/23/18
s 3
f 5/29/19 4/2/9 16/5/20 15/37/21
s 4
f 8/4/22 7/30/23 43/59/24 48/12/25
s 1
f 7/31/26 12/3/14 44/13/27 43/58/28
s 3
f 10/16/12 9/32/29 23/42/30 22/6/31
s 4
f 9/32/32 8/4/22 24/7/33 23/42/34
s 2
f 14/23/18 13/35/35 27/46/36 26/24/37
s 5
f 13/36/38 18/17/39 28/9/40 27/45/41
f 18/17/39 17/38/42 21/41/43 20/18/44
s 3
f 17/38/45 16/5/20 22/6/31 21/41/46
s 5
f 20/18/44 19/39/47 35/52/48 34/10/49
s 4
f 19/40/50 24/7/33 36/11/51 35/51/52
s 2
f 26/24/37 25/43/53 39/56/54 38/8/7
s 6
f 25/44/55 30/19/56 40/14/57 39/55/58
f 30/19/56 29/47/59 33/50/60 32/20/61
s 5
f 29/47/62 28/9/40 34/10/49 33/50/63
s 6
f 32/20/61 31/48/64 47/62/65 46/15/66
s 4
f 31/49/67 36/11/51 48/12/25 47/61/68
s 1
f 42/21/4 41/57/69 45/60/70 44/13/27
s 6
f 41/57/71 40/14/57 46/15/66 45/60/72
s 3
f 4/2/9 10/16/12 22/6/31 16/5/20
s 5
f 18/17/39 20/18/44 34/10/49 28/9/40
s 6
f 30/19/56 32/20/61 46/15/66 40/14/57
s 1
f 42/21/4 44/13/27 12/3/14 2/1/1
s 4
f 8/4/22 48/12/25 36/11/51 24/7/33
s 2
f 38/8/7 6/22/6 14/23/18 26/24/37
f 5/29/16 6/22/6 1/26/5 49/64/73
s 1
f 1/25/2 2/1/1 3/28/13 49/63/74
s 3
f 3/27/10 4/2/9 5/29/19 49/64/75
s 1
f 11/33/15 12/3/14 7/31/26 50/66/76
s 4
f 7/30/23 8/4/22 9/32/32 50/65/77
s 3
f 9/32/29 10/16/12 11/34/11 50/65/78
s 5
f 17/38/42 18/17/39 13/36/38 51/67/79
s 2
f 13/35/35 14/23/18 15/37/17 51/67/80
s 3
f 15/37/21 16/5/20 17/38/45 51/67/81
s 4
f 23/42/34 24/7/33 19/40/50 52/68/82
s 5
f 19/39/47 20/18/44 21/41/43 52/68/83
s 3
f 21/41/46 22/6/31 23/42/30 52/68/84
s 6
f 29/47/59 30/19/56 25/44/55 53/70/85
s 2
f 25/43/53 26/24/37 27/46/36 53/69/86
s 5
f 27/45/41 28/9/40 29/47/62 53/70/87
s 4
f 35/51/52 36/11/51 31/49/67 54/72/88
s 6
f 31/48/64 32/20/61 33/50/60 54/71/89
s 5
f 33/50/63 34/10/49 35/52/48 54/71/90
s 1
f 41/57/69 42/21/4 37/54/3 55/74/91
s 2
f 37/53/8 38/8/7 39/56/54 55/73/92
s 6
f 39/55/58 40/14/57 41/57/71 55/74/93
s 4
f 47/61/68 48/12/25 43/59/24 56/76/94
s 1
f 43/58/28 44/13/27 45/60/70 56/75/95
s 6
f 45/60/72 46/15/66 47/62/65 56/75/96
s 7
f 58/77/97 57/78/98 93/79/99 98/80/100
s 8
f 57/81/101 62/82/102 94/83/103 93/84/104
s 9
f 60/85/105 59/86/106 67/87/107 66/88/108
s 7
f 59/89/109 58/77/97 68/90/110 67/91/111
s 8
f 62/82/102 61/92/112 71/93/113 70/94/114
s 9
f 61/92/115 60/85/105 72/95/116 71/93/117
s 10
f 64/96/118 63/97/119 99/98/120 104/99/121
s 7
f 63/100/122 68/90/110 100/101/123 99/102/124
s 9
f 66/88/108 65/103/125 79/104/126 78/105/127
s 10
f 65/103/128 64/96/118 80/106/129 79/104/130
s 8
f 70/94/114 69/107/131 83/108/132 82/109/133
s 11
f 69/110/134 74/111/135 84/112/136 83/113/137
f 74/111/135 73/114/138 77/115/139 76/116/140
s 9
f 73/114/141 72/95/116 78/105/127 77/115/142
s 11
f 76/116/140 75/117/143 91/118/144 90/119/145
s 10
f 75/120/146 80/106/129 92/121/147 91/122/148
s 8
f 82/109/133 81/123/149 95/124/150 94/83/103
s 12
f 81/125/151 86/126/152 96/127/153 95/128/154
f 86/126/152 85/129/155 89/130/156 88/131/157
s 11
f 85/129/158 84/112/136 90/119/145 89/130/159
s 12
f 88/131/157 87/132/160 103/133/161 102/134/162
s 10
f 87/135/163 92/121/147 104/99/121 103/136/164
s 7
f 98/80/100 97/137/165 101/138/166 100/101/123
s 12
f 97/137/167 96/127/153 102/134/162 101/138/168
s 9
f 72/95/116 60/85/105 66/88/108 78/105/127
s 11
f 84/112/136 74/111/135 76/116/140 90/119/145
s 12
f 96/127/153 86/126/152 88/131/157 102/134/162
s 7
f 68/90/110 58/77/97 98/80/100 100/101/123
s 10
f 92/121/147 80/106/129 64/96/118 104/99/121
s 8
f 70/94/114 82/109/133 94/83/103 62/82/102
f 61/92/112 62/82/102 57/81/101 105/139/169
s 7
f 57/78/98 58/77/97 59/89/109 105/140/170
s 9
f 59/86/106 60/85/105 61/92/115 105/139/171
s 7
f 67/91/111 68/90/110 63/100/122 106/141/172
s 10
f 63/97/119 64/96/118 65/103/128 106/142/173
s 9
f 65/103/125 66/88/108 67/87/107 106/142/174
s 11
f 73/114/138 74/111/135 69/110/134 107/143/175
s 8
f 69/107/131 70/94/114 71/93/113 107/143/176
s 9
f 71/93/117 72/95/116 73/114/141 107/143/177
s 10
f 79/104/130 80/106/129 75/120/146 108/144/178
s 11
f 75/117/143 76/116/140 77/115/139 108/144/179
s 9
f 77/115/142 78/105/127 79/104/126 108/144/180
s 12
f 85/129/155 86/126/152 81/125/151 109/145/181
s 8
f 81/123/149 82/109/133 83/108/132 109/146/182
s 11
f 83/113/137 84/112/136 85/129/158 109/145/183
s 10
f 91/122/148 92/121/147 87/135/163 110/147/184
s 12
f 87/132/160 88/131/157 89/130/156 110/148/185
s 11
f 89/130/159 90/119/145 91/118/144 110/148/186
s 7
f 97/137/165 98/80/100 93/79/99 111/149/187
s 8
f 93/84/104 94/83/103 95/124/150 111/150/188
s 12
f 95/128/154 96/127/153 97/137/167 111/149/189
s 10
f 103/136/164 104/99/121 99/98/120 112/151/190
s 7
f 99/102/124 100/101/123 101/138/166 112/152/191
s 12
f 101/138/168 102/134/162 103/133/161 112/152/192
s 13
f 114/153/193 113/154/194 149/155/195 154/156/196
s 14
f 113/157/197 118/158/198 150/159/199 149/160/200
s 15
f 116/161/201 115/162/202 123/163/203 122/164/204
s 13
f 115/165/205 114/153/193 124/166/206 123/167/207
s 14
f 118/158/198 117/168/208 127/169/209 126/170/210
s 15
f 117/168/211 116/161/201 128/171/212 127/169/213
s 16
f 120/172/214 119/173/215 155/174/216 160/175/217
s 13
f 119/176/218 124/166/206 156/177/219 155/178/220
s 15
f 122/164/204 121/179/221 135/180/222 134/181/223
s 16
f 121/179/224 120/172/214 136/182/225 135/180/226
s 14
f 126/170/210 125/183/227 139/184/228 138/185/229
s 17
f 125/186/230 130/187/231 140/188/232 139/189/233
f 130/187/231 129/190/234 133/191/235 132/192/236
s 15
f 129/190/237 128/171/212 134/181/223 133/191/238
s 17
f 132/192/236 131/193/239 147/194/240 146/195/241
s 16
f 131/196/242 136/182/225 148/197/243 147/198/244
s 14
f 138/185/229 137/199/245 151/200/246 150/159/199
s 18
f 137/201/247 142/202/248 152/203/249 151/204/250
f 142/202/248 141/205/251 145/206/252 144/207/253
s 17
f 141/205/254 140/188/232 146/195/241 145/206/255
s 18
f 144/207/253 143/208/256 159/209/257 158/210/258
s 16
f 143/211/259 148/197/243 160/175/217 159/212/260
s 13
f 154/156/196 153/213/261 157/214/262 156/177/219
s 18
f 153/213/263 152/203/249 158/210/258 157/214/264
s 15
f 128/171/212 116/161/201 122/164/204 134/181/223
s 17
f 140/188/232 130/187/231 132/192/236 146/195/241
s 18
f 152/203/249 142/202/248 144/207/253 158/210/258
s 13
f 124/166/206 114/153/193 154/156/196 156/177/219
s 16
f 148/197/243 136/182/225 120/172/214 160/175/217
s 14
f 126/170/210 138/185/229 150/159/199 118/158/198
f 117/168/208 118/158/198 113/157/197 161/215/265
s 13
f 113/154/194 114/153/193 115/165/205 161/216/266
s 15
f 115/162/202 116/161/201 117/168/211 161/215/267
s 13
f 123/167/207 124/166/206 119/176/218 162/217/268
s 16
f 119/173/215 120/172/214 121/179/224 162/218/269
s 15
f 121/179/221 122/164/204 123/163/203 162/218/270
s 17
f 129/190/234 130/187/231 125/186/230 163/219/271
s 14
f 125/183/227 126/170/210 127/169/209 163/219/272
s 15
f 127/169/213 128/171/212 129/190/237 163/219/273
s 16
f 135/180/226 136/182/225 131/196/242 164/220/274
s 17
f 131/193/239 132/192/236 133/191/235 164/220/275
s 15
f 133/191/238 134/181/223 135/180/222 164/220/276
s 18
f 141/205/251 142/202/248 137/201/247 165/221/277
s 14
f 137/199/245 138/185/229 139/184/228 165/222/278
s 17
f 139/189/233 140/188/232 141/205/254 165/221/279
s 16
f 147/198/244 148/197/243 143/211/259 166/223/280
s 18
f 143/208/256 144/207/253 145/206/252 166/224/281
s 17
f 145/206/255 146/195/241 147/194/240 166/224/282
s 13
f 153/213/261 154/156/196 149/155/195 167/225/283
s 14
f 149/160/200 150/159/199 151/200/246 167/226/284
s 18
f 151/204/250 152/203/249 153/213/263 167/225/285
s 16
f 159/212/260 160/175/217 155/174/216 168/227/286
s 13
f 155/178/220 156/177/219 157/214/262 168/228/287
s 18
f 157/214/264 158/210/258 159/209/257 168/228/288
s 19
f 170/229/289 169/230/290 205/231/291 210/232/292
s 20
f 169/233/293 174/234/294 206/235/295 205/236/296
s 21
f 172/237/297 171/238/298 179/239/299 178/240/300
s 19
f 171/241/301 170/229/289 180/242/302 179/243/303
s 20
f 174/234/294 173/244/304 183/245/305 182/246/306
s 21
f 173/244/307 172/237/297 184/247/308 183/245/309
s 22
f 176/248/310 175/249/311 211/250/312 216/251/313
s 19
f 175/252/314 180/242/302 212/253/315 211/254/316
s 21
f 178/240/300 177/255/317 191/256/318 190/257/319
s 22
f 177/255/320 176/248/310 192/258/321 191/256/322
s 20
f 182/246/306 181/259/323 195/260/324 194/261/325
s 23
f 181/262/326 186/263/327 196/264/328 195/265/329
f 186/263/327 185/266/330 189/267/331 188/268/332
s 21
f 185/266/333 184/247/308 190/257/319 189/267/334
s 23
f 188/268/332 187/269/335 203/270/336 202/271/337
s 22
f 187/272/338 192/258/321 204/273/339 203/274/340
s 20
f 194/261/325 193/275/341 207/276/342 206/235/295
s 24
f 193/277/343 198/278/344 208/279/345 207/280/346
f 198/278/344 197/281/347 201/282/348 200/283/349
s 23
f 197/281/350 196/264/328 202/271/337 201/282/351
s 24
f 200/283/349 199/284/352 215/285/353 214/286/354
s 22
f 199/287/355 204/273/339 216/251/313 215/288/356
s 19
f 210/232/292 209/289/357 213/290/358 212/253/315
s 24
f 209/289/359 208/279/345 214/286/354 213/290/360
s 21
f 184/247/308 172/237/297 178/240/300 190/257/319
s 23
f 196/264/328 186/263/327 188/268/332 202/271/337
s 24
f 208/279/345 198/278/344 200/283/349 214/286/354
s 19
f 180/242/302 170/229/289 210/232/292 212/253/315
s 22
f 204/273/339 192/258/321 176/248/310 216/251/313
s 20
f 182/246/306 194/261/325 206/235/295 174/234/294
f 173/244/304 174/234/294 169/233/293 217/291/361
s 19
f 169/230/290 170/229/289 171/241/301 217/292/362
s 21
f 171/238/298 172/237/297 173/244/307 217/291/363
s 19
f 179/243/303 180/242/302 175/252/314 218/293/364
s 22
f 175/249/311 176/248/310 177/255/320 218/294/365
s 21
f 177/255/317 178/240/300 179/239/299 218/294/366
s 23
f 185/266/330 186/263/327 181/262/326 219/295/367
s 20
f 181/259/323 182/246/306 183/245/305 219/295/368
s 21
f 183/245/309 184/247/308 185/266/333 219/295/369
s 22
f 191/256/322 192/258/321 187/272/338 220/296/370
s 23
f 187/269/335 188/268/332 189/267/331 220/296/371
s 21
f 189/267/334 190/257/319 191/256/318 220/296/372
s 24
f 197/281/347 198/278/344 193/277/343 221/297/373
s 20
f 193/275/341 194/261/325 195/260/324 221/298/374
s 23
f 195/265/329 196/264/328 197/281/350 221/297/375
s 22
f 203/274/340 204/273/339 199/287/355 222/299/376
s 24
f 199/284/352 200/283/349 201/282/348 222/300/377
s 23
f 201/282/351 202/271/337 203/270/336 222/300/378
s 19
f 209/289/357 210/232/292 205/231/291 223/301/379
s 20
f 205/236/296 206/235/295 207/276/342 223/302/380
s 24
f 207/280/346 208/279/345 209/289/359 223/301/381
s 22
f 215/288/356 216/251/313 211/250/312 224/303/382
s 19
f 211/254/316 212/253/315 213/290/358 224/304/383
s 24
f 213/290/360 214/286/354 215/285/353 224/304/384
s 25
f 226/305/385 225/306/386 261/307/387 266/308/388
s 26
f 225/309/389 230/310/390 262/311/391 261/312/392
s 27
f 228/313/393 227/314/394 235/315/395 234/316/396
s 25
f 227/317/397 226/305/385 236/318/398 235/319/399
s 26
f 230/310/390 229/320/400 239/321/401 238/322/402
s 27
f 229/320/403 228/313/393 240/323/404 239/321/405
s 28
f 232/324/406 231/325/407 267/326/408 272/327/409
s 25
f 231/328/410 236/318/398 268/329/411 267/330/412
s 27
f 234/316/396 233/331/413 247/332/414 246/333/415
s 28
f 233/331/416 232/324/406 248/334/417 247/332/418
s 26
f 238/322/402 237/335/419 251/336/420 250/337/421
s 29
f 237/338/422 242/339/423 252/340/424 251/341/425
f 242/339/423 241/342/426 245/343/427 244/344/428
s 27
f 241/342/429 240/323/404 246/333/415 245/343/430
s 29
f 244/344/428 243/345/431 259/346/432 258/347/433
s 28
f 243/348/434 248/334/417 260/349/435 259/350/436
s 26
f 250/337/421 249/351/437 263/352/438 262/311/391
s 30
f 249/353/439 254/354/440 264/355/441 263/356/442
f 254/354/440 253/357/443 257/358/444 256/359/445
s 29
f 253/357/446 252/340/424 258/347/433 257/358/447
s 30
f 256/359/445 255/360/448 271/361/449 270/362/450
s 28
f 255/363/451 260/349/435 272/327/409 271/364/452
s 25
f 266/308/388 265/365/453 269/366/454 268/329/411
s 30
f 265/365/455 264/355/441 270/362/450 269/366/456
s 27
f 240/323/404 228/313/393 234/316/396 246/333/415
s 29
f 252/340/424 242/339/423 244/344/428 258/347/433
s 30
f 264/355/441 254/354/440 256/359/445 270/362/450
s 25
f 236/318/398 226/305/385 266/308/388 268/329/411
s 28
f 260/349/435 248/334/417 232/324/406 272/327/409
s 26
f 238/322/402 250/337/421 262/311/391 230/310/390
f 229/320/400 230/310/390 225/309/389 273/367/457
s 25
f 225/306/386 226/305/385 227/317/397 273/368/458
s 27
f 227/314/394 228/313/393 229/320/403 273/367/459
s 25
f 235/319/399 236/318/398 231/328/410 274/369/460
s 28
f 231/325/407 232/324/406 233/331/416 274/370/461
s 27
f 233/331/413 234/316/396 235/315/395 274/370/462
s 29
f 241/342/426 242/339/423 237/338/422 275/371/463
s 26
f 237/335/419 238/322/402 239/321/401 275/371/464
s 27
f 239/321/405 240/323/404 241/342/429 275/371/465
s 28
f 247/332/418 248/334/417 243/348/434 276/372/466
s 29
f 243/345/431 244/344/428 245/343/427 276/372/467
s 27
f 245/343/430 246/333/415 247/332/414 276/372/468
s 30
f 253/357/443 254/354/440 249/353/439 277/373/469
s 26
f 249/351/437 250/337/421 251/336/420 277/374/470
s 29
f 251/341/425 252/340/424 253/357/446 277/373/471
s 28
f 259/350/436 260/349/435 255/363/451 278/375/472
s 30
f 255/360/448 256/359/445 257/358/444 278/376/473
s 29
f 257/358/447 258/347/433 259/346/432 278/376/474
s 25
f 265/365/453 266/308/388 261/307/387 279/377/475
s 26
f 261/312/392 262/311/391 263/352/438 279/378/476
s 30
f 263/356/442 264/355/441 265/365/455 279/377/477
s 28
f 271/364/452 272/327/409 267/326/408 280/379/478
s 25
f 267/330/412 268/329/411 269/366/454 280/380/479
s 30
f 269/366/456 270/362/450 271/361/449 280/380/480
s 31
f 288/381/481 284/382/482 291/383/483 294/384/484
s 32
f 299/385/485 304/386/486 311/387/487 308/388/488
s 33
f 307/389/489 312/390/490 293/391/491 292/392/492
s 34
f 283/393/493 282/394/494 286/395/495 285/396/496
f 282/394/494 281/397/497 287/398/498 286/399/495
s 31
f 281/397/499 284/382/482 288/381/481 287/398/500
f 291/383/483 290/400/501 295/401/502 294/384/484
s 33
f 290/400/503 289/402/504 296/403/505 295/401/506
f 289/402/504 292/392/492 293/391/491 296/404/505
s 32
f 299/385/485 298/405/507 301/406/508 304/386/486
s 35
f 298/405/509 297/407/510 302/408/511 301/406/512
f 297/409/510 300/410/513 303/411/514 302/412/511
s 33
f 307/389/489 306/413/515 309/414/516 312/390/490
f 306/415/515 305/416/517 310/417/518 309/418/516
s 32
f 305/416/519 308/388/488 311/387/487 310/417/520
s off
f 305/419/521 306/413/522 307/389/523 292/392/524 289/402/525 290/400/526 291/383/527 284/382/528 281/397/529 282/394/530 283/393/531 300/410/532 297/409/533 298/420/534 299/421/535 308/422/536
f 309/418/537 310/417/538 311/387/539 304/386/540 301/406/541 302/408/542 303/423/543 285/424/544 286/399/545 287/398/546 288/381/547 294/384/548 295/401/549 296/403/550 293/425/551 312/426/552
s 36
f 320/427/553 316/428/554 323/429/555 326/430/556
s 37
f 331/431/557 336/432/558 343/433/559 340/434/560
s 38
f 339/435/561 344/436/562 325/437/563 324/438/564
s 39
f 315/439/565 314/440/566 318/441/567 317/442/568
f 314/440/566 313/443/569 319/444/570 318/445/567
s 36
f 313/443/571 316/428/554 320/427/553 319/444/572
f 323/429/555 322/446/573 327/447/574 326/430/556
s 38
f 322/446/575 321/448/576 328/449/577 327/447/578
f 321/448/576 324/438/564 325/437/563 328/450/577
s 37
f 331/431/557 330/451/579 333/452/580 336/432/558
s 40
f 330/451/581 329/453/582 334/454/583 333/452/584
f 329/455/582 332/456/585 335/457/586 334/458/583
s 38
f 339/435/561 338/459/587 341/460/588 344/436/562
f 338/461/587 337/462/589 342/463/590 341/464/588
s 37
f 337/462/591 340/434/560 343/433/559 342/463/592
s off
f 337/465/593 338/459/594 339/435/595 324/438/596 321/448/597 322/446/598 323/429/599 316/428/600 313/443/601 314/440/602 315/439/603 332/456/604 329/455/605 330/466/606 331/467/607 340/468/608
f 341/464/609 342/463/610 343/433/611 336/432/612 333/452/613 334/454/614 335/469/615 317/470/616 318/445/617 319/444/618 320/427/619 326/430/620 327/447/621 328/449/622 325/471/623 344/472/624
f 350/473/625 348/474/626 347/475/627 349/476/628
f 347/477/629 346/478/630 345/479/631 349/480/632
s 41
f 352/481/633 351/482/634 367/483/635 366/484/636
s 42
f 351/485/637 356/486/638 368/487/639 367/488/640
s 43
f 354/489/641 353/490/642 361/491/643 360/492/644
s 41
f 353/493/645 352/481/633 362/494/646 361/495/647
s 44
f 358/496/648 357/497/649 369/498/650 374/499/651
s 41
f 357/500/652 362/494/646 370/501/653 369/502/654
s 43
f 360/492/644 359/503/655 379/504/656 378/505/657
s 44
f 359/503/658 358/496/648 380/506/659 379/504/660
s 41
f 366/484/636 365/507/661 371/508/662 370/501/653
s 45
f 365/507/663 364/509/664 372/510/665 371/508/666
s 42
f 383/511/667 382/512/668 385/513/669 384/514/670
s 45
f 382/515/671 381/516/672 386/517/673 385/518/674
f 389/519/675 388/520/676 391/521/677 390/522/678
s 44
f 388/523/679 387/524/680 392/525/681 391/526/682
s 42
f 395/527/683 394/528/684 398/529/685 397/530/686
s 43
f 394/528/687 393/531/688 399/532/689 398/529/690
s 42
f 397/530/686 396/533/691 405/534/692 410/535/693
s 52
f 396/533/694 401/536/695 406/537/696 405/534/697
f 401/536/695 400/538/698 403/539/699 402/540/700
s 43
f 400/538/701 399/532/689 404/541/702 403/539/703
s 45
f 408/542/704 407/543/705 412/544/706 411/545/707
s 52
f 407/543/708 406/537/696 413/546/709 412/544/710
s 54
f 424/547/711 423/548/712 457/549/713 456/550/714
s 43
f 423/548/715 428/551/716 458/552/717 457/549/718
s 56
f 426/553/719 425/554/720 433/555/721 432/556/722
s 54
f 425/554/723 424/547/711 434/557/724 433/555/725
s 43
f 428/551/716 427/558/726 449/559/727 448/560/728
s 56
f 427/558/729 426/553/719 450/561/730 449/559/731
s 45
f 430/562/732 429/563/733 454/564/734 453/565/735
s 54
f 429/563/736 434/557/724 455/566/737 454/564/738
s 56
f 432/556/722 431/567/739 442/568/740 441/569/741
s 45
f 431/567/742 430/562/732 443/570/743 442/568/744
s 52
f 439/571/745 438/572/746 463/573/747 462/574/748
s 45
f 438/572/749 443/570/743 464/575/750 463/573/751
s 56
f 441/569/741 440/576/752 451/577/753 450/561/730
s 52
f 440/576/754 439/571/745 452/578/755 451/577/756
s 43
f 448/560/728 447/579/757 460/580/758 459/581/759
s 52
f 447/579/760 452/578/755 461/582/761 460/580/762
s 43
f 354/489/641 360/492/644 378/505/657 375/583/763
s 52
f 401/536/695 402/540/700 413/546/709 406/537/696
s 45
f 386/517/673 390/522/678 372/510/665 364/509/664
s 41
f 370/501/653 362/494/646 352/481/633 366/484/636
s 44
f 358/496/648 374/499/651 392/525/681 380/506/659
s 42
f 368/487/639 356/486/638 377/584/764 384/514/670
s 43
f 393/531/688 414/585/765 404/541/702 399/532/689
s 56
f 426/553/719 432/556/722 441/569/741 450/561/730
s 45
f 389/519/675 381/516/672 408/542/704 411/545/707
s 42
f 383/586/667 395/527/683 397/530/686 410/535/693
s 43
f 375/583/763 378/505/657 414/585/765 393/531/688
s 42
f 384/514/670 377/584/764 395/587/683 383/511/667
s 45
f 381/516/672 389/519/675 390/522/678 386/517/673
s 44
f 380/506/659 392/525/681 387/524/680 416/588/766
s 54
f 416/589/767 387/590/768 420/591/769 417/592/770
s 45
f 389/519/675 411/545/707 437/593/771 422/594/772
s 52
f 413/546/709 402/540/700 446/595/773 435/596/774
s 43
f 404/541/702 414/585/765 419/597/775 444/598/776
s 54
f 456/550/714 455/566/737 434/557/724 424/547/711
s 43
f 459/581/759 458/552/717 428/551/716 448/560/728
s 52
f 462/574/748 461/582/761 452/578/755 439/571/745
s 45
f 453/565/735 464/575/750 443/570/743 430/562/732
s 54
f 468/599/777 467/600/778 455/566/737 456/550/714
s 43
f 471/601/779 470/602/780 458/552/717 459/581/759
s 52
f 474/603/781 473/604/782 461/582/761 462/574/748
s 45
f 465/605/783 476/606/784 464/575/750 453/565/735
s 54
f 480/607/785 479/608/786 467/600/778 468/599/777
s 43
f 483/609/787 482/610/788 470/602/780 471/601/779
s 52
f 486/611/789 485/612/790 473/604/782 474/603/781
s 45
f 477/613/791 488/614/792 476/606/784 465/605/783
s 54
f 492/615/793 491/616/794 479/608/786 480/607/785
s 43
f 495/617/795 494/618/796 482/610/788 483/609/787
s 52
f 498/619/797 497/620/798 485/612/790 486/611/789
s 45
f 489/621/799 500/622/800 488/614/792 477/613/791
s 54
f 504/623/801 503/624/802 491/616/794 492/615/793
s 43
f 507/625/803 506/626/804 494/618/796 495/617/795
s 52
f 510/627/805 509/628/806 497/620/798 498/619/797
s 45
f 501/629/807 512/630/808 500/622/800 489/621/799
s 54
f 516/631/809 515/632/810 503/624/802 504/623/801
s 43
f 519/633/811 518/634/812 506/626/804 507/625/803
s 52
f 522/635/813 521/636/814 509/628/806 510/627/805
s 45
f 513/637/815 524/638/816 512/630/808 501/629/807
s 54
f 417/592/770 420/591/769 515/632/810 516/631/809
s 43
f 444/598/776 419/597/775 518/634/812 519/633/811
s 52
f 435/596/774 446/595/773 521/636/814 522/635/813
s 45
f 422/594/772 437/593/771 524/638/816 513/637/815
s 42
f 356/486/638 355/639/817 376/640/818 377/584/764
s 43
f 355/639/819 354/489/641 375/583/763 376/640/820
f 378/505/657 379/504/656 415/641/821 414/585/765
s 44
f 379/504/660 380/506/659 416/588/766 415/641/822
s 45
f 381/516/672 382/515/671 409/642/823 408/542/704
s 42
f 382/515/668 383/586/667 410/535/693 409/642/824
s 45
f 364/509/664 363/643/825 385/518/674 386/517/673
s 42
f 363/644/826 368/487/639 384/514/670 385/513/669
s 54
f 387/590/768 388/520/827 421/645/828 420/591/769
s 45
f 388/520/829 389/519/675 422/594/772 421/645/830
s 44
f 374/499/651 373/646/831 391/526/682 392/525/681
s 45
f 373/647/832 372/510/665 390/522/678 391/521/677
s 42
f 377/584/764 376/640/818 394/528/684 395/587/683
s 43
f 376/640/820 375/583/763 393/531/688 394/528/687
f 414/585/765 415/641/833 418/648/834 419/597/775
s 54
f 415/641/835 416/589/767 417/592/770 418/648/836
s 45
f 411/545/707 412/544/706 436/649/837 437/593/771
s 52
f 412/544/710 413/546/709 435/596/774 436/649/838
f 402/540/700 403/539/699 445/650/839 446/595/773
s 43
f 403/539/703 404/541/702 444/598/776 445/650/840
s 45
f 453/565/735 454/564/734 466/651/841 465/605/783
s 54
f 454/564/738 455/566/737 467/600/778 466/651/842
f 456/550/714 457/549/713 469/652/843 468/599/777
s 43
f 457/549/718 458/552/717 470/602/780 469/652/844
f 459/581/759 460/580/758 472/653/845 471/601/779
s 52
f 460/580/762 461/582/761 473/604/782 472/653/846
f 462/574/748 463/573/747 475/654/847 474/603/781
s 45
f 463/573/751 464/575/750 476/606/784 475/654/848
f 465/605/783 466/651/841 478/655/849 477/613/791
s 54
f 466/651/842 467/600/778 479/608/786 478/655/850
f 468/599/777 469/652/843 481/656/851 480/607/785
s 43
f 469/652/844 470/602/780 482/610/788 481/656/852
f 471/601/779 472/653/845 484/657/853 483/609/787
s 52
f 472/653/846 473/604/782 485/612/790 484/657/854
f 474/603/781 475/654/847 487/658/855 486/611/789
s 45
f 475/654/848 476/606/784 488/614/792 487/658/856
f 477/613/791 478/655/849 490/659/857 489/621/799
s 54
f 478/655/850 479/608/786 491/616/794 490/659/858
f 480/607/785 481/656/851 493/660/859 492/615/793
s 43
f 481/656/852 482/610/788 494/618/796 493/660/860
f 483/609/787 484/657/853 496/661/861 495/617/795
s 52
f 484/657/854 485/612/790 497/620/798 496/661/862
f 486/611/789 487/658/855 499/662/863 498/619/797
s 45
f 487/658/856 488/614/792 500/622/800 499/662/864
f 489/621/799 490/659/857 502/663/865 501/629/807
s 54
f 490/659/858 491/616/794 503/624/802 502/663/866
f 492/615/793 493/660/859 505/664/867 504/623/801
s 43
f 493/660/860 494/618/796 506/626/804 505/664/868
f 495/617/795 496/661/861 508/665/869 507/625/803
s 52
f 496/661/862 497/620/798 509/628/806 508/665/870
f 498/619/797 499/662/863 511/666/871 510/627/805
s 45
f 499/662/864 500/622/800 512/630/808 511/666/872
f 501/629/807 502/663/865 514/667/873 513/637/815
s 54
f 502/663/866 503/624/802 515/632/810 514/667/874
f 504/623/801 505/664/867 517/668/875 516/631/809
s 43
f 505/664/868 506/626/804 518/634/812 517/668/876
f 507/625/803 508/665/869 520/669/877 519/633/811
s 52
f 508/665/870 509/628/806 521/636/814 520/669/878
f 510/627/805 511/666/871 523/670/879 522/635/813
s 45
f 511/666/872 512/630/808 524/638/816 523/670/880
s 54
f 420/591/769 421/645/828 514/667/874 515/632/810
s 45
f 421/645/830 422/594/772 513/637/815 514/667/873
s 43
f 419/597/775 418/648/834 517/668/876 518/634/812
s 54
f 418/648/836 417/592/770 516/631/809 517/668/875
s 52
f 446/595/773 445/650/839 520/669/878 521/636/814
s 43
f 445/650/840 444/598/776 519/633/811 520/669/877
s 45
f 437/593/771 436/649/837 523/670/880 524/638/816
s 52
f 436/649/838 435/596/774 522/635/813 523/670/879
s 42
f 355/639/817 356/486/638 351/485/637 525/671/881
s 41
f 351/482/634 352/481/633 353/493/645 525/672/882
s 43
f 353/490/642 354/489/641 355/639/819 525/671/883
s 41
f 361/495/647 362/494/646 357/500/652 526/673/884
s 44
f 357/497/649 358/496/648 359/503/658 526/674/885
s 43
f 359/503/655 360/492/644 361/491/643 526/674/886
s 42
f 367/488/640 368/487/639 363/644/826 527/675/887
s 45
f 363/643/825 364/509/664 365/507/663 527/676/888
s 41
f 365/507/661 366/484/636 367/483/635 527/676/889
s 44
f 373/646/831 374/499/651 369/498/650 528/677/890
s 41
f 369/502/654 370/501/653 371/508/662 528/678/891
s 45
f 371/508/666 372/510/665 373/647/832 528/678/892
s 52
f 400/538/698 401/536/695 396/533/694 529/679/893
s 42
f 396/533/691 397/530/686 398/529/685 529/679/894
s 43
f 398/529/690 399/532/689 400/538/701 529/679/895
s 42
f 409/642/824 410/535/693 405/534/692 530/680/896
s 52
f 405/534/697 406/537/696 407/543/708 530/680/897
s 45
f 407/543/705 408/542/704 409/642/823 530/680/898
s 43
f 427/558/726 428/551/716 423/548/715 531/681/899
s 54
f 423/548/712 424/547/711 425/554/723 531/681/900
s 56
f 425/554/720 426/553/719 427/558/729 531/681/901
s 54
f 433/555/725 434/557/724 429/563/736 532/682/902
s 45
f 429/563/733 430/562/732 431/567/742 532/682/903
s 56
f 431/567/739 432/556/722 433/555/721 532/682/904
s 45
f 442/568/744 443/570/743 438/572/749 533/683/905
s 52
f 438/572/746 439/571/745 440/576/754 533/683/906
s 56
f 440/576/752 441/569/741 442/568/740 533/683/907
s 52
f 451/577/756 452/578/755 447/579/760 534/684/908
s 43
f 447/579/757 448/560/728 449/559/727 534/684/909
s 56
f 449/559/731 450/561/730 451/577/753 534/684/910
s 60
f 536/685/911 535/686/912 551/687/913 550/688/914
s 61
f 535/689/915 540/690/916 552/691/917 551/692/918
s 62
f 538/693/919 537/694/920 545/695/921 544/696/922
s 60
f 537/697/923 536/685/911 546/698/924 545/699/925
s 63
f 542/700/926 541/701/927 553/702/928 558/703/929
s 60
f 541/704/930 546/698/924 554/705/931 553/706/932
s 62
f 544/696/922 543/707/933 563/708/934 562/709/935
s 63
f 543/707/936 542/700/926 564/710/937 563/708/938
s 60
f 550/688/914 549/711/939 555/712/940 554/705/931
s 64
f 549/711/941 548/713/942 556/714/943 555/712/944
s 61
f 567/715/945 566/716/946 569/717/947 568/718/948
s 64
f 566/719/949 565/720/950 570/721/951 569/722/952
f 573/723/953 572/724/954 575/725/955 574/726/956
s 63
f 572/727/957 571/728/958 576/729/959 575/730/960
s 61
f 579/731/961 578/732/962 582/733/963 581/734/964
s 62
f 578/732/965 577/735/966 583/736/967 582/733/968
s 61
f 581/734/964 580/737/969 589/738/970 594/739/971
s 71
f 580/737/972 585/740/973 590/741/974 589/738/975
f 585/740/973 584/742/976 587/743/977 586/744/978
s 62
f 584/742/979 583/736/967 588/745/980 587/743/981
s 64
f 592/746/982 591/747/983 596/748/984 595/749/985
s 71
f 591/747/986 590/741/974 597/750/987 596/748/988
s 73
f 608/751/989 607/752/990 641/753/991 640/754/992
s 62
f 607/752/993 612/755/994 642/756/995 641/753/996
s 75
f 610/757/997 609/758/998 617/759/999 616/760/1000
s 73
f 609/758/1001 608/751/989 618/761/1002 617/759/1003
s 62
f 612/755/994 611/762/1004 633/763/1005 632/764/1006
s 75
f 611/762/1007 610/757/997 634/765/1008 633/763/1009
s 64
f 614/766/1010 613/767/1011 638/768/1012 637/769/1013
s 73
f 613/767/1014 618/761/1002 639/770/1015 638/768/1016
s 75
f 616/760/1000 615/771/1017 626/772/1018 625/773/1019
s 64
f 615/771/1020 614/766/1010 627/774/1021 626/772/1022
s 71
f 623/775/1023 622/776/1024 647/777/1025 646/778/1026
s 64
f 622/776/1027 627/774/1021 648/779/1028 647/777/1029
s 75
f 625/773/1019 624/780/1030 635/781/1031 634/765/1008
s 71
f 624/780/1032 623/775/1023 636/782/1033 635/781/1034
s 62
f 632/764/1006 631/783/1035 644/784/1036 643/785/1037
s 71
f 631/783/1038 636/782/1033 645/786/1039 644/784/1040
s 62
f 538/693/919 544/696/922 562/709/935 559/787/1041
s 71
f 585/740/973 586/744/978 597/750/987 590/741/974
s 64
f 570/721/951 574/726/956 556/714/943 548/713/942
s 60
f 554/705/931 546/698/924 536/685/911 550/688/914
s 63
f 542/700/926 558/703/929 576/729/959 564/710/937
s 61
f 552/691/917 540/690/916 561/788/1042 568/718/948
s 62
f 577/735/966 598/789/1043 588/745/980 583/736/967
s 75
f 610/757/997 616/760/1000 625/773/1019 634/765/1008
s 64
f 573/723/953 565/720/950 592/746/982 595/749/985
s 61
f 567/790/945 579/731/961 581/734/964 594/739/971
s 62
f 559/787/1041 562/709/935 598/789/1043 577/735/966
s 61
f 568/718/948 561/788/1042 579/791/961 567/715/945
s 64
f 565/720/950 573/723/953 574/726/956 570/721/951
s 63
f 564/710/937 576/729/959 571/728/958 600/792/1044
s 73
f 600/793/1045 571/794/1046 604/795/1047 601/796/1048
s 64
f 573/723/953 595/749/985 621/797/1049 606/798/1050
s 71
f 597/750/987 586/744/978 630/799/1051 619/800/1052
s 62
f 588/745/980 598/789/1043 603/801/1053 628/802/1054
s 73
f 640/754/992 639/770/1015 618/761/1002 608/751/989
s 62
f 643/785/1037 642/756/995 612/755/994 632/764/1006
s 71
f 646/778/1026 645/786/1039 636/782/1033 623/775/1023
s 64
f 637/769/1013 648/779/1028 627/774/1021 614/766/1010
s 73
f 652/803/1055 651/804/1056 639/770/1015 640/754/992
s 62
f 655/805/1057 654/806/1058 642/756/995 643/785/1037
s 71
f 658/807/1059 657/808/1060 645/786/1039 646/778/1026
s 64
f 649/809/1061 660/810/1062 648/779/1028 637/769/1013
s 73
f 664/811/1063 663/812/1064 651/804/1056 652/803/1055
s 62
f 667/813/1065 666/814/1066 654/806/1058 655/805/1057
s 71
f 670/815/1067 669/816/1068 657/808/1060 658/807/1059
s 64
f 661/817/1069 672/818/1070 660/810/1062 649/809/1061
s 73
f 676/819/1071 675/820/1072 663/812/1064 664/811/1063
s 62
f 679/821/1073 678/822/1074 666/814/1066 667/813/1065
s 71
f 682/823/1075 681/824/1076 669/816/1068 670/815/1067
s 64
f 673/825/1077 684/826/1078 672/818/1070 661/817/1069
s 73
f 688/827/1079 687/828/1080 675/820/1072 676/819/1071
s 62
f 691/829/1081 690/830/1082 678/822/1074 679/821/1073
s 71
f 694/831/1083 693/832/1084 681/824/1076 682/823/1075
s 64
f 685/833/1085 696/834/1086 684/826/1078 673/825/1077
s 73
f 700/835/1087 699/836/1088 687/828/1080 688/827/1079
s 62
f 703/837/1089 702/838/1090 690/830/1082 691/829/1081
s 71
f 706/839/1091 705/840/1092 693/832/1084 694/831/1083
s 64
f 697/841/1093 708/842/1094 696/834/1086 685/833/1085
s 73
f 601/796/1048 604/795/1047 699/836/1088 700/835/1087
s 62
f 628/802/1054 603/801/1053 702/838/1090 703/837/1089
s 71
f 619/800/1052 630/799/1051 705/840/1092 706/839/1091
s 64
f 606/798/1050 621/797/1049 708/842/1094 697/841/1093
s 61
f 540/690/916 539/843/1095 560/844/1096 561/788/1042
s 62
f 539/843/1097 538/693/919 559/787/1041 560/844/1098
f 562/709/935 563/708/934 599/845/1099 598/789/1043
s 63
f 563/708/938 564/710/937 600/792/1044 599/845/1100
s 64
f 565/720/950 566/719/949 593/846/1101 592/746/982
s 61
f 566/719/946 567/790/945 594/739/971 593/846/1102
s 64
f 548/713/942 547/847/1103 569/722/952 570/721/951
s 61
f 547/848/1104 552/691/917 568/718/948 569/717/947
s 73
f 571/794/1046 572/724/1105 605/849/1106 604/795/1047
s 64
f 572/724/1107 573/723/953 606/798/1050 605/849/1108
s 63
f 558/703/929 557/850/1109 575/730/960 576/729/959
s 64
f 557/851/1110 556/714/943 574/726/956 575/725/955
s 61
f 561/788/1042 560/844/1096 578/732/962 579/791/961
s 62
f 560/844/1098 559/787/1041 577/735/966 578/732/965
f 598/789/1043 599/845/1111 602/852/1112 603/801/1053
s 73
f 599/845/1113 600/793/1045 601/796/1048 602/852/1114
s 64
f 595/749/985 596/748/984 620/853/1115 621/797/1049
s 71
f 596/748/988 597/750/987 619/800/1052 620/853/1116
f 586/744/978 587/743/977 629/854/1117 630/799/1051
s 62
f 587/743/981 588/745/980 628/802/1054 629/854/1118
s 64
f 637/769/1013 638/768/1012 650/855/1119 649/809/1061
s 73
f 638/768/1016 639/770/1015 651/804/1056 650/855/1120
f 640/754/992 641/753/991 653/856/1121 652/803/1055
s 62
f 641/753/996 642/756/995 654/806/1058 653/856/1122
f 643/785/1037 644/784/1036 656/857/1123 655/805/1057
s 71
f 644/784/1040 645/786/1039 657/808/1060 656/857/1124
f 646/778/1026 647/777/1025 659/858/1125 658/807/1059
s 64
f 647/777/1029 648/779/1028 660/810/1062 659/858/1126
f 649/809/1061 650/855/1119 662/859/1127 661/817/1069
s 73
f 650/855/1120 651/804/1056 663/812/1064 662/859/1128
f 652/803/1055 653/856/1121 665/860/1129 664/811/1063
s 62
f 653/856/1122 654/806/1058 666/814/1066 665/860/1130
f 655/805/1057 656/857/1123 668/861/1131 667/813/1065
s 71
f 656/857/1124 657/808/1060 669/816/1068 668/861/1132
f 658/807/1059 659/858/1125 671/862/1133 670/815/1067
s 64
f 659/858/1126 660/810/1062 672/818/1070 671/862/1134
f 661/817/1069 662/859/1127 674/863/1135 673/825/1077
s 73
f 662/859/1128 663/812/1064 675/820/1072 674/863/1136
f 664/811/1063 665/860/1129 677/864/1137 676/819/1071
s 62
f 665/860/1130 666/814/1066 678/822/1074 677/864/1138
f 667/813/1065 668/861/1131 680/865/1139 679/821/1073
s 71
f 668/861/1132 669/816/1068 681/824/1076 680/865/1140
f 670/815/1067 671/862/1133 683/866/1141 682/823/1075
s 64
f 671/862/1134 672/818/1070 684/826/1078 683/866/1142
f 673/825/1077 674/863/1135 686/867/1143 685/833/1085
s 73
f 674/863/1136 675/820/1072 687/828/1080 686/867/1144
f 676/819/1071 677/864/1137 689/868/1145 688/827/1079
s 62
f 677/864/1138 678/822/1074 690/830/1082 689/868/1146
f 679/821/1073 680/865/1139 692/869/1147 691/829/1081
s 71
f 680/865/1140 681/824/1076 693/832/1084 692/869/1148
f 682/823/1075 683/866/1141 695/870/1149 694/831/1083
s 64
f 683/866/1142 684/826/1078 696/834/1086 695/870/1150
f 685/833/1085 686/867/1143 698/871/1151 697/841/1093
s 73
f 686/867/1144 687/828/1080 699/836/1088 698/871/1152
f 688/827/1079 689/868/1145 701/872/1153 700/835/1087
s 62
f 689/868/1146 690/830/1082 702/838/1090 701/872/1154
f 691/829/1081 692/869/1147 704/873/1155 703/837/1089
s 71
f 692/869/1148 693/832/1084 705/840/1092 704/873/1156
f 694/831/1083 695/870/1149 707/874/1157 706/839/1091
s 64
f 695/870/1150 696/834/1086 708/842/1094 707/874/1158
s 73
f 604/795/1047 605/849/1106 698/871/1152 699/836/1088
s 64
f 605/849/1108 606/798/1050 697/841/1093 698/871/1151
s 62
f 603/801/1053 602/852/1112 701/872/1154 702/838/1090
s 73
f 602/852/1114 601/796/1048 700/835/1087 701/872/1153
s 71
f 630/799/1051 629/854/1117 704/873/1156 705/840/1092
s 62
f 629/854/1118 628/802/1054 703/837/1089 704/873/1155
s 64
f 621/797/1049 620/853/1115 707/874/1158 708/842/1094
s 71
f 620/853/1116 619/800/1052 706/839/1091 707/874/1157
s 61
f 539/843/1095 540/690/916 535/689/915 709/875/1159
s 60
f 535/686/912 536/685/911 537/697/923 709/876/1160
s 62
f 537/694/920 538/693/919 539/843/1097 709/875/1161
s 60
f 545/699/925 546/698/924 541/704/930 710/877/1162
s 63
f 541/701/927 542/700/926 543/707/936 710/878/1163
s 62
f 543/707/933 544/696/922 545/695/921 710/878/1164
s 61
f 551/692/918 552/691/917 547/848/1104 711/879/1165
s 64
f 547/847/1103 548/713/942 549/711/941 711/880/1166
s 60
f 549/711/939 550/688/914 551/687/913 711/880/1167
s 63
f 557/850/1109 558/703/929 553/702/928 712/881/1168
s 60
f 553/706/932 554/705/931 555/712/940 712/882/1169
s 64
f 555/712/944 556/714/943 557/851/1110 712/882/1170
s 71
f 584/742/976 585/740/973 580/737/972 713/883/1171
s 61
f 580/737/969 581/734/964 582/733/963 713/883/1172
s 62
f 582/733/968 583/736/967 584/742/979 713/883/1173
s 61
f 593/846/1102 594/739/971 589/738/970 714/884/1174
s 71
f 589/738/975 590/741/974 591/747/986 714/884/1175
s 64
f 591/747/983 592/746/982 593/846/1101 714/884/1176
s 62
f 611/762/1004 612/755/994 607/752/993 715/885/1177
s 73
f 607/752/990 608/751/989 609/758/1001 715/885/1178
s 75
f 609/758/998 610/757/997 611/762/1007 715/885/1179
s 73
f 617/759/1003 618/761/1002 613/767/1014 716/886/1180
s 64
f 613/767/1011 614/766/1010 615/771/1020 716/886/1181
s 75
f 615/771/1017 616/760/1000 617/759/999 716/886/1182
s 64
f 626/772/1022 627/774/1021 622/776/1027 717/887/1183
s 71
f 622/776/1024 623/775/1023 624/780/1032 717/887/1184
s 75
f 624/780/1030 625/773/1019 626/772/1018 717/887/1185
s 71
f 635/781/1034 636/782/1033 631/783/1038 718/888/1186
s 62
f 631/783/1035 632/764/1006 633/763/1005 718/888/1187
s 75
f 633/763/1009 634/765/1008 635/781/1031 718/888/1188
s 79
f 720/889/1189 719/890/1190 735/891/1191 734/892/1192
s 80
f 719/893/1193 724/894/1194 736/895/1195 735/896/1196
s 81
f 722/897/1197 721/898/1198 729/899/1199 728/900/1200
s 79
f 721/901/1201 720/889/1189 730/902/1202 729/903/1203
s 82
f 726/904/1204 725/905/1205 737/906/1206 742/907/1207
s 79
f 725/908/1208 730/902/1202 738/909/1209 737/910/1210
s 81
f 728/900/1200 727/911/1211 747/912/1212 746/913/1213
s 82
f 727/911/1214 726/904/1204 748/914/1215 747/912/1216
s 79
f 734/892/1192 733/915/1217 739/916/1218 738/909/1209
s 83
f 733/915/1219 732/917/1220 740/918/1221 739/916/1222
s 80
f 751/919/1223 750/920/1224 753/921/1225 752/922/1226
s 83
f 750/923/1227 749/924/1228 754/925/1229 753/926/1230
f 757/927/1231 756/928/1232 759/929/1233 758/930/1234
s 82
f 756/931/1235 755/932/1236 760/933/1237 759/934/1238
s 80
f 763/935/1239 762/936/1240 766/937/1241 765/938/1242
s 81
f 762/936/1243 761/939/1244 767/940/1245 766/937/1246
s 80
f 765/938/1242 764/941/1247 773/942/1248 778/943/1249
s 90
f 764/941/1250 769/944/1251 774/945/1252 773/942/1253
f 769/944/1251 768/946/1254 771/947/1255 770/948/1256
s 81
f 768/946/1257 767/940/1245 772/949/1258 771/947/1259
s 83
f 776/950/1260 775/951/1261 780/952/1262 779/953/1263
s 90
f 775/951/1264 774/945/1252 781/954/1265 780/952/1266
s 92
f 792/955/1267 791/956/1268 825/957/1269 824/958/1270
s 81
f 791/956/1271 796/959/1272 826/960/1273 825/957/1274
s 94
f 794/961/1275 793/962/1276 801/963/1277 800/964/1278
s 92
f 793/962/1279 792/955/1267 802/965/1280 801/963/1281
s 81
f 796/959/1272 795/966/1282 817/967/1283 816/968/1284
s 94
f 795/966/1285 794/961/1275 818/969/1286 817/967/1287
s 83
f 798/970/1288 797/971/1289 822/972/1290 821/973/1291
s 92
f 797/971/1292 802/965/1280 823/974/1293 822/972/1294
s 94
f 800/964/1278 799/975/1295 810/976/1296 809/977/1297
s 83
f 799/975/1298 798/970/1288 811/978/1299 810/976/1300
s 90
f 807/979/1301 806/980/1302 831/981/1303 830/982/1304
s 83
f 806/980/1305 811/978/1299 832/983/1306 831/981/1307
s 94
f 809/977/1297 808/984/1308 819/985/1309 818/969/1286
s 90
f 808/984/1310 807/979/1301 820/986/1311 819/985/1312
s 81
f 816/968/1284 815/987/1313 828/988/1314 827/989/1315
s 90
f 815/987/1316 820/986/1311 829/990/1317 828/988/1318
s 81
f 722/897/1197 728/900/1200 746/913/1213 743/991/1319
s 90
f 769/944/1251 770/948/1256 781/954/1265 774/945/1252
s 83
f 754/925/1229 758/930/1234 740/918/1221 732/917/1220
s 79
f 738/909/1209 730/902/1202 720/889/1189 734/892/1192
s 82
f 726/904/1204 742/907/1207 760/933/1237 748/914/1215
s 80
f 736/895/1195 724/894/1194 745/992/1320 752/922/1226
s 81
f 761/939/1244 782/993/1321 772/949/1258 767/940/1245
s 94
f 794/961/1275 800/964/1278 809/977/1297 818/969/1286
s 83
f 757/927/1231 749/924/1228 776/950/1260 779/953/1263
s 80
f 751/994/1223 763/935/1239 765/938/1242 778/943/1249
s 81
f 743/991/1319 746/913/1213 782/993/1321 761/939/1244
s 80
f 752/922/1226 745/992/1320 763/995/1239 751/919/1223
s 83
f 749/924/1228 757/927/1231 758/930/1234 754/925/1229
s 82
f 748/914/1215 760/933/1237 755/932/1236 784/996/1322
s 92
f 784/997/1323 755/998/1324 788/999/1325 785/1000/1326
s 83
f 757/927/1231 779/953/1263 805/1001/1327 790/1002/1328
s 90
f 781/954/1265 770/948/1256 814/1003/1329 803/1004/1330
s 81
f 772/949/1258 782/993/1321 787/1005/1331 812/1006/1332
s 92
f 824/958/1270 823/974/1293 802/965/1280 792/955/1267
s 81
f 827/989/1315 826/960/1273 796/959/1272 816/968/1284
s 90
f 830/982/1304 829/990/1317 820/986/1311 807/979/1301
s 83
f 821/973/1291 832/983/1306 811/978/1299 798/970/1288
s 92
f 836/1007/1333 835/1008/1334 823/974/1293 824/958/1270
s 81
f 839/1009/1335 838/1010/1336 826/960/1273 827/989/1315
s 90
f 842/1011/1337 841/1012/1338 829/990/1317 830/982/1304
s 83
f 833/1013/1339 844/1014/1340 832/983/1306 821/973/1291
s 92
f 848/1015/1341 847/1016/1342 835/1008/1334 836/1007/1333
s 81
f 851/1017/1343 850/1018/1344 838/1010/1336 839/1009/1335
s 90
f 854/1019/1345 853/1020/1346 841/1012/1338 842/1011/1337
s 83
f 845/1021/1347 856/1022/1348 844/1014/1340 833/1013/1339
s 92
f 860/1023/1349 859/1024/1350 847/1016/1342 848/1015/1341
s 81
f 863/1025/1351 862/1026/1352 850/1018/1344 851/1017/1343
s 90
f 866/1027/1353 865/1028/1354 853/1020/1346 854/1019/1345
s 83
f 857/1029/1355 868/1030/1356 856/1022/1348 845/1021/1347
s 92
f 872/1031/1357 871/1032/1358 859/1024/1350 860/1023/1349
s 81
f 875/1033/1359 874/1034/1360 862/1026/1352 863/1025/1351
s 90
f 878/1035/1361 877/1036/1362 865/1028/1354 866/1027/1353
s 83
f 869/1037/1363 880/1038/1364 868/1030/1356 857/1029/1355
s 92
f 884/1039/1365 883/1040/1366 871/1032/1358 872/1031/1357
s 81
f 887/1041/1367 886/1042/1368 874/1034/1360 875/1033/1359
s 90
f 890/1043/1369 889/1044/1370 877/1036/1362 878/1035/1361
s 83
f 881/1045/1371 892/1046/1372 880/1038/1364 869/1037/1363
s 92
f 785/1000/1326 788/999/1325 883/1040/1366 884/1039/1365
s 81
f 812/1006/1332 787/1005/1331 886/1042/1368 887/1041/1367
s 90
f 803/1004/1330 814/1003/1329 889/1044/1370 890/1043/1369
s 83
f 790/1002/1328 805/1001/1327 892/1046/1372 881/1045/1371
s 80
f 724/894/1194 723/1047/1373 744/1048/1374 745/992/1320
s 81
f 723/1047/1375 722/897/1197 743/991/1319 744/1048/1376
f 746/913/1213 747/912/1212 783/1049/1377 782/993/1321
s 82
f 747/912/1216 748/914/1215 784/996/1322 783/1049/1378
s 83
f 749/924/1228 750/923/1227 777/1050/1379 776/950/1260
s 80
f 750/923/1224 751/994/1223 778/943/1249 777/1050/1380
s 83
f 732/917/1220 731/1051/1381 753/926/1230 754/925/1229
s 80
f 731/1052/1382 736/895/1195 752/922/1226 753/921/1225
s 92
f 755/998/1324 756/928/1383 789/1053/1384 788/999/1325
s 83
f 756/928/1385 757/927/1231 790/1002/1328 789/1053/1386
s 82
f 742/907/1207 741/1054/1387 759/934/1238 760/933/1237
s 83
f 741/1055/1388 740/918/1221 758/930/1234 759/929/1233
s 80
f 745/992/1320 744/1048/1374 762/936/1240 763/995/1239
s 81
f 744/1048/1376 743/991/1319 761/939/1244 762/936/1243
f 782/993/1321 783/1049/1389 786/1056/1390 787/1005/1331
s 92
f 783/1049/1391 784/997/1323 785/1000/1326 786/1056/1392
s 83
f 779/953/1263 780/952/1262 804/1057/1393 805/1001/1327
s 90
f 780/952/1266 781/954/1265 803/1004/1330 804/1057/1394
f 770/948/1256 771/947/1255 813/1058/1395 814/1003/1329
s 81
f 771/947/1259 772/949/1258 812/1006/1332 813/1058/1396
s 83
f 821/973/1291 822/972/1290 834/1059/1397 833/1013/1339
s 92
f 822/972/1294 823/974/1293 835/1008/1334 834/1059/1398
f 824/958/1270 825/957/1269 837/1060/1399 836/1007/1333
s 81
f 825/957/1274 826/960/1273 838/1010/1336 837/1060/1400
f 827/989/1315 828/988/1314 840/1061/1401 839/1009/1335
s 90
f 828/988/1318 829/990/1317 841/1012/1338 840/1061/1402
f 830/982/1304 831/981/1303 843/1062/1403 842/1011/1337
s 83
f 831/981/1307 832/983/1306 844/1014/1340 843/1062/1404
f 833/1013/1339 834/1059/1397 846/1063/1405 845/1021/1347
s 92
f 834/1059/1398 835/1008/1334 847/1016/1342 846/1063/1406
f 836/1007/1333 837/1060/1399 849/1064/1407 848/1015/1341
s 81
f 837/1060/1400 838/1010/1336 850/1018/1344 849/1064/1408
f 839/1009/1335 840/1061/1401 852/1065/1409 851/1017/1343
s 90
f 840/1061/1402 841/1012/1338 853/1020/1346 852/1065/1410
f 842/1011/1337 843/1062/1403 855/1066/1411 854/1019/1345
s 83
f 843/1062/1404 844/1014/1340 856/1022/1348 855/1066/1412
f 845/1021/1347 846/1063/1405 858/1067/1413 857/1029/1355
s 92
f 846/1063/1406 847/1016/1342 859/1024/1350 858/1067/1414
f 848/1015/1341 849/1064/1407 861/1068/1415 860/1023/1349
s 81
f 849/1064/1408 850/1018/1344 862/1026/1352 861/1068/1416
f 851/1017/1343 852/1065/1409 864/1069/1417 863/1025/1351
s 90
f 852/1065/1410 853/1020/1346 865/1028/1354 864/1069/1418
f 854/1019/1345 855/1066/1411 867/1070/1419 866/1027/1353
s 83
f 855/1066/1412 856/1022/1348 868/1030/1356 867/1070/1420
f 857/1029/1355 858/1067/1413 870/1071/1421 869/1037/1363
s 92
f 858/1067/1414 859/1024/1350 871/1032/1358 870/1071/1422
f 860/1023/1349 861/1068/1415 873/1072/1423 872/1031/1357
s 81
f 861/1068/1416 862/1026/1352 874/1034/1360 873/1072/1424
f 863/1025/1351 864/1069/1417 876/1073/1425 875/1033/1359
s 90
f 864/1069/1418 865/1028/1354 877/1036/1362 876/1073/1426
f 866/1027/1353 867/1070/1419 879/1074/1427 878/1035/1361
s 83
f 867/1070/1420 868/1030/1356 880/1038/1364 879/1074/1428
f 869/1037/1363 870/1071/1421 882/1075/1429 881/1045/1371
s 92
f 870/1071/1422 871/1032/1358 883/1040/1366 882/1075/1430
f 872/1031/1357 873/1072/1423 885/1076/1431 884/1039/1365
s 81
f 873/1072/1424 874/1034/1360 886/1042/1368 885/1076/1432
f 875/1033/1359 876/1073/1425 888/1077/1433 887/1041/1367
s 90
f 876/1073/1426 877/1036/1362 889/1044/1370 888/1077/1434
f 878/1035/1361 879/1074/1427 891/1078/1435 890/1043/1369
s 83
f 879/1074/1428 880/1038/1364 892/1046/1372 891/1078/1436
s 92
f 788/999/1325 789/1053/1384 882/1075/1430 883/1040/1366
s 83
f 789/1053/1386 790/1002/1328 881/1045/1371 882/1075/1429
s 81
f 787/1005/1331 786/1056/1390 885/1076/1432 886/1042/1368
s 92
f 786/1056/1392 785/1000/1326 884/1039/1365 885/1076/1431
s 90
f 814/1003/1329 813/1058/1395 888/1077/1434 889/1044/1370
s 81
f 813/1058/1396 812/1006/1332 887/1041/1367 888/1077/1433
s 83
f 805/1001/1327 804/1057/1393 891/1078/1436 892/1046/1372
s 90
f 804/1057/1394 803/1004/1330 890/1043/1369 891/1078/1435
s 80
f 723/1047/1373 724/894/1194 719/893/1193 893/1079/1437
s 79
f 719/890/1190 720/889/1189 721/901/1201 893/1080/1438
s 81
f 721/898/1198 722/897/1197 723/1047/1375 893/1079/1439
s 79
f 729/903/1203 730/902/1202 725/908/1208 894/1081/1440
s 82
f 725/905/1205 726/904/1204 727/911/1214 894/1082/1441
s 81
f 727/911/1211 728/900/1200 729/899/1199 894/1082/1442
s 80
f 735/896/1196 736/895/1195 731/1052/1382 895/1083/1443
s 83
f 731/1051/1381 732/917/1220 733/915/1219 895/1084/1444
s 79
f 733/915/1217 734/892/1192 735/891/1191 895/1084/1445
s 82
f 741/1054/1387 742/907/1207 737/906/1206 896/1085/1446
s 79
f 737/910/1210 738/909/1209 739/916/1218 896/1086/1447
s 83
f 739/916/1222 740/918/1221 741/1055/1388 896/1086/1448
s 90
f 768/946/1254 769/944/1251 764/941/1250 897/1087/1449
s 80
f 764/941/1247 765/938/1242 766/937/1241 897/1087/1450
s 81
f 766/937/1246 767/940/1245 768/946/1257 897/1087/1451
s 80
f 777/1050/1380 778/943/1249 773/942/1248 898/1088/1452
s 90
f 773/942/1253 774/945/1252 775/951/1264 898/1088/1453
s 83
f 775/951/1261 776/950/1260 777/1050/1379 898/1088/1454
s 81
f 795/966/1282 796/959/1272 791/956/1271 899/1089/1455
s 92
f 791/956/1268 792/955/1267 793/962/1279 899/1089/1456
s 94
f 793/962/1276 794/961/1275 795/966/1285 899/1089/1457
s 92
f 801/963/1281 802/965/1280 797/971/1292 900/1090/1458
s 83
f 797/971/1289 798/970/1288 799/975/1298 900/1090/1459
s 94
f 799/975/1295 800/964/1278 801/963/1277 900/1090/1460
s 83
f 810/976/1300 811/978/1299 806/980/1305 901/1091/1461
s 90
f 806/980/1302 807/979/1301 808/984/1310 901/1091/1462
s 94
f 808/984/1308 809/977/1297 810/976/1296 901/1091/1463
s 90
f 819/985/1312 820/986/1311 815/987/1316 902/1092/1464
s 81
f 815/987/1313 816/968/1284 817/967/1283 902/1092/1465
s 94
f 817/967/1287 818/969/1286 819/985/1309 902/1092/1466
s 98
f 908/1093/1467 905/1094/1468 910/1095/1469 913/1096/1470
s 99
f 925/1097/1471 923/1098/1472 916/1099/1473 920/1100/1474
s 100
f 912/1101/1475 911/1102/1476 922/1103/1477 926/1104/1478
s 101
f 919/1105/1479 917/1106/1480 904/1107/1481 906/1108/1482
f 904/1107/1481 903/1109/1483 907/1110/1484 906/1108/1482
s 98
f 903/1109/1485 905/1094/1468 908/1093/1467 907/1111/1486
f 910/1095/1469 909/1112/1487 914/1113/1488 913/1096/1470
s 100
f 909/1112/1489 911/1102/1476 912/1101/1475 914/1114/1490
s 99
f 916/1099/1473 915/1115/1491 918/1116/1492 920/1100/1474
s 101
f 915/1117/1493 917/1106/1480 919/1105/1479 918/1118/1494
s 100
f 922/1103/1477 921/1119/1495 924/1120/1496 926/1104/1478
s 99
f 921/1121/1497 923/1098/1472 925/1097/1471 924/1122/1498
s 102
f 932/1123/1499 929/1124/1500 934/1125/1501 937/1126/1502
s 103
f 949/1127/1503 947/1128/1504 940/1129/1505 944/1130/1506
s 104
f 936/1131/1507 935/1132/1508 946/1133/1509 950/1134/1510
s 105
f 943/1135/1511 941/1136/1512 928/1137/1513 930/1138/1514
f 928/1137/1513 927/1139/1515 931/1140/1516 930/1138/1514
s 102
f 927/1139/1517 929/1124/1500 932/1123/1499 931/1141/1518
f 934/1125/1501 933/1142/1519 938/1143/1520 937/1126/1502
s 104
f 933/1142/1521 935/1132/1508 936/1131/1507 938/1144/1522
s 103
f 940/1129/1505 939/1145/1523 942/1146/1524 944/1130/1506
s 105
f 939/1147/1525 941/1136/1512 943/1135/1511 942/1148/1526
s 104
f 946/1133/1509 945/1149/1527 948/1150/1528 950/1134/1510
s 103
f 945/1151/1529 947/1128/1504 949/1127/1503 948/1152/1530
s 106
f 956/1153/1531 953/1154/1532 958/1155/1533 961/1156/1534
s 107
f 973/1157/1535 971/1158/1536 964/1159/1537 968/1160/1538
s 108
f 960/1161/1539 959/1162/1540 970/1163/1541 974/1164/1542
s 109
f 967/1165/1543 965/1166/1544 952/1167/1545 954/1168/1546
f 952/1167/1545 951/1169/1547 955/1170/1548 954/1168/1546
s 106
f 951/1169/1549 953/1154/1532 956/1153/1531 955/1171/1550
f 958/1155/1533 957/1172/1551 962/1173/1552 961/1156/1534
s 108
f 957/1172/1553 959/1162/1540 960/1161/1539 962/1174/1554
s 107
f 964/1159/1537 963/1175/1555 966/1176/1556 968/1160/1538
s 109
f 963/1177/1557 965/1166/1544 967/1165/1543 966/1178/1558
s 108
f 970/1163/1541 969/1179/1559 972/1180/1560 974/1164/1542
s 107
f 969/1181/1561 971/1158/1536 973/1157/1535 972/1182/1562
s 110
f 980/1183/1563 977/1184/1564 982/1185/1565 985/1186/1566
s 111
f 997/1187/1567 995/1188/1568 988/1189/1569 992/1190/1570
s 112
f 984/1191/1571 983/1192/1572 994/1193/1573 998/1194/1574
s 113
f 991/1195/1575 989/1196/1576 976/1197/1577 978/1198/1578
f 976/1197/1577 975/1199/1579 979/1200/1580 978/1198/1578
s 110
f 975/1199/1581 977/1184/1564 980/1183/1563 979/1201/1582
f 982/1185/1565 981/1202/1583 986/1203/1584 985/1186/1566
s 112
f 981/1202/1585 983/1192/1572 984/1191/1571 986/1204/1586
s 111
f 988/1189/1569 987/1205/1587 990/1206/1588 992/1190/1570
s 113
f 987/1207/1589 989/1196/1576 991/1195/1575 990/1208/1590
s 112
f 994/1193/1573 993/1209/1591 996/1210/1592 998/1194/1574
s 111
f 993/1211/1593 995/1188/1568 997/1187/1567 996/1212/1594
s 114
f 1004/1213/1595 1001/1214/1596 1006/1215/1597 1009/1216/1598
s 115
f 1021/1217/1599 1019/1218/1600 1012/1219/1601 1016/1220/1602
s 116
f 1008/1221/1603 1007/1222/1604 1018/1223/1605 1022/1224/1606
s 117
f 1015/1225/1607 1013/1226/1608 1000/1227/1609 1002/1228/1610
f 1000/1227/1609 999/1229/1611 1003/1230/1612 1002/1228/1610
s 114
f 999/1229/1613 1001/1214/1596 1004/1213/1595 1003/1231/1614
f 1006/1215/1597 1005/1232/1615 1010/1233/1616 1009/1216/1598
s 116
f 1005/1232/1617 1007/1222/1604 1008/1221/1603 1010/1234/1618
s 115
f 1012/1219/1601 1011/1235/1619 1014/1236/1620 1016/1220/1602
s 117
f 1011/1237/1621 1013/1226/1608 1015/1225/1607 1014/1238/1622
s 116
f 1018/1223/1605 1017/1239/1623 1020/1240/1624 1022/1224/1606
s 115
f 1017/1241/1625 1019/1218/1600 1021/1217/1599 1020/1242/1626
s 118
f 1028/1243/1627 1025/1244/1628 1030/1245/1629 1033/1246/1630
s 119
f 1045/1247/1631 1043/1248/1632 1036/1249/1633 1040/1250/1634
s 120
f 1032/1251/1635 1031/1252/1636 1042/1253/1637 1046/1254/1638
s 121
f 1039/1255/1639 1037/1256/1640 1024/1257/1641 1026/1258/1642
f 1024/1257/1641 1023/1259/1643 1027/1260/1644 1026/1258/1642
s 118
f 1023/1259/1645 1025/1244/1628 1028/1243/1627 1027/1261/1646
f 1030/1245/1629 1029/1262/1647 1034/1263/1648 1033/1246/1630
s 120
f 1029/1262/1649 1031/1252/1636 1032/1251/1635 1034/1264/1650
s 119
f 1036/1249/1633 1035/1265/1651 1038/1266/1652 1040/1250/1634
s 121
f 1035/1267/1653 1037/1256/1640 1039/1255/1639 1038/1268/1654
s 120
f 1042/1253/1637 1041/1269/1655 1044/1270/1656 1046/1254/1638
s 119
f 1041/1271/1657 1043/1248/1632 1045/1247/1631 1044/1272/1658
s 122
f 1052/1273/1659 1049/1274/1660 1054/1275/1661 1057/1276/1662
s 123
f 1069/1277/1663 1067/1278/1664 1060/1279/1665 1064/1280/1666
s 124
f 1056/1281/1667 1055/1282/1668 1066/1283/1669 1070/1284/1670
s 125
f 1063/1285/1671 1061/1286/1672 1048/1287/1673 1050/1288/1674
f 1048/1287/1673 1047/1289/1675 1051/1290/1676 1050/1288/1674
s 122
f 1047/1289/1677 1049/1274/1660 1052/1273/1659 1051/1291/1678
f 1054/1275/1661 1053/1292/1679 1058/1293/1680 1057/1276/1662
s 124
f 1053/1292/1681 1055/1282/1668 1056/1281/1667 1058/1294/1682
s 123
f 1060/1279/1665 1059/1295/1683 1062/1296/1684 1064/1280/1666
s 125
f 1059/1297/1685 1061/1286/1672 1063/1285/1671 1062/1298/1686
s 124
f 1066/1283/1669 1065/1299/1687 1068/1300/1688 1070/1284/1670
s 123
f 1065/1301/1689 1067/1278/1664 1069/1277/1663 1068/1302/1690
s 126
f 1090/1303/1691 1096/1304/1692 1105/1305/1693 1101/1306/1694
f 1100/1307/1695 1106/1308/1696 1083/1309/1697 1082/1310/1698
f 1095/1311/1699 1091/1312/1700 1074/1313/1701 1075/1314/1702
f 1074/1313/1701 1073/1315/1703 1076/1316/1704 1075/1314/1702
f 1073/1315/1703 1072/1317/1705 1077/1318/1706 1076/1316/1704
f 1072/1317/1705 1071/1319/1707 1078/1320/1708 1077/1321/1706
f 1081/1322/1709 1080/1323/1710 1085/1324/1711 1084/1325/1712
f 1080/1323/1710 1079/1326/1713 1086/1327/1714 1085/1328/1711
f 1079/1326/1713 1082/1310/1698 1083/1309/1697 1086/1327/1714
f 1090/1303/1691 1089/1329/1715 1092/1330/1716 1096/1304/1692
f 1089/1329/1715 1088/1331/1717 1093/1332/1718 1092/1330/1716
f 1088/1333/1717 1087/1334/1719 1094/1335/1720 1093/1336/1718
f 1087/1334/1719 1091/1312/1700 1095/1311/1699 1094/1335/1720
f 1100/1307/1695 1099/1337/1721 1102/1338/1722 1106/1308/1696
f 1099/1337/1721 1098/1339/1723 1103/1340/1724 1102/1338/1722
f 1098/1341/1723 1097/1342/1725 1104/1343/1726 1103/1344/1724
f 1097/1342/1725 1101/1306/1694 1105/1305/1693 1104/1343/1726
s 130
f 1126/1345/1727 1132/1346/1728 1141/1347/1729 1137/1348/1730
f 1136/1349/1731 1142/1350/1732 1119/1351/1733 1118/1352/1734
f 1131/1353/1735 1127/1354/1736 1110/1355/1737 1111/1356/1738
f 1110/1355/1737 1109/1357/1739 1112/1358/1740 1111/1356/1738
f 1109/1357/1739 1108/1359/1741 1113/1360/1742 1112/1358/1740
f 1108/1359/1741 1107/1361/1743 1114/1362/1744 1113/1363/1742
f 1117/1364/1745 1116/1365/1746 1121/1366/1747 1120/1367/1748
f 1116/1365/1746 1115/1368/1749 1122/1369/1750 1121/1370/1747
f 1115/1368/1749 1118/1352/1734 1119/1351/1733 1122/1369/1750
f 1126/1345/1727 1125/1371/1751 1128/1372/1752 1132/1346/1728
f 1125/1371/1751 1124/1373/1753 1129/1374/1754 1128/1372/1752
f 1124/1375/1753 1123/1376/1755 1130/1377/1756 1129/1378/1754
f 1123/1376/1755 1127/1354/1736 1131/1353/1735 1130/1377/1756
f 1136/1349/1731 1135/1379/1757 1138/1380/1758 1142/1350/1732
f 1135/1379/1757 1134/1381/1759 1139/1382/1760 1138/1380/1758
f 1134/1383/1759 1133/1384/1761 1140/1385/1762 1139/1386/1760
f 1133/1384/1761 1137/1348/1730 1141/1347/1729 1140/1385/1762
s 134
f 1162/1387/1763 1168/1388/1764 1177/1389/1765 1173/1390/1766
f 1172/1391/1767 1178/1392/1768 1155/1393/1769 1154/1394/1770
f 1167/1395/1771 1163/1396/1772 1146/1397/1773 1147/1398/1774
f 1146/1397/1773 1145/1399/1775 1148/1400/1776 1147/1398/1774
f 1145/1399/1775 1144/1401/1777 1149/1402/1778 1148/1400/1776
f 1144/1401/1777 1143/1403/1779 1150/1404/1780 1149/1405/1778
f 1153/1406/1781 1152/1407/1782 1157/1408/1783 1156/1409/1784
f 1152/1407/1782 1151/1410/1785 1158/1411/1786 1157/1412/1783
f 1151/1410/1785 1154/1394/1770 1155/1393/1769 1158/1411/1786
f 1162/1387/1763 1161/1413/1787 1164/1414/1788 1168/1388/1764
f 1161/1413/1787 1160/1415/1789 1165/1416/1790 1164/1414/1788
f 1160/1417/1789 1159/1418/1791 1166/1419/1792 1165/1420/1790
f 1159/1418/1791 1163/1396/1772 1167/1395/1771 1166/1419/1792
f 1172/1391/1767 1171/1421/1793 1174/1422/1794 1178/1392/1768
f 1171/1421/1793 1170/1423/1795 1175/1424/1796 1174/1422/1794
f 1170/1425/1795 1169/1426/1797 1176/1427/1798 1175/1428/1796
f 1169/1426/1797 1173/1390/1766 1177/1389/1765 1176/1427/1798
s 138
f 1198/1429/1799 1204/1430/1800 1213/1431/1801 1209/1432/1802
f 1208/1433/1803 1214/1434/1804 1191/1435/1805 1190/1436/1806
f 1203/1437/1807 1199/1438/1808 1182/1439/1809 1183/1440/1810
f 1182/1439/1809 1181/1441/1811 1184/1442/1812 1183/1440/1810
f 1181/1441/1811 1180/1443/1813 1185/1444/1814 1184/1442/1812
f 1180/1443/1813 1179/1445/1815 1186/1446/1816 1185/1447/1814
f 1189/1448/1817 1188/1449/1818 1193/1450/1819 1192/1451/1820
f 1188/1449/1818 1187/1452/1821 1194/1453/1822 1193/1454/1819
f 1187/1452/1821 1190/1436/1806 1191/1435/1805 1194/1453/1822
f 1198/1429/1799 1197/1455/1823 1200/1456/1824 1204/1430/1800
f 1197/1455/1823 1196/1457/1825 1201/1458/1826 1200/1456/1824
f 1196/1459/1825 1195/1460/1827 1202/1461/1828 1201/1462/1826
f 1195/1460/1827 1199/1438/1808 1203/1437/1807 1202/1461/1828
f 1208/1433/1803 1207/1463/1829 1210/1464/1830 1214/1434/1804
f 1207/1463/1829 1206/1465/1831 1211/1466/1832 1210/1464/1830
f 1206/1467/1831 1205/1468/1833 1212/1469/1834 1211/1470/1832
f 1205/1468/1833 1209/1432/1802 1213/1431/1801 1212/1469/1834
s 142
f 1234/1471/1835 1240/1472/1836 1249/1473/1837 1245/1474/1838
f 1244/1475/1839 1250/1476/1840 1227/1477/1841 1226/1478/1842
f 1239/1479/1843 1235/1480/1844 1218/1481/1845 1219/1482/1846
f 1218/1481/1845 1217/1483/1847 1220/1484/1848 1219/1482/1846
f 1217/1483/1847 1216/1485/1849 1221/1486/1850 1220/1484/1848
f 1216/1485/1849 1215/1487/1851 1222/1488/1852 1221/1489/1850
f 1225/1490/1853 1224/1491/1854 1229/1492/1855 1228/1493/1856
f 1224/1491/1854 1223/1494/1857 1230/1495/1858 1229/1496/1855
f 1223/1494/1857 1226/1478/1842 1227/1477/1841 1230/1495/1858
f 1234/1471/1835 1233/1497/1859 1236/1498/1860 1240/1472/1836
f 1233/1497/1859 1232/1499/1861 1237/1500/1862 1236/1498/1860
f 1232/1501/1861 1231/1502/1863 1238/1503/1864 1237/1504/1862
f 1231/1502/1863 1235/1480/1844 1239/1479/1843 1238/1503/1864
f 1244/1475/1839 1243/1505/1865 1246/1506/1866 1250/1476/1840
f 1243/1505/1865 1242/1507/1867 1247/1508/1868 1246/1506/1866
f 1242/1509/1867 1241/1510/1869 1248/1511/1870 1247/1512/1868
f 1241/1510/1869 1245/1474/1838 1249/1473/1837 1248/1511/1870
s 146
f 1270/1513/1871 1276/1514/1872 1285/1515/1873 1281/1516/1874
f 1280/1517/1875 1286/1518/1876 1263/1519/1877 1262/1520/1878
f 1275/1521/1879 1271/1522/1880 1254/1523/1881 1255/1524/1882
f 1254/1523/1881 1253/1525/1883 1256/1526/1884 1255/1524/1882
f 1253/1525/1883 1252/1527/1885 1257/1528/1886 1256/1526/1884
f 1252/1527/1885 1251/1529/1887 1258/1530/1888 1257/1531/1886
f 1261/1532/1889 1260/1533/1890 1265/1534/1891 1264/1535/1892
f 1260/1533/1890 1259/1536/1893 1266/1537/1894 1265/1538/1891
f 1259/1536/1893 1262/1520/1878 1263/1519/1877 1266/1537/1894
f 1270/1513/1871 1269/1539/1895 1272/1540/1896 1276/1514/1872
f 1269/1539/1895 1268/1541/1897 1273/1542/1898 1272/1540/1896
f 1268/1543/1897 1267/1544/1899 1274/1545/1900 1273/1546/1898
f 1267/1544/1899 1271/1522/1880 1275/1521/1879 1274/1545/1900
f 1280/1517/1875 1279/1547/1901 1282/1548/1902 1286/1518/1876
f 1279/1547/1901 1278/1549/1903 1283/1550/1904 1282/1548/1902
f 1278/1551/1903 1277/1552/1905 1284/1553/1906 1283/1554/1904
f 1277/1552/1905 1281/1516/1874 1285/1515/1873 1284/1553/1906
s 150
f 1306/1555/1907 1312/1556/1908 1321/1557/1909 1317/1558/1910
f 1316/1559/1911 1322/1560/1912 1299/1561/1913 1298/1562/1914
f 1311/1563/1915 1307/1564/1916 1290/1565/1917 1291/1566/1918
f 1290/1565/1917 1289/1567/1919 1292/1568/1920 1291/1566/1918
f 1289/1567/1919 1288/1569/1921 1293/1570/1922 1292/1568/1920
f 1288/1569/1921 1287/1571/1923 1294/1572/1924 1293/1573/1922
f 1297/1574/1925 1296/1575/1926 1301/1576/1927 1300/1577/1928
f 1296/1575/1926 1295/1578/1929 1302/1579/1930 1301/1580/1927
f 1295/1578/1929 1298/1562/1914 1299/1561/1913 1302/1579/1930
f 1306/1555/1907 1305/1581/1931 1308/1582/1932 1312/1556/1908
f 1305/1581/1931 1304/1583/1933 1309/1584/1934 1308/1582/1932
f 1304/1585/1933 1303/1586/1935 1310/1587/1936 1309/1588/1934
f 1303/1586/1935 1307/1564/1916 1311/1563/1915 1310/1587/1936
f 1316/1559/1911 1315/1589/1937 1318/1590/1938 1322/1560/1912
f 1315/1589/1937 1314/1591/1939 1319/1592/1940 1318/1590/1938
f 1314/1593/1939 1313/1594/1941 1320/1595/1942 1319/1596/1940
f 1313/1594/1941 1317/1558/1910 1321/1557/1909 1320/1595/1942
s 154
f 1342/1597/1943 1348/1598/1944 1357/1599/1945 1353/1600/1946
f 1352/1601/1947 1358/1602/1948 1335/1603/1949 1334/1604/1950
f 1347/1605/1951 1343/1606/1952 1326/1607/1953 1327/1608/1954
f 1326/1607/1953 1325/1609/1955 1328/1610/1956 1327/1608/1954
f 1325/1609/1955 1324/1611/1957 1329/1612/1958 1328/1610/1956
f 1324/1611/1957 1323/1613/1959 1330/1614/1960 1329/1615/1958
f 1333/1616/1961 1332/1617/1962 1337/1618/1963 1336/1619/1964
f 1332/1617/1962 1331/1620/1965 1338/1621/1966 1337/1622/1963
f 1331/1620/1965 1334/1604/1950 1335/1603/1949 1338/1621/1966
f 1342/1597/1943 1341/1623/1967 1344/1624/1968 1348/1598/1944
f 1341/1623/1967 1340/1625/1969 1345/1626/1970 1344/1624/1968
f 1340/1627/1969 1339/1628/1971 1346/1629/1972 1345/1630/1970
f 1339/1628/1971 1343/1606/1952 1347/1605/1951 1346/1629/1972
f 1352/1601/1947 1351/1631/1973 1354/1632/1974 1358/1602/1948
f 1351/1631/1973 1350/1633/1975 1355/1634/1976 1354/1632/1974
f 1350/1635/1975 1349/1636/1977 1356/1637/1978 1355/1638/1976
f 1349/1636/1977 1353/1600/1946 1357/1599/1945 1356/1637/1978
s 158
f 1378/1639/1979 1384/1640/1980 1393/1641/1981 1389/1642/1982
f 1388/1643/1983 1394/1644/1984 1371/1645/1985 1370/1646/1986
f 1383/1647/1987 1379/1648/1988 1362/1649/1989 1363/1650/1990
f 1362/1649/1989 1361/1651/1991 1364/1652/1992 1363/1650/1990
f 1361/1651/1991 1360/1653/1993 1365/1654/1994 1364/1652/1992
f 1360/1653/1993 1359/1655/1995 1366/1656/1996 1365/1657/1994
f 1369/1658/1997 1368/1659/1998 1373/1660/1999 1372/1661/2000
f 1368/1659/1998 1367/1662/2001 1374/1663/2002 1373/1664/1999
f 1367/1662/2001 1370/1646/1986 1371/1645/1985 1374/1663/2002
f 1378/1639/1979 1377/1665/2003 1380/1666/2004 1384/1640/1980
f 1377/1665/2003 1376/1667/2005 1381/1668/2006 1380/1666/2004
f 1376/1669/2005 1375/1670/2007 1382/1671/2008 1381/1672/2006
f 1375/1670/2007 1379/1648/1988 1383/1647/1987 1382/1671/2008
f 1388/1643/1983 1387/1673/2009 1390/1674/2010 1394/1644/1984
f 1387/1673/2009 1386/1675/2011 1391/1676/2012 1390/1674/2010
f 1386/1677/2011 1385/1678/2013 1392/1679/2014 1391/1680/2012
f 1385/1678/2013 1389/1642/1982 1393/1641/1981 1392/1679/2014
s 162
f 1414/1681/2015 1420/1682/2016 1429/1683/2017 1425/1684/2018
f 1424/1685/2019 1430/1686/2020 1407/1687/2021 1406/1688/2022
f 1419/1689/2023 1415/1690/2024 1398/1691/2025 1399/1692/2026
f 1398/1691/2025 1397/1693/2027 1400/1694/2028 1399/1692/2026
f 1397/1693/2027 1396/1695/2029 1401/1696/2030 1400/1694/2028
f 1396/1695/2029 1395/1697/2031 1402/1698/2032 1401/1699/2030
f 1405/1700/2033 1404/1701/2034 1409/1702/2035 1408/1703/2036
f 1404/1701/2034 1403/1704/2037 1410/1705/2038 1409/1706/2035
f 1403/1704/2037 1406/1688/2022 1407/1687/2021 1410/1705/2038
f 1414/1681/2015 1413/1707/2039 1416/1708/2040 1420/1682/2016
f 1413/1707/2039 1412/1709/2041 1417/1710/2042 1416/1708/2040
f 1412/1711/2041 1411/1712/2043 1418/1713/2044 1417/1714/2042
f 1411/1712/2043 1415/1690/2024 1419/1689/2023 1418/1713/2044
f 1424/1685/2019 1423/1715/2045 1426/1716/2046 1430/1686/2020
f 1423/1715/2045 1422/1717/2047 1427/1718/2048 1426/1716/2046
f 1422/1719/2047 1421/1720/2049 1428/1721/2050 1427/1722/2048
f 1421/1720/2049 1425/1684/2018 1429/1683/2017 1428/1721/2050
s 166
f 1450/1723/2051 1456/1724/2052 1465/1725/2053 1461/1726/2054
f 1460/1727/2055 1466/1728/2056 1443/1729/2057 1442/1730/2058
f 1455/1731/2059 1451/1732/2060 1434/1733/2061 1435/1734/2062
f 1434/1733/2061 1433/1735/2063 1436/1736/2064 1435/1734/2062
f 1433/1735/2063 1432/1737/2065 1437/1738/2066 1436/1736/2064
f 1432/1737/2065 1431/1739/2067 1438/1740/2068 1437/1741/2066
f 1441/1742/2069 1440/1743/2070 1445/1744/2071 1444/1745/2072
f 1440/1743/2070 1439/1746/2073 1446/1747/2074 1445/1748/2071
f 1439/1746/2073 1442/1730/2058 1443/1729/2057 1446/1747/2074
f 1450/1723/2051 1449/1749/2075 1452/1750/2076 1456/1724/2052
f 1449/1749/2075 1448/1751/2077 1453/1752/2078 1452/1750/2076
f 1448/1753/2077 1447/1754/2079 1454/1755/2080 1453/1756/2078
f 1447/1754/2079 1451/1732/2060 1455/1731/2059 1454/1755/2080
f 1460/1727/2055 1459/1757/2081 1462/1758/2082 1466/1728/2056
f 1459/1757/2081 1458/1759/2083 1463/1760/2084 1462/1758/2082
f 1458/1761/2083 1457/1762/2085 1464/1763/2086 1463/1764/2084
f 1457/1762/2085 1461/1726/2054 1465/1725/2053 1464/1763/2086
s 170
f 1486/1765/2087 1492/1766/2088 1501/1767/2089 1497/1768/2090
f 1496/1769/2091 1502/1770/2092 1479/1771/2093 1478/1772/2094
f 1491/1773/2095 1487/1774/2096 1470/1775/2097 1471/1776/2098
f 1470/1775/2097 1469/1777/2099 1472/1778/2100 1471/1776/2098
f 1469/1777/2099 1468/1779/2101 1473/1780/2102 1472/1778/2100
f 1468/1779/2101 1467/1781/2103 1474/1782/2104 1473/1783/2102
f 1477/1784/2105 1476/1785/2106 1481/1786/2107 1480/1787/2108
f 1476/1785/2106 1475/1788/2109 1482/1789/2110 1481/1790/2107
f 1475/1788/2109 1478/1772/2094 1479/1771/2093 1482/1789/2110
f 1486/1765/2087 1485/1791/2111 1488/1792/2112 1492/1766/2088
f 1485/1791/2111 1484/1793/2113 1489/1794/2114 1488/1792/2112
f 1484/1795/2113 1483/1796/2115 1490/1797/2116 1489/1798/2114
f 1483/1796/2115 1487/1774/2096 1491/1773/2095 1490/1797/2116
f 1496/1769/2091 1495/1799/2117 1498/1800/2118 1502/1770/2092
f 1495/1799/2117 1494/1801/2119 1499/1802/2120 1498/1800/2118
f 1494/1803/2119 1493/1804/2121 1500/1805/2122 1499/1806/2120
f 1493/1804/2121 1497/1768/2090 1501/1767/2089 1500/1805/2122
s 174
f 1522/1807/2123 1528/1808/2124 1537/1809/2125 1533/1810/2126
f 1532/1811/2127 1538/1812/2128 1515/1813/2129 1514/1814/2130
f 1527/1815/2131 1523/1816/2132 1506/1817/2133 1507/1818/2134
f 1506/1817/2133 1505/1819/2135 1508/1820/2136 1507/1818/2134
f 1505/1819/2135 1504/1821/2137 1509/1822/2138 1508/1820/2136
f 1504/1821/2137 1503/1823/2139 1510/1824/2140 1509/1825/2138
f 1513/1826/2141 1512/1827/2142 1517/1828/2143 1516/1829/2144
f 1512/1827/2142 1511/1830/2145 1518/1831/2146 1517/1832/2143
f 1511/1830/2145 1514/1814/2130 1515/1813/2129 1518/1831/2146
f 1522/1807/2123 1521/1833/2147 1524/1834/2148 1528/1808/2124
f 1521/1833/2147 1520/1835/2149 1525/1836/2150 1524/1834/2148
f 1520/1837/2149 1519/1838/2151 1526/1839/2152 1525/1840/2150
f 1519/1838/2151 1523/1816/2132 1527/1815/2131 1526/1839/2152
f 1532/1811/2127 1531/1841/2153 1534/1842/2154 1538/1812/2128
f 1531/1841/2153 1530/1843/2155 1535/1844/2156 1534/1842/2154
f 1530/1845/2155 1529/1846/2157 1536/1847/2158 1535/1848/2156
f 1529/1846/2157 1533/1810/2126 1537/1809/2125 1536/1847/2158
s 178
f 1558/1849/2159 1564/1850/2160 1573/1851/2161 1569/1852/2162
f 1568/1853/2163 1574/1854/2164 1551/1855/2165 1550/1856/2166
f 1563/1857/2167 1559/1858/2168 1542/1859/2169 1543/1860/2170
f 1542/1859/2169 1541/1861/2171 1544/1862/2172 1543/1860/2170
f 1541/1861/2171 1540/1863/2173 1545/1864/2174 1544/1862/2172
f 1540/1863/2173 1539/1865/2175 1546/1866/2176 1545/1867/2174
f 1549/1868/2177 1548/1869/2178 1553/1870/2179 1552/1871/2180
f 1548/1869/2178 1547/1872/2181 1554/1873/2182 1553/1874/2179
f 1547/1872/2181 1550/1856/2166 1551/1855/2165 1554/1873/2182
f 1558/1849/2159 1557/1875/2183 1560/1876/2184 1564/1850/2160
f 1557/1875/2183 1556/1877/2185 1561/1878/2186 1560/1876/2184
f 1556/1879/2185 1555/1880/2187 1562/1881/2188 1561/1882/2186
f 1555/1880/2187 1559/1858/2168 1563/1857/2167 1562/1881/2188
f 1568/1853/2163 1567/1883/2189 1570/1884/2190 1574/1854/2164
f 1567/1883/2189 1566/1885/2191 1571/1886/2192 1570/1884/2190
f 1566/1887/2191 1565/1888/2193 1572/1889/2194 1571/1890/2192
f 1565/1888/2193 1569/1852/2162 1573/1851/2161 1572/1889/2194
s 182
f 1594/1891/2195 1600/1892/2196 1609/1893/2197 1605/1894/2198
f 1604/1895/2199 1610/1896/2200 1587/1897/2201 1586/1898/2202
f 1599/1899/2203 1595/1900/2204 1578/1901/2205 1579/1902/2206
f 1578/1901/2205 1577/1903/2207 1580/1904/2208 1579/1902/2206
f 1577/1903/2207 1576/1905/2209 1581/1906/2210 1580/1904/2208
f 1576/1905/2209 1575/1907/2211 1582/1908/2212 1581/1909/2210
f 1585/1910/2213 1584/1911/2214 1589/1912/2215 1588/1913/2216
f 1584/1911/2214 1583/1914/2217 1590/1915/2218 1589/1916/2215
f 1583/1914/2217 1586/1898/2202 1587/1897/2201 1590/1915/2218
f 1594/1891/2195 1593/1917/2219 1596/1918/2220 1600/1892/2196
f 1593/1917/2219 1592/1919/2221 1597/1920/2222 1596/1918/2220
f 1592/1921/2221 1591/1922/2223 1598/1923/2224 1597/1924/2222
f 1591/1922/2223 1595/1900/2204 1599/1899/2203 1598/1923/2224
f 1604/1895/2199 1603/1925/2225 1606/1926/2226 1610/1896/2200
f 1603/1925/2225 1602/1927/2227 1607/1928/2228 1606/1926/2226
f 1602/1929/2227 1601/1930/2229 1608/1931/2230 1607/1932/2228
f 1601/1930/2229 1605/1894/2198 1609/1893/2197 1608/1931/2230
s 186
f 1630/1933/2231 1636/1934/2232 1645/1935/2233 1641/1936/2234
f 1640/1937/2235 1646/1938/2236 1623/1939/2237 1622/1940/2238
f 1635/1941/2239 1631/1942/2240 1614/1943/2241 1615/1944/2242
f 1614/1943/2241 1613/1945/2243 1616/1946/2244 1615/1944/2242
f 1613/1945/2243 1612/1947/2245 1617/1948/2246 1616/1946/2244
f 1612/1947/2245 1611/1949/2247 1618/1950/2248 1617/1951/2246
f 1621/1952/2249 1620/1953/2250 1625/1954/2251 1624/1955/2252
f 1620/1953/2250 1619/1956/2253 1626/1957/2254 1625/1958/2251
f 1619/1956/2253 1622/1940/2238 1623/1939/2237 1626/1957/2254
f 1630/1933/2231 1629/1959/2255 1632/1960/2256 1636/1934/2232
f 1629/1959/2255 1628/1961/2257 1633/1962/2258 1632/1960/2256
f 1628/1963/2257 1627/1964/2259 1634/1965/2260 1633/1966/2258
f 1627/1964/2259 1631/1942/2240 1635/1941/2239 1634/1965/2260
f 1640/1937/2235 1639/1967/2261 1642/1968/2262 1646/1938/2236
f 1639/1967/2261 1638/1969/2263 1643/1970/2264 1642/1968/2262
f 1638/1971/2263 1637/1972/2265 1644/1973/2266 1643/1974/2264
f 1637/1972/2265 1641/1936/2234 1645/1935/2233 1644/1973/2266
s 190
f 1666/1975/2267 1672/1976/2268 1681/1977/2269 1677/1978/2270
f 1676/1979/2271 1682/1980/2272 1659/1981/2273 1658/1982/2274
f 1671/1983/2275 1667/1984/2276 1650/1985/2277 1651/1986/2278
f 1650/1985/2277 1649/1987/2279 1652/1988/2280 1651/1986/2278
f 1649/1987/2279 1648/1989/2281 1653/1990/2282 1652/1988/2280
f 1648/1989/2281 1647/1991/2283 1654/1992/2284 1653/1993/2282
f 1657/1994/2285 1656/1995/2286 1661/1996/2287 1660/1997/2288
f 1656/1995/2286 1655/1998/2289 1662/1999/2290 1661/2000/2287
f 1655/1998/2289 1658/1982/2274 1659/1981/2273 1662/1999/2290
f 1666/1975/2267 1665/2001/2291 1668/2002/2292 1672/1976/2268
f 1665/2001/2291 1664/2003/2293 1669/2004/2294 1668/2002/2292
f 1664/2005/2293 1663/2006/2295 1670/2007/2296 1669/2008/2294
f 1663/2006/2295 1667/1984/2276 1671/1983/2275 1670/2007/2296
f 1676/1979/2271 1675/2009/2297 1678/2010/2298 1682/1980/2272
f 1675/2009/2297 1674/2011/2299 1679/2012/2300 1678/2010/2298
f 1674/2013/2299 1673/2014/2301 1680/2015/2302 1679/2016/2300
f 1673/2014/2301 1677/1978/2270 1681/1977/2269 1680/2015/2302
s 194
f 1702/2017/2303 1708/2018/2304 1717/2019/2305 1713/2020/2306
f 1712/2021/2307 1718/2022/2308 1695/2023/2309 1694/2024/2310
f 1707/2025/2311 1703/2026/2312 1686/2027/2313 1687/2028/2314
f 1686/2027/2313 1685/2029/2315 1688/2030/2316 1687/2028/2314
f 1685/2029/2315 1684/2031/2317 1689/2032/2318 1688/2030/2316
f 1684/2031/2317 1683/2033/2319 1690/2034/2320 1689/2035/2318
f 1693/2036/2321 1692/2037/2322 1697/2038/2323 1696/2039/2324
f 1692/2037/2322 1691/2040/2325 1698/2041/2326 1697/2042/2323
f 1691/2040/2325 1694/2024/2310 1695/2023/2309 1698/2041/2326
f 1702/2017/2303 1701/2043/2327 1704/2044/2328 1708/2018/2304
f 1701/2043/2327 1700/2045/2329 1705/2046/2330 1704/2044/2328
f 1700/2047/2329 1699/2048/2331 1706/2049/2332 1705/2050/2330
f 1699/2048/2331 1703/2026/2312 1707/2025/2311 1706/2049/2332
f 1712/2021/2307 1711/2051/2333 1714/2052/2334 1718/2022/2308
f 1711/2051/2333 1710/2053/2335 1715/2054/2336 1714/2052/2334
f 1710/2055/2335 1709/2056/2337 1716/2057/2338 1715/2058/2336
f 1709/2056/2337 1713/2020/2306 1717/2019/2305 1716/2057/2338
s 198
f 1738/2059/2339 1744/2060/2340 1753/2061/2341 1749/2062/2342
f 1748/2063/2343 1754/2064/2344 1731/2065/2345 1730/2066/2346
f 1743/2067/2347 1739/2068/2348 1722/2069/2349 1723/2070/2350
f 1722/2069/2349 1721/2071/2351 1724/2072/2352 1723/2070/2350
f 1721/2071/2351 1720/2073/2353 1725/2074/2354 1724/2072/2352
f 1720/2073/2353 1719/2075/2355 1726/2076/2356 1725/2077/2354
f 1729/2078/2357 1728/2079/2358 1733/2080/2359 1732/2081/2360
f 1728/2079/2358 1727/2082/2361 1734/2083/2362 1733/2084/2359
f 1727/2082/2361 1730/2066/2346 1731/2065/2345 1734/2083/2362
f 1738/2059/2339 1737/2085/2363 1740/2086/2364 1744/2060/2340
f 1737/2085/2363 1736/2087/2365 1741/2088/2366 1740/2086/2364
f 1736/2089/2365 1735/2090/2367 1742/2091/2368 1741/2092/2366
f 1735/2090/2367 1739/2068/2348 1743/2067/2347 1742/2091/2368
f 1748/2063/2343 1747/2093/2369 1750/2094/2370 1754/2064/2344
f 1747/2093/2369 1746/2095/2371 1751/2096/2372 1750/2094/2370
f 1746/2097/2371 1745/2098/2373 1752/2099/2374 1751/2100/2372
f 1745/2098/2373 1749/2062/2342 1753/2061/2341 1752/2099/2374
s 202
f 1774/2101/2375 1780/2102/2376 1789/2103/2377 1785/2104/2378
f 1784/2105/2379 1790/2106/2380 1767/2107/2381 1766/2108/2382
f 1779/2109/2383 1775/2110/2384 1758/2111/2385 1759/2112/2386
f 1758/2111/2385 1757/2113/2387 1760/2114/2388 1759/2112/2386
f 1757/2113/2387 1756/2115/2389 1761/2116/2390 1760/2114/2388
f 1756/2115/2389 1755/2117/2391 1762/2118/2392 1761/2119/2390
f 1765/2120/2393 1764/2121/2394 1769/2122/2395 1768/2123/2396
f 1764/2121/2394 1763/2124/2397 1770/2125/2398 1769/2126/2395
f 1763/2124/2397 1766/2108/2382 1767/2107/2381 1770/2125/2398
f 1774/2101/2375 1773/2127/2399 1776/2128/2400 1780/2102/2376
f 1773/2127/2399 1772/2129/2401 1777/2130/2402 1776/2128/2400
f 1772/2131/2401 1771/2132/2403 1778/2133/2404 1777/2134/2402
f 1771/2132/2403 1775/2110/2384 1779/2109/2383 1778/2133/2404
f 1784/2105/2379 1783/2135/2405 1786/2136/2406 1790/2106/2380
f 1783/2135/2405 1782/2137/2407 1787/2138/2408 1786/2136/2406
f 1782/2139/2407 1781/2140/2409 1788/2141/2410 1787/2142/2408
f 1781/2140/2409 1785/2104/2378 1789/2103/2377 1788/2141/2410
s 206
f 1810/2143/2411 1816/2144/2412 1825/2145/2413 1821/2146/2414
f 1820/2147/2415 1826/2148/2416 1803/2149/2417 1802/2150/2418
f 1815/2151/2419 1811/2152/2420 1794/2153/2421 1795/2154/2422
f 1794/2153/2421 1793/2155/2423 1796/2156/2424 1795/2154/2422
f 1793/2155/2423 1792/2157/2425 1797/2158/2426 1796/2156/2424
f 1792/2157/2425 1791/2159/2427 1798/2160/2428 1797/2161/2426
f 1801/2162/2429 1800/2163/2430 1805/2164/2431 1804/2165/2432
f 1800/2163/2430 1799/2166/2433 1806/2167/2434 1805/2168/2431
f 1799/2166/2433 1802/2150/2418 1803/2149/2417 1806/2167/2434
f 1810/2143/2411 1809/2169/2435 1812/2170/2436 1816/2144/2412
f 1809/2169/2435 1808/2171/2437 1813/2172/2438 1812/2170/2436
f 1808/2173/2437 1807/2174/2439 1814/2175/2440 1813/2176/2438
f 1807/2174/2439 1811/2152/2420 1815/2151/2419 1814/2175/2440
f 1820/2147/2415 1819/2177/2441 1822/2178/2442 1826/2148/2416
f 1819/2177/2441 1818/2179/2443 1823/2180/2444 1822/2178/2442
f 1818/2181/2443 1817/2182/2445 1824/2183/2446 1823/2184/2444
f 1817/2182/2445 1821/2146/2414 1825/2145/2413 1824/2183/2446
s 210
f 1846/2185/2447 1852/2186/2448 1861/2187/2449 1857/2188/2450
f 1856/2189/2451 1862/2190/2452 1839/2191/2453 1838/2192/2454
f 1851/2193/2455 1847/2194/2456 1830/2195/2457 1831/2196/2458
f 1830/2195/2457 1829/2197/2459 1832/2198/2460 1831/2196/2458
f 1829/2197/2459 1828/2199/2461 1833/2200/2462 1832/2198/2460
f 1828/2199/2461 1827/2201/2463 1834/2202/2464 1833/2203/2462
f 1837/2204/2465 1836/2205/2466 1841/2206/2467 1840/2207/2468
f 1836/2205/2466 1835/2208/2469 1842/2209/2470 1841/2210/2467
f 1835/2208/2469 1838/2192/2454 1839/2191/2453 1842/2209/2470
f 1846/2185/2447 1845/2211/2471 1848/2212/2472 1852/2186/2448
f 1845/2211/2471 1844/2213/2473 1849/2214/2474 1848/2212/2472
f 1844/2215/2473 1843/2216/2475 1850/2217/2476 1849/2218/2474
f 1843/2216/2475 1847/2194/2456 1851/2193/2455 1850/2217/2476
f 1856/2189/2451 1855/2219/2477 1858/2220/2478 1862/2190/2452
f 1855/2219/2477 1854/2221/2479 1859/2222/2480 1858/2220/2478
f 1854/2223/2479 1853/2224/2481 1860/2225/2482 1859/2226/2480
f 1853/2224/2481 1857/2188/2450 1861/2187/2449 1860/2225/2482
s 214
f 1882/2227/2483 1888/2228/2484 1897/2229/2485 1893/2230/2486
f 1892/2231/2487 1898/2232/2488 1875/2233/2489 1874/2234/2490
f 1887/2235/2491 1883/2236/2492 1866/2237/2493 1867/2238/2494
f 1866/2237/2493 1865/2239/2495 1868/2240/2496 1867/2238/2494
f 1865/2239/2495 1864/2241/2497 1869/2242/2498 1868/2240/2496
f 1864/2241/2497 1863/2243/2499 1870/2244/2500 1869/2245/2498
f 1873/2246/2501 1872/2247/2502 1877/2248/2503 1876/2249/2504
f 1872/2247/2502 1871/2250/2505 1878/2251/2506 1877/2252/2503
f 1871/2250/2505 1874/2234/2490 1875/2233/2489 1878/2251/2506
f 1882/2227/2483 1881/2253/2507 1884/2254/2508 1888/2228/2484
f 1881/2253/2507 1880/2255/2509 1885/2256/2510 1884/2254/2508
f 1880/2257/2509 1879/2258/2511 1886/2259/2512 1885/2260/2510
f 1879/2258/2511 1883/2236/2492 1887/2235/2491 1886/2259/2512
f 1892/2231/2487 1891/2261/2513 1894/2262/2514 1898/2232/2488
f 1891/2261/2513 1890/2263/2515 1895/2264/2516 1894/2262/2514
f 1890/2265/2515 1889/2266/2517 1896/2267/2518 1895/2268/2516
f 1889/2266/2517 1893/2230/2486 1897/2229/2485 1896/2267/2518
s 218
f 1918/2269/2519 1924/2270/2520 1933/2271/2521 1929/2272/2522
f 1928/2273/2523 1934/2274/2524 1911/2275/2525 1910/2276/2526
f 1923/2277/2527 1919/2278/2528 1902/2279/2529 1903/2280/2530
f 1902/2279/2529 1901/2281/2531 1904/2282/2532 1903/2280/2530
f 1901/2281/2531 1900/2283/2533 1905/2284/2534 1904/2282/2532
f 1900/2283/2533 1899/2285/2535 1906/2286/2536 1905/2287/2534
f 1909/2288/2537 1908/2289/2538 1913/2290/2539 1912/2291/2540
f 1908/2289/2538 1907/2292/2541 1914/2293/2542 1913/2294/2539
f 1907/2292/2541 1910/2276/2526 1911/2275/2525 1914/2293/2542
f 1918/2269/2519 1917/2295/2543 1920/2296/2544 1924/2270/2520
f 1917/2295/2543 1916/2297/2545 1921/2298/2546 1920/2296/2544
f 1916/2299/2545 1915/2300/2547 1922/2301/2548 1921/2302/2546
f 1915/2300/2547 1919/2278/2528 1923/2277/2527 1922/2301/2548
f 1928/2273/2523 1927/2303/2549 1930/2304/2550 1934/2274/2524
f 1927/2303/2549 1926/2305/2551 1931/2306/2552 1930/2304/2550
f 1926/2307/2551 1925/2308/2553 1932/2309/2554 1931/2310/2552
f 1925/2308/2553 1929/2272/2522 1933/2271/2521 1932/2309/2554
s 222
f 1954/2311/2555 1960/2312/2556 1969/2313/2557 1965/2314/2558
f 1964/2315/2559 1970/2316/2560 1947/2317/2561 1946/2318/2562
f 1959/2319/2563 1955/2320/2564 1938/2321/2565 1939/2322/2566
f 1938/2321/2565 1937/2323/2567 1940/2324/2568 1939/2322/2566
f 1937/2323/2567 1936/2325/2569 1941/2326/2570 1940/2324/2568
f 1936/2325/2569 1935/2327/2571 1942/2328/2572 1941/2329/2570
f 1945/2330/2573 1944/2331/2574 1949/2332/2575 1948/2333/2576
f 1944/2331/2574 1943/2334/2577 1950/2335/2578 1949/2336/2575
f 1943/2334/2577 1946/2318/2562 1947/2317/2561 1950/2335/2578
f 1954/2311/2555 1953/2337/2579 1956/2338/2580 1960/2312/2556
f 1953/2337/2579 1952/2339/2581 1957/2340/2582 1956/2338/2580
f 1952/2341/2581 1951/2342/2583 1958/2343/2584 1957/2344/2582
f 1951/2342/2583 1955/2320/2564 1959/2319/2563 1958/2343/2584
f 1964/2315/2559 1963/2345/2585 1966/2346/2586 1970/2316/2560
f 1963/2345/2585 1962/2347/2587 1967/2348/2588 1966/2346/2586
f 1962/2349/2587 1961/2350/2589 1968/2351/2590 1967/2352/2588
f 1961/2350/2589 1965/2314/2558 1969/2313/2557 1968/2351/2590
s 226
f 1990/2353/2591 1996/2354/2592 2005/2355/2593 2001/2356/2594
f 2000/2357/2595 2006/2358/2596 1983/2359/2597 1982/2360/2598
f 1995/2361/2599 1991/2362/2600 1974/2363/2601 1975/2364/2602
f 1974/2363/2601 1973/2365/2603 1976/2366/2604 1975/2364/2602
f 1973/2365/2603 1972/2367/2605 1977/2368/2606 1976/2366/2604
f 1972/2367/2605 1971/2369/2607 1978/2370/2608 1977/2371/2606
f 1981/2372/2609 1980/2373/2610 1985/2374/2611 1984/2375/2612
f 1980/2373/2610 1979/2376/2613 1986/2377/2614 1985/2378/2611
f 1979/2376/2613 1982/2360/2598 1983/2359/2597 1986/2377/2614
f 1990/2353/2591 1989/2379/2615 1992/2380/2616 1996/2354/2592
f 1989/2379/2615 1988/2381/2617 1993/2382/2618 1992/2380/2616
f 1988/2383/2617 1987/2384/2619 1994/2385/2620 1993/2386/2618
f 1987/2384/2619 1991/2362/2600 1995/2361/2599 1994/2385/2620
f 2000/2357/2595 1999/2387/2621 2002/2388/2622 2006/2358/2596
f 1999/2387/2621 1998/2389/2623 2003/2390/2624 2002/2388/2622
f 1998/2391/2623 1997/2392/2625 2004/2393/2626 2003/2394/2624
f 1997/2392/2625 2001/2356/2594 2005/2355/2593 2004/2393/2626
s 230
f 2026/2395/2627 2032/2396/2628 2041/2397/2629 2037/2398/2630
f 2036/2399/2631 2042/2400/2632 2019/2401/2633 2018/2402/2634
f 2031/2403/2635 2027/2404/2636 2010/2405/2637 2011/2406/2638
f 2010/2405/2637 2009/2407/2639 2012/2408/2640 2011/2406/2638
f 2009/2407/2639 2008/2409/2641 2013/2410/2642 2012/2408/2640
f 2008/2409/2641 2007/2411/2643 2014/2412/2644 2013/2413/2642
f 2017/2414/2645 2016/2415/2646 2021/2416/2647 2020/2417/2648
f 2016/2415/2646 2015/2418/2649 2022/2419/2650 2021/2420/2647
f 2015/2418/2649 2018/2402/2634 2019/2401/2633 2022/2419/2650
f 2026/2395/2627 2025/2421/2651 2028/2422/2652 2032/2396/2628
f 2025/2421/2651 2024/2423/2653 2029/2424/2654 2028/2422/2652
f 2024/2425/2653 2023/2426/2655 2030/2427/2656 2029/2428/2654
f 2023/2426/2655 2027/2404/2636 2031/2403/2635 2030/2427/2656
f 2036/2399/2631 2035/2429/2657 2038/2430/2658 2042/2400/2632
f 2035/2429/2657 2034/2431/2659 2039/2432/2660 2038/2430/2658
f 2034/2433/2659 2033/2434/2661 2040/2435/2662 2039/2436/2660
f 2033/2434/2661 2037/2398/2630 2041/2397/2629 2040/2435/2662
s 234
f 2062/2437/2663 2068/2438/2664 2077/2439/2665 2073/2440/2666
f 2072/2441/2667 2078/2442/2668 2055/2443/2669 2054/2444/2670
f 2067/2445/2671 2063/2446/2672 2046/2447/2673 2047/2448/2674
f 2046/2447/2673 2045/2449/2675 2048/2450/2676 2047/2448/2674
f 2045/2449/2675 2044/2451/2677 2049/2452/2678 2048/2450/2676
f 2044/2451/2677 2043/2453/2679 2050/2454/2680 2049/2455/2678
f 2053/2456/2681 2052/2457/2682 2057/2458/2683 2056/2459/2684
f 2052/2457/2682 2051/2460/2685 2058/2461/2686 2057/2462/2683
f 2051/2460/2685 2054/2444/2670 2055/2443/2669 2058/2461/2686
f 2062/2437/2663 2061/2463/2687 2064/2464/2688 2068/2438/2664
f 2061/2463/2687 2060/2465/2689 2065/2466/2690 2064/2464/2688
f 2060/2467/2689 2059/2468/2691 2066/2469/2692 2065/2470/2690
f 2059/2468/2691 2063/2446/2672 2067/2445/2671 2066/2469/2692
f 2072/2441/2667 2071/2471/2693 2074/2472/2694 2078/2442/2668
f 2071/2471/2693 2070/2473/2695 2075/2474/2696 2074/2472/2694
f 2070/2475/2695 2069/2476/2697 2076/2477/2698 2075/2478/2696
f 2069/2476/2697 2073/2440/2666 2077/2439/2665 2076/2477/2698
s 238
f 2098/2479/2699 2104/2480/2700 2113/2481/2701 2109/2482/2702
f 2108/2483/2703 2114/2484/2704 2091/2485/2705 2090/2486/2706
f 2103/2487/2707 2099/2488/2708 2082/2489/2709 2083/2490/2710
f 2082/2489/2709 2081/2491/2711 2084/2492/2712 2083/2490/2710
f 2081/2491/2711 2080/2493/2713 2085/2494/2714 2084/2492/2712
f 2080/2493/2713 2079/2495/2715 2086/2496/2716 2085/2497/2714
f 2089/2498/2717 2088/2499/2718 2093/2500/2719 2092/2501/2720
f 2088/2499/2718 2087/2502/2721 2094/2503/2722 2093/2504/2719
f 2087/2502/2721 2090/2486/2706 2091/2485/2705 2094/2503/2722
f 2098/2479/2699 2097/2505/2723 2100/2506/2724 2104/2480/2700
f 2097/2505/2723 2096/2507/2725 2101/2508/2726 2100/2506/2724
f 2096/2509/2725 2095/2510/2727 2102/2511/2728 2101/2512/2726
f 2095/2510/2727 2099/2488/2708 2103/2487/2707 2102/2511/2728
f 2108/2483/2703 2107/2513/2729 2110/2514/2730 2114/2484/2704
f 2107/2513/2729 2106/2515/2731 2111/2516/2732 2110/2514/2730
f 2106/2517/2731 2105/2518/2733 2112/2519/2734 2111/2520/2732
f 2105/2518/2733 2109/2482/2702 2113/2481/2701 2112/2519/2734
s 242
f 2134/2521/2735 2140/2522/2736 2149/2523/2737 2145/2524/2738
f 2144/2525/2739 2150/2526/2740 2127/2527/2741 2126/2528/2742
f 2139/2529/2743 2135/2530/2744 2118/2531/2745 2119/2532/2746
f 2118/2531/2745 2117/2533/2747 2120/2534/2748 2119/2532/2746
f 2117/2533/2747 2116/2535/2749 2121/2536/2750 2120/2534/2748
f 2116/2535/2749 2115/2537/2751 2122/2538/2752 2121/2539/2750
f 2125/2540/2753 2124/2541/2754 2129/2542/2755 2128/2543/2756
f 2124/2541/2754 2123/2544/2757 2130/2545/2758 2129/2546/2755
f 2123/2544/2757 2126/2528/2742 2127/2527/2741 2130/2545/2758
f 2134/2521/2735 2133/2547/2759 2136/2548/2760 2140/2522/2736
f 2133/2547/2759 2132/2549/2761 2137/2550/2762 2136/2548/2760
f 2132/2551/2761 2131/2552/2763 2138/2553/2764 2137/2554/2762
f 2131/2552/2763 2135/2530/2744 2139/2529/2743 2138/2553/2764
f 2144/2525/2739 2143/2555/2765 2146/2556/2766 2150/2526/2740
f 2143/2555/2765 2142/2557/2767 2147/2558/2768 2146/2556/2766
f 2142/2559/2767 2141/2560/2769 2148/2561/2770 2147/2562/2768
f 2141/2560/2769 2145/2524/2738 2149/2523/2737 2148/2561/2770
s 246
f 2170/2563/2771 2176/2564/2772 2185/2565/2773 2181/2566/2774
f 2180/2567/2775 2186/2568/2776 2163/2569/2777 2162/2570/2778
f 2175/2571/2779 2171/2572/2780 2154/2573/2781 2155/2574/2782
f 2154/2573/2781 2153/2575/2783 2156/2576/2784 2155/2574/2782
f 2153/2575/2783 2152/2577/2785 2157/2578/2786 2156/2576/2784
f 2152/2577/2785 2151/2579/2787 2158/2580/2788 2157/2581/2786
f 2161/2582/2789 2160/2583/2790 2165/2584/2791 2164/2585/2792
f 2160/2583/2790 2159/2586/2793 2166/2587/2794 2165/2588/2791
f 2159/2586/2793 2162/2570/2778 2163/2569/2777 2166/2587/2794
f 2170/2563/2771 2169/2589/2795 2172/2590/2796 2176/2564/2772
f 2169/2589/2795 2168/2591/2797 2173/2592/2798 2172/2590/2796
f 2168/2593/2797 2167/2594/2799 2174/2595/2800 2173/2596/2798
f 2167/2594/2799 2171/2572/2780 2175/2571/2779 2174/2595/2800
f 2180/2567/2775 2179/2597/2801 2182/2598/2802 2186/2568/2776
f 2179/2597/2801 2178/2599/2803 2183/2600/2804 2182/2598/2802
f 2178/2601/2803 2177/2602/2805 2184/2603/2806 2183/2604/2804
f 2177/2602/2805 2181/2566/2774 2185/2565/2773 2184/2603/2806
s 250
f 2206/2605/2807 2212/2606/2808 2221/2607/2809 2217/2608/2810
f 2216/2609/2811 2222/2610/2812 2199/2611/2813 2198/2612/2814
f 2211/2613/2815 2207/2614/2816 2190/2615/2817 2191/2616/2818
f 2190/2615/2817 2189/2617/2819 2192/2618/2820 2191/2616/2818
f 2189/2617/2819 2188/2619/2821 2193/2620/2822 2192/2618/2820
f 2188/2619/2821 2187/2621/2823 2194/2622/2824 2193/2623/2822
f 2197/2624/2825 2196/2625/2826 2201/2626/2827 2200/2627/2828
f 2196/2625/2826 2195/2628/2829 2202/2629/2830 2201/2630/2827
f 2195/2628/2829 2198/2612/2814 2199/2611/2813 2202/2629/2830
f 2206/2605/2807 2205/2631/2831 2208/2632/2832 2212/2606/2808
f 2205/2631/2831 2204/2633/2833 2209/2634/2834 2208/2632/2832
f 2204/2635/2833 2203/2636/2835 2210/2637/2836 2209/2638/2834
f 2203/2636/2835 2207/2614/2816 2211/2613/2815 2210/2637/2836
f 2216/2609/2811 2215/2639/2837 2218/2640/2838 2222/2610/2812
f 2215/2639/2837 2214/2641/2839 2219/2642/2840 2218/2640/2838
f 2214/2643/2839 2213/2644/2841 2220/2645/2842 2219/2646/2840
f 2213/2644/2841 2217/2608/2810 2221/2607/2809 2220/2645/2842
s 254
f 2242/2647/2843 2248/2648/2844 2257/2649/2845 2253/2650/2846
f 2252/2651/2847 2258/2652/2848 2235/2653/2849 2234/2654/2850
f 2247/2655/2851 2243/2656/2852 2226/2657/2853 2227/2658/2854
f 2226/2657/2853 2225/2659/2855 2228/2660/2856 2227/2658/2854
f 2225/2659/2855 2224/2661/2857 2229/2662/2858 2228/2660/2856
f 2224/2661/2857 2223/2663/2859 2230/2664/2860 2229/2665/2858
f 2233/2666/2861 2232/2667/2862 2237/2668/2863 2236/2669/2864
f 2232/2667/2862 2231/2670/2865 2238/2671/2866 2237/2672/2863
f 2231/2670/2865 2234/2654/2850 2235/2653/2849 2238/2671/2866
f 2242/2647/2843 2241/2673/2867 2244/2674/2868 2248/2648/2844
f 2241/2673/2867 2240/2675/2869 2245/2676/2870 2244/2674/2868
f 2240/2677/2869 2239/2678/2871 2246/2679/2872 2245/2680/2870
f 2239/2678/2871 2243/2656/2852 2247/2655/2851 2246/2679/2872
f 2252/2651/2847 2251/2681/2873 2254/2682/2874 2258/2652/2848
f 2251/2681/2873 2250/2683/2875 2255/2684/2876 2254/2682/2874
f 2250/2685/2875 2249/2686/2877 2256/2687/2878 2255/2688/2876
f 2249/2686/2877 2253/2650/2846 2257/2649/2845 2256/2687/2878
s 258
f 2278/2689/2879 2284/2690/2880 2293/2691/2881 2289/2692/2882
f 2288/2693/2883 2294/2694/2884 2271/2695/2885 2270/2696/2886
f 2283/2697/2887 2279/2698/2888 2262/2699/2889 2263/2700/2890
f 2262/2699/2889 2261/2701/2891 2264/2702/2892 2263/2700/2890
f 2261/2701/2891 2260/2703/2893 2265/2704/2894 2264/2702/2892
f 2260/2703/2893 2259/2705/2895 2266/2706/2896 2265/2707/2894
f 2269/2708/2897 2268/2709/2898 2273/2710/2899 2272/2711/2900
f 2268/2709/2898 2267/2712/2901 2274/2713/2902 2273/2714/2899
f 2267/2712/2901 2270/2696/2886 2271/2695/2885 2274/2713/2902
f 2278/2689/2879 2277/2715/2903 2280/2716/2904 2284/2690/2880
f 2277/2715/2903 2276/2717/2905 2281/2718/2906 2280/2716/2904
f 2276/2719/2905 2275/2720/2907 2282/2721/2908 2281/2722/2906
f 2275/2720/2907 2279/2698/2888 2283/2697/2887 2282/2721/2908
f 2288/2693/2883 2287/2723/2909 2290/2724/2910 2294/2694/2884
f 2287/2723/2909 2286/2725/2911 2291/2726/2912 2290/2724/2910
f 2286/2727/2911 2285/2728/2913 2292/2729/2914 2291/2730/2912
f 2285/2728/2913 2289/2692/2882 2293/2691/2881 2292/2729/2914
s 262
f 2314/2731/2915 2320/2732/2916 2329/2733/2917 2325/2734/2918
f 2324/2735/2919 2330/2736/2920 2307/2737/2921 2306/2738/2922
f 2319/2739/2923 2315/2740/2924 2298/2741/2925 2299/2742/2926
f 2298/2741/2925 2297/2743/2927 2300/2744/2928 2299/2742/2926
f 2297/2743/2927 2296/2745/2929 2301/2746/2930 2300/2744/2928
f 2296/2745/2929 2295/2747/2931 2302/2748/2932 2301/2749/2930
f 2305/2750/2933 2304/2751/2934 2309/2752/2935 2308/2753/2936
f 2304/2751/2934 2303/2754/2937 2310/2755/2938 2309/2756/2935
f 2303/2754/2937 2306/2738/2922 2307/2737/2921 2310/2755/2938
f 2314/2731/2915 2313/2757/2939 2316/2758/2940 2320/2732/2916
f 2313/2757/2939 2312/2759/2941 2317/2760/2942 2316/2758/2940
f 2312/2761/2941 2311/2762/2943 2318/2763/2944 2317/2764/2942
f 2311/2762/2943 2315/2740/2924 2319/2739/2923 2318/2763/2944
f 2324/2735/2919 2323/2765/2945 2326/2766/2946 2330/2736/2920
f 2323/2765/2945 2322/2767/2947 2327/2768/2948 2326/2766/2946
f 2322/2769/2947 2321/2770/2949 2328/2771/2950 2327/2772/2948
f 2321/2770/2949 2325/2734/2918 2329/2733/2917 2328/2771/2950
s 266
f 2331/2773/2951 2332/2774/2952 2347/2775/2953 2346/2776/2954
f 2332/2774/2952 2333/2777/2955 2348/2778/2956 2347/2775/2953
f 2333/2777/2955 2334/2779/2957 2349/2780/2958 2348/2778/2956
f 2334/2779/2957 2335/2781/2959 2350/2782/2960 2349/2780/2958
f 2335/2781/2959 2336/2783/2961 2351/2784/2962 2350/2782/2960
f 2336/2783/2961 2337/2785/2963 2352/2786/2964 2351/2784/2962
f 2337/2785/2963 2338/2787/2965 2353/2788/2966 2352/2786/2964
f 2338/2787/2965 2339/2789/2967 2354/2790/2968 2353/2788/2966
f 2339/2789/2967 2340/2791/2969 2355/2792/2970 2354/2790/2968
f 2340/2791/2969 2341/2793/2971 2356/2794/2972 2355/2792/2970
f 2341/2793/2971 2342/2795/2973 2357/2796/2974 2356/2794/2972
f 2342/2795/2973 2343/2797/2975 2358/2798/2976 2357/2796/2974
f 2343/2797/2975 2344/2799/2977 2359/2800/2978 2358/2798/2976
f 2344/2799/2977 2345/2801/2979 2360/2802/2980 2359/2800/2978
f 2345/2801/2979 2331/2803/2951 2346/2804/2954 2360/2802/2980
s 267
f 2361/2805/2981 2376/2806/2982 2377/2807/2983 2362/2808/2984
f 2362/2808/2984 2377/2807/2983 2378/2809/2985 2363/2810/2986
f 2363/2810/2986 2378/2809/2985 2379/2811/2987 2364/2812/2988
f 2364/2812/2988 2379/2811/2987 2380/2813/2989 2365/2814/2990
f 2365/2814/2990 2380/2813/2989 2381/2815/2991 2366/2816/2992
f 2366/2816/2992 2381/2815/2991 2382/2817/2993 2367/2818/2994
f 2367/2818/2994 2382/2817/2993 2383/2819/2995 2368/2820/2996
f 2368/2820/2996 2383/2819/2995 2384/2821/2997 2369/2822/2998
f 2369/2822/2998 2384/2821/2997 2385/2823/2999 2370/2824/3000
f 2370/2824/3000 2385/2823/2999 2386/2825/3001 2371/2826/3002
f 2371/2826/3002 2386/2825/3001 2387/2827/3003 2372/2828/3004
f 2372/2828/3004 2387/2827/3003 2388/2829/3005 2373/2830/3006
f 2373/2830/3006 2388/2829/3005 2389/2831/3007 2374/2832/3008
f 2374/2832/3008 2389/2831/3007 2390/2833/3009 2375/2834/3010
f 2375/2834/3010 2390/2833/3009 2376/2835/2982 2361/2836/2981
s off
f 2391/2837/3011 2393/2838/3012 2408/2839/3013 2407/2840/3014
f 2392/2841/3015 2391/2842/3016 2396/2843/3017 2395/2844/3018
f 2393/2845/3019 2392/2841/3020 2398/2846/3021 2397/2847/3022
f 2394/2848/3023 2396/2849/3024 2410/2850/3025 2409/2851/3026
f 2395/2844/3027 2394/2852/3028 2402/2853/3029 2401/2854/3030
f 2397/2855/3031 2399/2856/3032 2404/2857/3033 2403/2858/3034
f 2399/2856/3035 2398/2846/3036 2401/2854/3037 2400/2859/3038
f 2400/2859/3039 2402/2860/3040 2406/2861/3041 2405/2862/3042
f 2392/2841/3043 2395/2844/3044 2401/2854/3045 2398/2846/3046
f 2399/2856/3047 2400/2859/3048 2405/2862/3049 2404/2857/3050
f 2391/2837/3051 2407/2840/3052 2410/2850/3053 2396/2849/3054
f 2394/2852/3055 2409/2863/3056 2406/2864/3057 2402/2853/3058
f 2408/2865/3059 2393/2845/3060 2397/2847/3061 2403/2866/3062
f 2391/2842/3063 2392/2841/3064 2393/2845/3065
f 2394/2852/3066 2395/2844/3067 2396/2843/3068
f 2397/2847/3069 2398/2846/3070 2399/2856/3071
f 2400/2859/3072 2401/2854/3073 2402/2853/3074
f 2411/2867/3075 2413/2868/3076 2428/2869/3077 2427/2870/3078
f 2412/2871/3079 2411/2872/3080 2416/2873/3081 2415/2874/3082
f 2413/2875/3083 2412/2871/3084 2418/2876/3085 2417/2877/3086
f 2414/2878/3087 2416/2879/3088 2430/2880/3089 2429/2881/3090
f 2415/2874/3091 2414/2882/3092 2422/2883/3093 2421/2884/3094
f 2417/2885/3095 2419/2886/3096 2424/2887/3097 2423/2888/3098
f 2419/2886/3099 2418/2876/3100 2421/2884/3101 2420/2889/3102
f 2420/2889/3103 2422/2890/3104 2426/2891/3105 2425/2892/3106
f 2412/2871/3107 2415/2874/3108 2421/2884/3109 2418/2876/3110
f 2419/2886/3111 2420/2889/3112 2425/2892/3113 2424/2887/3114
f 2411/2867/3115 2427/2870/3116 2430/2880/3117 2416/2879/3118
f 2414/2882/3119 2429/2893/3120 2426/2894/3121 2422/2883/3122
f 2428/2895/3123 2413/2875/3124 2417/2877/3125 2423/2896/3126
f 2411/2872/3127 2412/2871/3128 2413/2875/3129
f 2414/2882/3130 2415/2874/3131 2416/2873/3132
f 2417/2877/3133 2418/2876/3134 2419/2886/3135
f 2420/2889/3136 2421/2884/3137 2422/2883/3138
s 268
f 2431/2897/3139 2432/2898/3140 2447/2899/3141 2446/2900/3142
f 2432/2898/3140 2433/2901/3143 2448/2902/3144 2447/2899/3141
f 2433/2901/3143 2434/2903/3145 2449/2904/3146 2448/2902/3144
f 2434/2903/3145 2435/2905/3147 2450/2906/3148 2449/2904/3146
f 2435/2905/3147 2436/2907/3149 2451/2908/3150 2450/2906/3148
f 2436/2907/3149 2437/2909/3151 2452/2910/3152 2451/2908/3150
f 2437/2909/3151 2438/2911/3153 2453/2912/3154 2452/2910/3152
f 2438/2911/3153 2439/2913/3155 2454/2914/3156 2453/2912/3154
f 2439/2913/3155 2440/2915/3157 2455/2916/3158 2454/2914/3156
f 2440/2915/3157 2441/2917/3159 2456/2918/3160 2455/2916/3158
f 2441/2917/3159 2442/2919/3161 2457/2920/3162 2456/2918/3160
f 2442/2919/3161 2443/2921/3163 2458/2922/3164 2457/2920/3162
f 2443/2921/3163 2444/2923/3165 2459/2924/3166 2458/2922/3164
f 2444/2923/3165 2445/2925/3167 2460/2926/3168 2459/2924/3166
f 2445/2925/3167 2431/2927/3139 2446/2928/3142 2460/2926/3168
s off
f 2461/2929/3169 2463/2930/3170 2478/2931/3171 2477/2932/3172
f 2462/2933/3173 2461/2934/3174 2466/2935/3175 2465/2936/3176
f 2463/2937/3177 2462/2933/3178 2468/2938/3179 2467/2939/3180
f 2464/2940/3181 2466/2941/3182 2480/2942/3183 2479/2943/3184
f 2465/2936/3185 2464/2944/3186 2472/2945/3187 2471/2946/3188
f 2467/2947/3189 2469/2948/3190 2474/2949/3191 2473/2950/3192
f 2469/2948/3193 2468/2938/3194 2471/2946/3195 2470/2951/3196
f 2470/2951/3197 2472/2952/3198 2476/2953/3199 2475/2954/3200
f 2462/2933/3201 2465/2936/3202 2471/2946/3203 2468/2938/3204
f 2469/2948/3205 2470/2951/3206 2475/2954/3207 2474/2949/3208
f 2461/2929/3209 2477/2932/3210 2480/2942/3211 2466/2941/3212
f 2464/2944/3213 2479/2955/3214 2476/2956/3215 2472/2945/3216
f 2478/2957/3217 2463/2937/3218 2467/2939/3219 2473/2958/3220
f 2461/2934/3221 2462/2933/3222 2463/2937/3223
f 2464/2944/3224 2465/2936/3225 2466/2935/3226
f 2467/2939/3227 2468/2938/3228 2469/2948/3229
f 2470/2951/3230 2471/2946/3231 2472/2945/3232
f 2481/2959/3233 2483/2960/3234 2498/2961/3235 2497/2962/3236
f 2482/2963/3237 2481/2964/3238 2486/2965/3239 2485/2966/3240
f 2483/2967/3241 2482/2963/3242 2488/2968/3243 2487/2969/3244
f 2484/2970/3245 2486/2971/3246 2500/2972/3247 2499/2973/3248
f 2485/2966/3249 2484/2974/3250 2492/2975/3251 2491/2976/3252
f 2487/2977/3253 2489/2978/3254 2494/2979/3255 2493/2980/3256
f 2489/2978/3257 2488/2968/3258 2491/2976/3259 2490/2981/3260
f 2490/2981/3261 2492/2982/3262 2496/2983/3263 2495/2984/3264
f 2482/2963/3265 2485/2966/3266 2491/2976/3267 2488/2968/3268
f 2489/2978/3269 2490/2981/3270 2495/2984/3271 2494/2979/3272
f 2481/2959/3273 2497/2962/3274 2500/2972/3275 2486/2971/3276
f 2484/2974/3277 2499/2985/3278 2496/2986/3279 2492/2975/3280
f 2498/2987/3281 2483/2967/3282 2487/2969/3283 2493/2988/3284
f 2481/2964/3285 2482/2963/3286 2483/2967/3287
f 2484/2974/3288 2485/2966/3289 2486/2965/3290
f 2487/2969/3291 2488/2968/3292 2489/2978/3293
f 2490/2981/3294 2491/2976/3295 2492/2975/3296
s 269
f 2501/2989/3297 2516/2990/3298 2517/2991/3299 2502/2992/3300
f 2502/2992/3300 2517/2991/3299 2518/2993/3301 2503/2994/3302
f 2503/2994/3302 2518/2993/3301 2519/2995/3303 2504/2996/3304
f 2504/2996/3304 2519/2995/3303 2520/2997/3305 2505/2998/3306
f 2505/2998/3306 2520/2997/3305 2521/2999/3307 2506/3000/3308
f 2506/3000/3308 2521/2999/3307 2522/3001/3309 2507/3002/3310
f 2507/3002/3310 2522/3001/3309 2523/3003/3311 2508/3004/3312
f 2508/3004/3312 2523/3003/3311 2524/3005/3313 2509/3006/3314
f 2509/3006/3314 2524/3005/3313 2525/3007/3315 2510/3008/3316
f 2510/3008/3316 2525/3007/3315 2526/3009/3317 2511/3010/3318
f 2511/3010/3318 2526/3009/3317 2527/3011/3319 2512/3012/3320
f 2512/3012/3320 2527/3011/3319 2528/3013/3321 2513/3014/3322
f 2513/3014/3322 2528/3013/3321 2529/3015/3323 2514/3016/3324
f 2514/3016/3324 2529/3015/3323 2530/3017/3325 2515/3018/3326
f 2515/3018/3326 2530/3017/3325 2516/3019/3298 2501/3020/3297
s off
f 2531/3021/3327 2533/3022/3328 2548/3023/3329 2547/3024/3330
f 2532/3025/3331 2531/3026/3332 2536/3027/3333 2535/3028/3334
f 2533/3029/3335 2532/3025/3336 2538/3030/3337 2537/3031/3338
f 2534/3032/3339 2536/3033/3340 2550/3034/3341 2549/3035/3342
f 2535/3028/3343 2534/3036/3344 2542/3037/3345 2541/3038/3346
f 2537/3039/3347 2539/3040/3348 2544/3041/3349 2543/3042/3350
f 2539/3040/3351 2538/3030/3352 2541/3038/3353 2540/3043/3354
f 2540/3043/3355 2542/3044/3356 2546/3045/3357 2545/3046/3358
f 2532/3025/3359 2535/3028/3360 2541/3038/3361 2538/3030/3362
f 2539/3040/3363 2540/3043/3364 2545/3046/3365 2544/3041/3366
f 2531/3021/3367 2547/3024/3368 2550/3034/3369 2536/3033/3370
f 2534/3036/3371 2549/3047/3372 2546/3048/3373 2542/3037/3374
f 2548/3049/3375 2533/3029/3376 2537/3031/3377 2543/3050/3378
f 2531/3026/3379 2532/3025/3380 2533/3029/3381
f 2534/3036/3382 2535/3028/3383 2536/3027/3384
f 2537/3031/3385 2538/3030/3386 2539/3040/3387
f 2540/3043/3388 2541/3038/3389 2542/3037/3390
f 2551/3051/3391 2553/3052/3392 2568/3053/3393 2567/3054/3394
f 2552/3055/3395 2551/3056/3396 2556/3057/3397 2555/3058/3398
f 2553/3059/3399 2552/3055/3400 2558/3060/3401 2557/3061/3402
f 2554/3062/3403 2556/3063/3404 2570/3064/3405 2569/3065/3406
f 2555/3058/3407 2554/3066/3408 2562/3067/3409 2561/3068/3410
f 2557/3069/3411 2559/3070/3412 2564/3071/3413 2563/3072/3414
f 2559/3070/3415 2558/3060/3416 2561/3068/3417 2560/3073/3418
f 2560/3073/3419 2562/3074/3420 2566/3075/3421 2565/3076/3422
f 2552/3055/3423 2555/3058/3424 2561/3068/3425 2558/3060/3426
f 2559/3070/3427 2560/3073/3428 2565/3076/3429 2564/3071/3430
f 2551/3051/3431 2567/3054/3432 2570/3064/3433 2556/3063/3434
f 2554/3066/3435 2569/3077/3436 2566/3078/3437 2562/3067/3438
f 2568/3079/3439 2553/3059/3440 2557/3061/3441 2563/3080/3442
f 2551/3056/3443 2552/3055/3444 2553/3059/3445
f 2554/3066/3446 2555/3058/3447 2556/3057/3448
f 2557/3061/3449 2558/3060/3450 2559/3070/3451
f 2560/3073/3452 2561/3068/3453 2562/3067/3454
f 2571/3081/3455 2573/3082/3456 2588/3083/3457 2587/3084/3458
f 2572/3085/3459 2571/3086/3460 2576/3087/3461 2575/3088/3462
f 2573/3089/3463 2572/3085/3464 2578/3090/3465 2577/3091/3466
f 2574/3092/3467 2576/3093/3468 2590/3094/3469 2589/3095/3470
f 2575/3088/3471 2574/3096/3472 2582/3097/3473 2581/3098/3474
f 2577/3099/3475 2579/3100/3476 2584/3101/3477 2583/3102/3478
f 2579/3100/3479 2578/3090/3480 2581/3098/3481 2580/3103/3482
f 2580/3103/3483 2582/3104/3484 2586/3105/3485 2585/3106/3486
f 2572/3085/3487 2575/3088/3488 2581/3098/3489 2578/3090/3490
f 2579/3100/3491 2580/3103/3492 2585/3106/3493 2584/3101/3494
f 2571/3081/3495 2587/3084/3496 2590/3094/3497 2576/3093/3498
f 2574/3096/3499 2589/3107/3500 2586/3108/3501 2582/3097/3502
f 2588/3109/3503 2573/3089/3504 2577/3091/3505 2583/3110/3506
f 2571/3086/3507 2572/3085/3508 2573/3089/3509
f 2574/3096/3510 2575/3088/3511 2576/3087/3512
f 2577/3091/3513 2578/3090/3514 2579/3100/3515
f 2580/3103/3516 2581/3098/3517 2582/3097/3518
s 270
f 2591/3111/3519 2592/3112/3520 2607/3113/3521 2606/3114/3522
f 2592/3112/3520 2593/3115/3523 2608/3116/3524 2607/3113/3521
f 2593/3115/3523 2594/3117/3525 2609/3118/3526 2608/3116/3524
f 2594/3117/3525 2595/3119/3527 2610/3120/3528 2609/3118/3526
f 2595/3119/3527 2596/3121/3529 2611/3122/3530 2610/3120/3528
f 2596/3121/3529 2597/3123/3531 2612/3124/3532 2611/3122/3530
f 2597/3123/3531 2598/3125/3533 2613/3126/3534 2612/3124/3532
f 2598/3125/3533 2599/3127/3535 2614/3128/3536 2613/3126/3534
f 2599/3127/3535 2600/3129/3537 2615/3130/3538 2614/3128/3536
f 2600/3129/3537 2601/3131/3539 2616/3132/3540 2615/3130/3538
f 2601/3131/3539 2602/3133/3541 2617/3134/3542 2616/3132/3540
f 2602/3133/3541 2603/3135/3543 2618/3136/3544 2617/3134/3542
f 2603/3135/3543 2604/3137/3545 2619/3138/3546 2618/3136/3544
f 2604/3137/3545 2605/3139/3547 2620/3140/3548 2619/3138/3546
f 2605/3139/3547 2591/3141/3519 2606/3142/3522 2620/3140/3548
s off
f 2621/3143/3549 2623/3144/3550 2638/3145/3551 2637/3146/3552
f 2622/3147/3553 2621/3148/3554 2626/3149/3555 2625/3150/3556
f 2623/3151/3557 2622/3147/3558 2628/3152/3559 2627/3153/3560
f 2624/3154/3561 2626/3155/3562 2640/3156/3563 2639/3157/3564
f 2625/3150/3565 2624/3158/3566 2632/3159/3567 2631/3160/3568
f 2627/3161/3569 2629/3162/3570 2634/3163/3571 2633/3164/3572
f 2629/3162/3573 2628/3152/3574 2631/3160/3575 2630/3165/3576
f 2630/3165/3577 2632/3166/3578 2636/3167/3579 2635/3168/3580
f 2622/3147/3581 2625/3150/3582 2631/3160/3583 2628/3152/3584
f 2629/3162/3585 2630/3165/3586 2635/3168/3587 2634/3163/3588
f 2621/3143/3589 2637/3146/3590 2640/3156/3591 2626/3155/3592
f 2624/3158/3593 2639/3169/3594 2636/3170/3595 2632/3159/3596
f 2638/3171/3597 2623/3151/3598 2627/3153/3599 2633/3172/3600
f 2621/3148/3601 2622/3147/3602 2623/3151/3603
f 2624/3158/3604 2625/3150/3605 2626/3149/3606
f 2627/3153/3607 2628/3152/3608 2629/3162/3609
f 2630/3165/3610 2631/3160/3611 2632/3159/3612
f 2641/3173/3613 2643/3174/3614 2658/3175/3615 2657/3176/3616
f 2642/3177/3617 2641/3178/3618 2646/3179/3619 2645/3180/3620
f 2643/3181/3621 2642/3177/3622 2648/3182/3623 2647/3183/3624
f 2644/3184/3625 2646/3185/3626 2660/3186/3627 2659/3187/3628
f 2645/3180/3629 2644/3188/3630 2652/3189/3631 2651/3190/3632
f 2647/3191/3633 2649/3192/3634 2654/3193/3635 2653/3194/3636
f 2649/3192/3637 2648/3182/3638 2651/3190/3639 2650/3195/3640
f 2650/3195/3641 2652/3196/3642 2656/3197/3643 2655/3198/3644
f 2642/3177/3645 2645/3180/3646 2651/3190/3647 2648/3182/3648
f 2649/3192/3649 2650/3195/3650 2655/3198/3651 2654/3193/3652
f 2641/3173/3653 2657/3176/3654 2660/3186/3655 2646/3185/3656
f 2644/3188/3657 2659/3199/3658 2656/3200/3659 2652/3189/3660
f 2658/3201/3661 2643/3181/3662 2647/3183/3663 2653/3202/3664
f 2641/3178/3665 2642/3177/3666 2643/3181/3667
f 2644/3188/3668 2645/3180/3669 2646/3179/3670
f 2647/3183/3671 2648/3182/3672 2649/3192/3673
f 2650/3195/3674 2651/3190/3675 2652/3189/3676
s 271
f 2661/3203/3677 2676/3204/3678 2677/3205/3679 2662/3206/3680
f 2662/3206/3680 2677/3205/3679 2678/3207/3681 2663/3208/3682
f 2663/3208/3682 2678/3207/3681 2679/3209/3683 2664/3210/3684
f 2664/3210/3684 2679/3209/3683 2680/3211/3685 2665/3212/3686
f 2665/3212/3686 2680/3211/3685 2681/3213/3687 2666/3214/3688
f 2666/3214/3688 2681/3213/3687 2682/3215/3689 2667/3216/3690
f 2667/3216/3690 2682/3215/3689 2683/3217/3691 2668/3218/3692
f 2668/3218/3692 2683/3217/3691 2684/3219/3693 2669/3220/3694
f 2669/3220/3694 2684/3219/3693 2685/3221/3695 2670/3222/3696
f 2670/3222/3696 2685/3221/3695 2686/3223/3697 2671/3224/3698
f 2671/3224/3698 2686/3223/3697 2687/3225/3699 2672/3226/3700
f 2672/3226/3700 2687/3225/3699 2688/3227/3701 2673/3228/3702
f 2673/3228/3702 2688/3227/3701 2689/3229/3703 2674/3230/3704
f 2674/3230/3704 2689/3229/3703 2690/3231/3705 2675/3232/3706
f 2675/3232/3706 2690/3231/3705 2676/3233/3678 2661/3234/3677
s off
f 2691/3235/3707 2693/3236/3708 2708/3237/3709 2707/3238/3710
f 2692/3239/3711 2691/3240/3712 2696/3241/3713 2695/3242/3714
f 2693/3243/3715 2692/3239/3716 2698/3244/3717 2697/3245/3718
f 2694/3246/3719 2696/3247/3720 2710/3248/3721 2709/3249/3722
f 2695/3242/3723 2694/3250/3724 2702/3251/3725 2701/3252/3726
f 2697/3253/3727 2699/3254/3728 2704/3255/3729 2703/3256/3730
f 2699/3254/3731 2698/3244/3732 2701/3252/3733 2700/3257/3734
f 2700/3257/3735 2702/3258/3736 2706/3259/3737 2705/3260/3738
f 2692/3239/3739 2695/3242/3740 2701/3252/3741 2698/3244/3742
f 2699/3254/3743 2700/3257/3744 2705/3260/3745 2704/3255/3746
f 2691/3235/3747 2707/3238/3748 2710/3248/3749 2696/3247/3750
f 2694/3250/3751 2709/3261/3752 2706/3262/3753 2702/3251/3754
f 2708/3263/3755 2693/3243/3756 2697/3245/3757 2703/3264/3758
f 2691/3240/3759 2692/3239/3760 2693/3243/3761
f 2694/3250/3762 2695/3242/3763 2696/3241/3764
f 2697/3245/3765 2698/3244/3766 2699/3254/3767
f 2700/3257/3768 2701/3252/3769 2702/3251/3770
f 2711/3265/3771 2713/3266/3772 2728/3267/3773 2727/3268/3774
f 2712/3269/3775 2711/3270/3776 2716/3271/3777 2715/3272/3778
f 2713/3273/3779 2712/3269/3780 2718/3274/3781 2717/3275/3782
f 2714/3276/3783 2716/3277/3784 2730/3278/3785 2729/3279/3786
f 2715/3272/3787 2714/3280/3788 2722/3281/3789 2721/3282/3790
f 2717/3283/3791 2719/3284/3792 2724/3285/3793 2723/3286/3794
f 2719/3284/3795 2718/3274/3796 2721/3282/3797 2720/3287/3798
f 2720/3287/3799 2722/3288/3800 2726/3289/3801 2725/3290/3802
f 2712/3269/3803 2715/3272/3804 2721/3282/3805 2718/3274/3806
f 2719/3284/3807 2720/3287/3808 2725/3290/3809 2724/3285/3810
f 2711/3265/3811 2727/3268/3812 2730/3278/3813 2716/3277/3814
f 2714/3280/3815 2729/3291/3816 2726/3292/3817 2722/3281/3818
f 2728/3293/3819 2713/3273/3820 2717/3275/3821 2723/3294/3822
f 2711/3270/3823 2712/3269/3824 2713/3273/3825
f 2714/3280/3826 2715/3272/3827 2716/3271/3828
f 2717/3275/3829 2718/3274/3830 2719/3284/3831
f 2720/3287/3832 2721/3282/3833 2722/3281/3834
s 272
f 2731/3295/3835 2732/3296/3836 2747/3297/3837 2746/3298/3838
f 2732/3296/3836 2733/3299/3839 2748/3300/3840 2747/3297/3837
f 2733/3299/3839 2734/3301/3841 2749/3302/3842 2748/3300/3840
f 2734/3301/3841 2735/3303/3843 2750/3304/3844 2749/3302/3842
f 2735/3303/3843 2736/3305/3845 2751/3306/3846 2750/3304/3844
f 2736/3305/3845 2737/3307/3847 2752/3308/3848 2751/3306/3846
f 2737/3307/3847 2738/3309/3849 2753/3310/3850 2752/3308/3848
f 2738/3309/3849 2739/3311/3851 2754/3312/3852 2753/3310/3850
f 2739/3311/3851 2740/3313/3853 2755/3314/3854 2754/3312/3852
f 2740/3313/3853 2741/3315/3855 2756/3316/3856 2755/3314/3854
f 2741/3315/3855 2742/3317/3857 2757/3318/3858 2756/3316/3856
f 2742/3317/3857 2743/3319/3859 2758/3320/3860 2757/3318/3858
f 2743/3319/3859 2744/3321/3861 2759/3322/3862 2758/3320/3860
f 2744/3321/3861 2745/3323/3863 2760/3324/3864 2759/3322/3862
f 2745/3323/3863 2731/3325/3835 2746/3326/3838 2760/3324/3864
s 273
f 2761/3327/3865 2776/3328/3866 2777/3329/3867 2762/3330/3868
f 2762/3330/3868 2777/3329/3867 2778/3331/3869 2763/3332/3870
f 2763/3332/3870 2778/3331/3869 2779/3333/3871 2764/3334/3872
f 2764/3334/3872 2779/3333/3871 2780/3335/3873 2765/3336/3874
f 2765/3336/3874 2780/3335/3873 2781/3337/3875 2766/3338/3876
f 2766/3338/3876 2781/3337/3875 2782/3339/3877 2767/3340/3878
f 2767/3340/3878 2782/3339/3877 2783/3341/3879 2768/3342/3880
f 2768/3342/3880 2783/3341/3879 2784/3343/3881 2769/3344/3882
f 2769/3344/3882 2784/3343/3881 2785/3345/3883 2770/3346/3884
f 2770/3346/3884 2785/3345/3883 2786/3347/3885 2771/3348/3886
f 2771/3348/3886 2786/3347/3885 2787/3349/3887 2772/3350/3888
f 2772/3350/3888 2787/3349/3887 2788/3351/3889 2773/3352/3890
f 2773/3352/3890 2788/3351/3889 2789/3353/3891 2774/3354/3892
f 2774/3354/3892 2789/3353/3891 2790/3355/3893 2775/3356/3894
f 2775/3356/3894 2790/3355/3893 2776/3357/3866 2761/3358/3865
s off
f 2791/3359/3895 2793/3360/3896 2808/3361/3897 2807/3362/3898
f 2792/3363/3899 2791/3364/3900 2796/3365/3901 2795/3366/3902
f 2793/3367/3903 2792/3363/3904 2798/3368/3905 2797/3369/3906
f 2794/3370/3907 2796/3371/3908 2810/3372/3909 2809/3373/3910
f 2795/3366/3911 2794/3374/3912 2802/3375/3913 2801/3376/3914
f 2797/3377/3915 2799/3378/3916 2804/3379/3917 2803/3380/3918
f 2799/3378/3919 2798/3368/3920 2801/3376/3921 2800/3381/3922
f 2800/3381/3923 2802/3382/3924 2806/3383/3925 2805/3384/3926
f 2792/3363/3927 2795/3366/3928 2801/3376/3929 2798/3368/3930
f 2799/3378/3931 2800/3381/3932 2805/3384/3933 2804/3379/3934
f 2791/3359/3935 2807/3362/3936 2810/3372/3937 2796/3371/3938
f 2794/3374/3939 2809/3385/3940 2806/3386/3941 2802/3375/3942
f 2808/3387/3943 2793/3367/3944 2797/3369/3945 2803/3388/3946
f 2791/3364/3947 2792/3363/3948 2793/3367/3949
f 2794/3374/3950 2795/3366/3951 2796/3365/3952
f 2797/3369/3953 2798/3368/3954 2799/3378/3955
f 2800/3381/3956 2801/3376/3957 2802/3375/3958
f 2811/3389/3959 2813/3390/3960 2828/3391/3961 2827/3392/3962
f 2812/3393/3963 2811/3394/3964 2816/3395/3965 2815/3396/3966
f 2813/3397/3967 2812/3393/3968 2818/3398/3969 2817/3399/3970
f 2814/3400/3971 2816/3401/3972 2830/3402/3973 2829/3403/3974
f 2815/3396/3975 2814/3404/3976 2822/3405/3977 2821/3406/3978
f 2817/3407/3979 2819/3408/3980 2824/3409/3981 2823/3410/3982
f 2819/3408/3983 2818/3398/3984 2821/3406/3985 2820/3411/3986
f 2820/3411/3987 2822/3412/3988 2826/3413/3989 2825/3414/3990
f 2812/3393/3991 2815/3396/3992 2821/3406/3993 2818/3398/3994
f 2819/3408/3995 2820/3411/3996 2825/3414/3997 2824/3409/3998
f 2811/3389/3999 2827/3392/4000 2830/3402/4001 2816/3401/4002
f 2814/3404/4003 2829/3415/4004 2826/3416/4005 2822/3405/4006
f 2828/3417/4007 2813/3397/4008 2817/3399/4009 2823/3418/4010
f 2811/3394/4011 2812/3393/4012 2813/3397/4013
f 2814/3404/4014 2815/3396/4015 2816/3395/4016
f 2817/3399/4017 2818/3398/4018 2819/3408/4019
f 2820/3411/4020 2821/3406/4021 2822/3405/4022
s 274
f 2831/3419/4023 2832/3420/4024 2847/3421/4025 2846/3422/4026
f 2832/3420/4024 2833/3423/4027 2848/3424/4028 2847/3421/4025
f 2833/3423/4027 2834/3425/4029 2849/3426/4030 2848/3424/4028
f 2834/3425/4029 2835/3427/4031 2850/3428/4032 2849/3426/4030
f 2835/3427/4031 2836/3429/4033 2851/3430/4034 2850/3428/4032
f 2836/3429/4033 2837/3431/4035 2852/3432/4036 2851/3430/4034
f 2837/3431/4035 2838/3433/4037 2853/3434/4038 2852/3432/4036
f 2838/3433/4037 2839/3435/4039 2854/3436/4040 2853/3434/4038
f 2839/3435/4039 2840/3437/4041 2855/3438/4042 2854/3436/4040
f 2840/3437/4041 2841/3439/4043 2856/3440/4044 2855/3438/4042
f 2841/3439/4043 2842/3441/4045 2857/3442/4046 2856/3440/4044
f 2842/3441/4045 2843/3443/4047 2858/3444/4048 2857/3442/4046
f 2843/3443/4047 2844/3445/4049 2859/3446/4050 2858/3444/4048
f 2844/3445/4049 2845/3447/4051 2860/3448/4052 2859/3446/4050
f 2845/3447/4051 2831/3449/4023 2846/3450/4026 2860/3448/4052
s 275
f 2861/3451/4053 2862/3452/4054 2877/3453/4055 2876/3454/4056
f 2862/3452/4054 2863/3455/4057 2878/3456/4058 2877/3453/4055
f 2863/3455/4057 2864/3457/4059 2879/3458/4060 2878/3456/4058
f 2864/3457/4059 2865/3459/4061 2880/3460/4062 2879/3458/4060
f 2865/3459/4061 2866/3461/4063 2881/3462/4064 2880/3460/4062
f 2866/3461/4063 2867/3463/4065 2882/3464/4066 2881/3462/4064
f 2867/3463/4065 2868/3465/4067 2883/3466/4068 2882/3464/4066
f 2868/3465/4067 2869/3467/4069 2884/3468/4070 2883/3466/4068
f 2869/3467/4069 2870/3469/4071 2885/3470/4072 2884/3468/4070
f 2870/3469/4071 2871/3471/4073 2886/3472/4074 2885/3470/4072
f 2871/3471/4073 2872/3473/4075 2887/3474/4076 2886/3472/4074
f 2872/3473/4075 2873/3475/4077 2888/3476/4078 2887/3474/4076
f 2873/3475/4077 2874/3477/4079 2889/3478/4080 2888/3476/4078
f 2874/3477/4079 2875/3479/4081 2890/3480/4082 2889/3478/4080
f 2875/3479/4081 2861/3481/4053 2876/3482/4056 2890/3480/4082
s 276
f 2891/3483/4083 2892/3484/4084 2907/3485/4085 2906/3486/4086
f 2892/3484/4084 2893/3487/4087 2908/3488/4088 2907/3485/4085
f 2893/3487/4087 2894/3489/4089 2909/3490/4090 2908/3488/4088
f 2894/3489/4089 2895/3491/4091 2910/3492/4092 2909/3490/4090
f 2895/3491/4091 2896/3493/4093 2911/3494/4094 2910/3492/4092
f 2896/3493/4093 2897/3495/4095 2912/3496/4096 2911/3494/4094
f 2897/3495/4095 2898/3497/4097 2913/3498/4098 2912/3496/4096
f 2898/3497/4097 2899/3499/4099 2914/3500/4100 2913/3498/4098
f 2899/3499/4099 2900/3501/4101 2915/3502/4102 2914/3500/4100
f 2900/3501/4101 2901/3503/4103 2916/3504/4104 2915/3502/4102
f 2901/3503/4103 2902/3505/4105 2917/3506/4106 2916/3504/4104
f 2902/3505/4105 2903/3507/4107 2918/3508/4108 2917/3506/4106
f 2903/3507/4107 2904/3509/4109 2919/3510/4110 2918/3508/4108
f 2904/3509/4109 2905/3511/4111 2920/3512/4112 2919/3510/4110
f 2905/3511/4111 2891/3513/4083 2906/3514/4086 2920/3512/4112
s 277
f 2921/3515/4113 2922/3516/4114 2937/3517/4115 2936/3518/4116
f 2922/3516/4114 2923/3519/4117 2938/3520/4118 2937/3517/4115
f 2923/3519/4117 2924/3521/4119 2939/3522/4120 2938/3520/4118
f 2924/3521/4119 2925/3523/4121 2940/3524/4122 2939/3522/4120
f 2925/3523/4121 2926/3525/4123 2941/3526/4124 2940/3524/4122
f 2926/3525/4123 2927/3527/4125 2942/3528/4126 2941/3526/4124
f 2927/3527/4125 2928/3529/4127 2943/3530/4128 2942/3528/4126
f 2928/3529/4127 2929/3531/4129 2944/3532/4130 2943/3530/4128
f 2929/3531/4129 2930/3533/4131 2945/3534/4132 2944/3532/4130
f 2930/3533/4131 2931/3535/4133 2946/3536/4134 2945/3534/4132
f 2931/3535/4133 2932/3537/4135 2947/3538/4136 2946/3536/4134
f 2932/3537/4135 2933/3539/4137 2948/3540/4138 2947/3538/4136
f 2933/3539/4137 2934/3541/4139 2949/3542/4140 2948/3540/4138
f 2934/3541/4139 2935/3543/4141 2950/3544/4142 2949/3542/4140
f 2935/3543/4141 2921/3545/4113 2936/3546/4116 2950/3544/4142
s 278
f 2951/3547/4143 2952/3548/4144 2967/3549/4145 2966/3550/4146
f 2952/3548/4144 2953/3551/4147 2968/3552/4148 2967/3549/4145
f 2953/3551/4147 2954/3553/4149 2969/3554/4150 2968/3552/4148
f 2954/3553/4149 2955/3555/4151 2970/3556/4152 2969/3554/4150
f 2955/3555/4151 2956/3557/4153 2971/3558/4154 2970/3556/4152
f 2956/3557/4153 2957/3559/4155 2972/3560/4156 2971/3558/4154
f 2957/3559/4155 2958/3561/4157 2973/3562/4158 2972/3560/4156
f 2958/3561/4157 2959/3563/4159 2974/3564/4160 2973/3562/4158
f 2959/3563/4159 2960/3565/4161 2975/3566/4162 2974/3564/4160
f 2960/3565/4161 2961/3567/4163 2976/3568/4164 2975/3566/4162
f 2961/3567/4163 2962/3569/4165 2977/3570/4166 2976/3568/4164
f 2962/3569/4165 2963/3571/4167 2978/3572/4168 2977/3570/4166
f 2963/3571/4167 2964/3573/4169 2979/3574/4170 2978/3572/4168
f 2964/3573/4169 2965/3575/4171 2980/3576/4172 2979/3574/4170
f 2965/3575/4171 2951/3577/4143 2966/3578/4146 2980/3576/4172
s 279
f 2981/3579/4173 2982/3580/4174 2997/3581/4175 2996/3582/4176
f 2982/3580/4174 2983/3583/4177 2998/3584/4178 2997/3581/4175
f 2983/3583/4177 2984/3585/4179 2999/3586/4180 2998/3584/4178
f 2984/3585/4179 2985/3587/4181 3000/3588/4182 2999/3586/4180
f 2985/3587/4181 2986/3589/4183 3001/3590/4184 3000/3588/4182
f 2986/3589/4183 2987/3591/4185 3002/3592/4186 3001/3590/4184
f 2987/3591/4185 2988/3593/4187 3003/3594/4188 3002/3592/4186
f 2988/3593/4187 2989/3595/4189 3004/3596/4190 3003/3594/4188
f 2989/3595/4189 2990/3597/4191 3005/3598/4192 3004/3596/4190
f 2990/3597/4191 2991/3599/4193 3006/3600/4194 3005/3598/4192
f 2991/3599/4193 2992/3601/4195 3007/3602/4196 3006/3600/4194
f 2992/3601/4195 2993/3603/4197 3008/3604/4198 3007/3602/4196
f 2993/3603/4197 2994/3605/4199 3009/3606/4200 3008/3604/4198
f 2994/3605/4199 2995/3607/4201 3010/3608/4202 3009/3606/4200
f 2995/3607/4201 2981/3609/4173 2996/3610/4176 3010/3608/4202
s 280
f 3011/3611/4203 3012/3612/4204 3027/3613/4205 3026/3614/4206
f 3012/3612/4204 3013/3615/4207 3028/3616/4208 3027/3613/4205
f 3013/3615/4207 3014/3617/4209 3029/3618/4210 3028/3616/4208
f 3014/3617/4209 3015/3619/4211 3030/3620/4212 3029/3618/4210
f 3015/3619/4211 3016/3621/4213 3031/3622/4214 3030/3620/4212
f 3016/3621/4213 3017/3623/4215 3032/3624/4216 3031/3622/4214
f 3017/3623/4215 3018/3625/4217 3033/3626/4218 3032/3624/4216
f 3018/3625/4217 3019/3627/4219 3034/3628/4220 3033/3626/4218
f 3019/3627/4219 3020/3629/4221 3035/3630/4222 3034/3628/4220
f 3020/3629/4221 3021/3631/4223 3036/3632/4224 3035/3630/4222
f 3021/3631/4223 3022/3633/4225 3037/3634/4226 3036/3632/4224
f 3022/3633/4225 3023/3635/4227 3038/3636/4228 3037/3634/4226
f 3023/3635/4227 3024/3637/4229 3039/3638/4230 3038/3636/4228
f 3024/3637/4229 3025/3639/4231 3040/3640/4232 3039/3638/4230
f 3025/3639/4231 3011/3641/4203 3026/3642/4206 3040/3640/4232
s 281
f 3041/3643/4233 3042/3644/4234 3057/3645/4235 3056/3646/4236
f 3042/3644/4234 3043/3647/4237 3058/3648/4238 3057/3645/4235
f 3043/3647/4237 3044/3649/4239 3059/3650/4240 3058/3648/4238
f 3044/3649/4239 3045/3651/4241 3060/3652/4242 3059/3650/4240
f 3045/3651/4241 3046/3653/4243 3061/3654/4244 3060/3652/4242
f 3046/3653/4243 3047/3655/4245 3062/3656/4246 3061/3654/4244
f 3047/3655/4245 3048/3657/4247 3063/3658/4248 3062/3656/4246
f 3048/3657/4247 3049/3659/4249 3064/3660/4250 3063/3658/4248
f 3049/3659/4249 3050/3661/4251 3065/3662/4252 3064/3660/4250
f 3050/3661/4251 3051/3663/4253 3066/3664/4254 3065/3662/4252
f 3051/3663/4253 3052/3665/4255 3067/3666/4256 3066/3664/4254
f 3052/3665/4255 3053/3667/4257 3068/3668/4258 3067/3666/4256
f 3053/3667/4257 3054/3669/4259 3069/3670/4260 3068/3668/4258
f 3054/3669/4259 3055/3671/4261 3070/3672/4262 3069/3670/4260
f 3055/3671/4261 3041/3673/4233 3056/3674/4236 3070/3672/4262
s 282
f 3071/3675/4263 3072/3676/4264 3087/3677/4265 3086/3678/4266
f 3072/3676/4264 3073/3679/4267 3088/3680/4268 3087/3677/4265
f 3073/3679/4267 3074/3681/4269 3089/3682/4270 3088/3680/4268
f 3074/3681/4269 3075/3683/4271 3090/3684/4272 3089/3682/4270
f 3075/3683/4271 3076/3685/4273 3091/3686/4274 3090/3684/4272
f 3076/3685/4273 3077/3687/4275 3092/3688/4276 3091/3686/4274
f 3077/3687/4275 3078/3689/4277 3093/3690/4278 3092/3688/4276
f 3078/3689/4277 3079/3691/4279 3094/3692/4280 3093/3690/4278
f 3079/3691/4279 3080/3693/4281 3095/3694/4282 3094/3692/4280
f 3080/3693/4281 3081/3695/4283 3096/3696/4284 3095/3694/4282
f 3081/3695/4283 3082/3697/4285 3097/3698/4286 3096/3696/4284
f 3082/3697/4285 3083/3699/4287 3098/3700/4288 3097/3698/4286
f 3083/3699/4287 3084/3701/4289 3099/3702/4290 3098/3700/4288
f 3084/3701/4289 3085/3703/4291 3100/3704/4292 3099/3702/4290
f 3085/3703/4291 3071/3705/4263 3086/3706/4266 3100/3704/4292
s 283
f 3101/3707/4293 3102/3708/4294 3117/3709/4295 3116/3710/4296
f 3102/3708/4294 3103/3711/4297 3118/3712/4298 3117/3709/4295
f 3103/3711/4297 3104/3713/4299 3119/3714/4300 3118/3712/4298
f 3104/3713/4299 3105/3715/4301 3120/3716/4302 3119/3714/4300
f 3105/3715/4301 3106/3717/4303 3121/3718/4304 3120/3716/4302
f 3106/3717/4303 3107/3719/4305 3122/3720/4306 3121/3718/4304
f 3107/3719/4305 3108/3721/4307 3123/3722/4308 3122/3720/4306
f 3108/3721/4307 3109/3723/4309 3124/3724/4310 3123/3722/4308
f 3109/3723/4309 3110/3725/4311 3125/3726/4312 3124/3724/4310
f 3110/3725/4311 3111/3727/4313 3126/3728/4314 3125/3726/4312
f 3111/3727/4313 3112/3729/4315 3127/3730/4316 3126/3728/4314
f 3112/3729/4315 3113/3731/4317 3128/3732/4318 3127/3730/4316
f 3113/3731/4317 3114/3733/4319 3129/3734/4320 3128/3732/4318
f 3114/3733/4319 3115/3735/4321 3130/3736/4322 3129/3734/4320
f 3115/3735/4321 3101/3737/4293 3116/3738/4296 3130/3736/4322
s 284
f 3131/3739/4323 3132/3740/4324 3147/3741/4325 3146/3742/4326
f 3132/3740/4324 3133/3743/4327 3148/3744/4328 3147/3741/4325
f 3133/3743/4327 3134/3745/4329 3149/3746/4330 3148/3744/4328
f 3134/3745/4329 3135/3747/4331 3150/3748/4332 3149/3746/4330
f 3135/3747/4331 3136/3749/4333 3151/3750/4334 3150/3748/4332
f 3136/3749/4333 3137/3751/4335 3152/3752/4336 3151/3750/4334
f 3137/3751/4335 3138/3753/4337 3153/3754/4338 3152/3752/4336
f 3138/3753/4337 3139/3755/4339 3154/3756/4340 3153/3754/4338
f 3139/3755/4339 3140/3757/4341 3155/3758/4342 3154/3756/4340
f 3140/3757/4341 3141/3759/4343 3156/3760/4344 3155/3758/4342
f 3141/3759/4343 3142/3761/4345 3157/3762/4346 3156/3760/4344
f 3142/3761/4345 3143/3763/4347 3158/3764/4348 3157/3762/4346
f 3143/3763/4347 3144/3765/4349 3159/3766/4350 3158/3764/4348
f 3144/3765/4349 3145/3767/4351 3160/3768/4352 3159/3766/4350
f 3145/3767/4351 3131/3769/4323 3146/3770/4326 3160/3768/4352
s 285
f 3161/3771/4353 3162/3772/4354 3177/3773/4355 3176/3774/4356
f 3162/3772/4354 3163/3775/4357 3178/3776/4358 3177/3773/4355
f 3163/3775/4357 3164/3777/4359 3179/3778/4360 3178/3776/4358
f 3164/3777/4359 3165/3779/4361 3180/3780/4362 3179/3778/4360
f 3165/3779/4361 3166/3781/4363 3181/3782/4364 3180/3780/4362
f 3166/3781/4363 3167/3783/4365 3182/3784/4366 3181/3782/4364
f 3167/3783/4365 3168/3785/4367 3183/3786/4368 3182/3784/4366
f 3168/3785/4367 3169/3787/4369 3184/3788/4370 3183/3786/4368
f 3169/3787/4369 3170/3789/4371 3185/3790/4372 3184/3788/4370
f 3170/3789/4371 3171/3791/4373 3186/3792/4374 3185/3790/4372
f 3171/3791/4373 3172/3793/4375 3187/3794/4376 3186/3792/4374
f 3172/3793/4375 3173/3795/4377 3188/3796/4378 3187/3794/4376
f 3173/3795/4377 3174/3797/4379 3189/3798/4380 3188/3796/4378
f 3174/3797/4379 3175/3799/4381 3190/3800/4382 3189/3798/4380
f 3175/3799/4381 3161/3801/4353 3176/3802/4356 3190/3800/4382
s 286
f 3191/3803/4383 3192/3804/4384 3207/3805/4385 3206/3806/4386
f 3192/3804/4384 3193/3807/4387 3208/3808/4388 3207/3805/4385
f 3193/3807/4387 3194/3809/4389 3209/3810/4390 3208/3808/4388
f 3194/3809/4389 3195/3811/4391 3210/3812/4392 3209/3810/4390
f 3195/3811/4391 3196/3813/4393 3211/3814/4394 3210/3812/4392
f 3196/3813/4393 3197/3815/4395 3212/3816/4396 3211/3814/4394
f 3197/3815/4395 3198/3817/4397 3213/3818/4398 3212/3816/4396
f 3198/3817/4397 3199/3819/4399 3214/3820/4400 3213/3818/4398
f 3199/3819/4399 3200/3821/4401 3215/3822/4402 3214/3820/4400
f 3200/3821/4401 3201/3823/4403 3216/3824/4404 3215/3822/4402
f 3201/3823/4403 3202/3825/4405 3217/3826/4406 3216/3824/4404
f 3202/3825/4405 3203/3827/4407 3218/3828/4408 3217/3826/4406
f 3203/3827/4407 3204/3829/4409 3219/3830/4410 3218/3828/4408
f 3204/3829/4409 3205/3831/4411 3220/3832/4412 3219/3830/4410
f 3205/3831/4411 3191/3833/4383 3206/3834/4386 3220/3832/4412
s 287
f 3221/3835/4413 3222/3836/4414 3237/3837/4415 3236/3838/4416
f 3222/3836/4414 3223/3839/4417 3238/3840/4418 3237/3837/4415
f 3223/3839/4417 3224/3841/4419 3239/3842/4420 3238/3840/4418
f 3224/3841/4419 3225/3843/4421 3240/3844/4422 3239/3842/4420
f 3225/3843/4421 3226/3845/4423 3241/3846/4424 3240/3844/4422
f 3226/3845/4423 3227/3847/4425 3242/3848/4426 3241/3846/4424
f 3227/3847/4425 3228/3849/4427 3243/3850/4428 3242/3848/4426
f 3228/3849/4427 3229/3851/4429 3244/3852/4430 3243/3850/4428
f 3229/3851/4429 3230/3853/4431 3245/3854/4432 3244/3852/4430
f 3230/3853/4431 3231/3855/4433 3246/3856/4434 3245/3854/4432
f 3231/3855/4433 3232/3857/4435 3247/3858/4436 3246/3856/4434
f 3232/3857/4435 3233/3859/4437 3248/3860/4438 3247/3858/4436
f 3233/3859/4437 3234/3861/4439 3249/3862/4440 3248/3860/4438
f 3234/3861/4439 3235/3863/4441 3250/3864/4442 3249/3862/4440
f 3235/3863/4441 3221/3865/4413 3236/3866/4416 3250/3864/4442
s off
f 3251/3867/4443 3267/3868/4444 3268/3869/4445 3253/3870/4446
f 3252/3871/4447 3255/3872/4448 3256/3873/4449 3251/3874/4450
f 3253/3875/4451 3257/3876/4452 3258/3877/4453 3252/3871/4454
f 3254/3878/4455 3269/3879/4456 3270/3880/4457 3256/3881/4458
f 3255/3872/4459 3261/3882/4460 3262/3883/4461 3254/3884/4462
f 3257/3885/4463 3263/3886/4464 3264/3887/4465 3259/3888/4466
f 3259/3888/4467 3260/3889/4468 3261/3882/4469 3258/3877/4470
f 3260/3889/4471 3265/3890/4472 3266/3891/4473 3262/3892/4474
f 3252/3871/4475 3258/3877/4476 3261/3882/4477 3255/3872/4478
f 3259/3888/4479 3264/3887/4480 3265/3890/4481 3260/3889/4482
f 3251/3867/4483 3256/3881/4484 3270/3880/4485 3267/3868/4486
f 3254/3884/4487 3262/3883/4488 3266/3893/4489 3269/3894/4490
f 3268/3895/4491 3263/3896/4492 3257/3876/4493 3253/3875/4494
f 3251/3874/4495 3253/3875/4496 3252/3871/4497
f 3254/3884/4498 3256/3873/4499 3255/3872/4500
f 3257/3876/4501 3259/3888/4502 3258/3877/4503
f 3260/3889/4504 3262/3883/4505 3261/3882/4506
f 3271/3897/4507 3287/3898/4508 3288/3899/4509 3273/3900/4510
f 3272/3901/4511 3275/3902/4512 3276/3903/4513 3271/3904/4514
f 3273/3905/4515 3277/3906/4516 3278/3907/4517 3272/3901/4518
f 3274/3908/4519 3289/3909/4520 3290/3910/4521 3276/3911/4522
f 3275/3902/4523 3281/3912/4524 3282/3913/4525 3274/3914/4526
f 3277/3915/4527 3283/3916/4528 3284/3917/4529 3279/3918/4530
f 3279/3918/4531 3280/3919/4532 3281/3912/4533 3278/3907/4534
f 3280/3919/4535 3285/3920/4536 3286/3921/4537 3282/3922/4538
f 3272/3901/4539 3278/3907/4540 3281/3912/4541 3275/3902/4542
f 3279/3918/4543 3284/3917/4544 3285/3920/4545 3280/3919/4546
f 3271/3897/4547 3276/3911/4548 3290/3910/4549 3287/3898/4550
f 3274/3914/4551 3282/3913/4552 3286/3923/4553 3289/3924/4554
f 3288/3925/4555 3283/3926/4556 3277/3906/4557 3273/3905/4558
f 3271/3904/4559 3273/3905/4560 3272/3901/4561
f 3274/3914/4562 3276/3903/4563 3275/3902/4564
f 3277/3906/4565 3279/3918/4566 3278/3907/4567
f 3280/3919/4568 3282/3913/4569 3281/3912/4570
f 3291/3927/4571 3293/3928/4572 3308/3929/4573 3307/3930/4574
f 3292/3931/4575 3291/3932/4576 3296/3933/4577 3295/3934/4578
f 3293/3935/4579 3292/3931/4580 3298/3936/4581 3297/3937/4582
f 3294/3938/4583 3296/3939/4584 3310/3940/4585 3309/3941/4586
f 3295/3934/4587 3294/3942/4588 3302/3943/4589 3301/3944/4590
f 3297/3945/4591 3299/3946/4592 3304/3947/4593 3303/3948/4594
f 3299/3946/4595 3298/3936/4596 3301/3944/4597 3300/3949/4598
f 3300/3949/4599 3302/3950/4600 3306/3951/4601 3305/3952/4602
f 3292/3931/4603 3295/3934/4604 3301/3944/4605 3298/3936/4606
f 3299/3946/4607 3300/3949/4608 3305/3952/4609 3304/3947/4610
f 3291/3927/4611 3307/3930/4612 3310/3940/4613 3296/3939/4614
f 3294/3942/4615 3309/3953/4616 3306/3954/4617 3302/3943/4618
f 3308/3955/4619 3293/3935/4620 3297/3937/4621 3303/3956/4622
f 3291/3932/4623 3292/3931/4624 3293/3935/4625
f 3294/3942/4626 3295/3934/4627 3296/3933/4628
f 3297/3937/4629 3298/3936/4630 3299/3946/4631
f 3300/3949/4632 3301/3944/4633 3302/3943/4634
f 3311/3957/4635 3313/3958/4636 3328/3959/4637 3327/3960/4638
f 3312/3961/4639 3311/3962/4640 3316/3963/4641 3315/3964/4642
f 3313/3965/4643 3312/3961/4644 3318/3966/4645 3317/3967/4646
f 3314/3968/4647 3316/3969/4648 3330/3970/4649 3329/3971/4650
f 3315/3964/4651 3314/3972/4652 3322/3973/4653 3321/3974/4654
f 3317/3975/4655 3319/3976/4656 3324/3977/4657 3323/3978/4658
f 3319/3976/4659 3318/3966/4660 3321/3974/4661 3320/3979/4662
f 3320/3979/4663 3322/3980/4664 3326/3981/4665 3325/3982/4666
f 3312/3961/4667 3315/3964/4668 3321/3974/4669 3318/3966/4670
f 3319/3976/4671 3320/3979/4672 3325/3982/4673 3324/3977/4674
f 3311/3957/4675 3327/3960/4676 3330/3970/4677 3316/3969/4678
f 3314/3972/4679 3329/3983/4680 3326/3984/4681 3322/3973/4682
f 3328/3985/4683 3313/3965/4684 3317/3967/4685 3323/3986/4686
f 3311/3962/4687 3312/3961/4688 3313/3965/4689
f 3314/3972/4690 3315/3964/4691 3316/3963/4692
f 3317/3967/4693 3318/3966/4694 3319/3976/4695
f 3320/3979/4696 3321/3974/4697 3322/3973/4698
s 288
f 3331/3987/4699 3332/3988/4700 3347/3989/4701 3346/3990/4702
f 3332/3988/4700 3333/3991/4703 3348/3992/4704 3347/3989/4701
f 3333/3991/4703 3334/3993/4705 3349/3994/4706 3348/3992/4704
f 3334/3993/4705 3335/3995/4707 3350/3996/4708 3349/3994/4706
f 3335/3995/4707 3336/3997/4709 3351/3998/4710 3350/3996/4708
f 3336/3997/4709 3337/3999/4711 3352/4000/4712 3351/3998/4710
f 3337/3999/4711 3338/4001/4713 3353/4002/4714 3352/4000/4712
f 3338/4001/4713 3339/4003/4715 3354/4004/4716 3353/4002/4714
f 3339/4003/4715 3340/4005/4717 3355/4006/4718 3354/4004/4716
f 3340/4005/4717 3341/4007/4719 3356/4008/4720 3355/4006/4718
f 3341/4007/4719 3342/4009/4721 3357/4010/4722 3356/4008/4720
f 3342/4009/4721 3343/4011/4723 3358/4012/4724 3357/4010/4722
f 3343/4011/4723 3344/4013/4725 3359/4014/4726 3358/4012/4724
f 3344/4013/4725 3345/4015/4727 3360/4016/4728 3359/4014/4726
f 3345/4015/4727 3331/4017/4699 3346/4018/4702 3360/4016/4728
s off
f 3361/4019/4729 3377/4020/4730 3378/4021/4731 3363/4022/4732
f 3362/4023/4733 3365/4024/4734 3366/4025/4735 3361/4026/4736
f 3363/4027/4737 3367/4028/4738 3368/4029/4739 3362/4023/4740
f 3364/4030/4741 3379/4031/4742 3380/4032/4743 3366/4033/4744
f 3365/4024/4745 3371/4034/4746 3372/4035/4747 3364/4036/4748
f 3367/4037/4749 3373/4038/4750 3374/4039/4751 3369/4040/4752
f 3369/4040/4753 3370/4041/4754 3371/4034/4755 3368/4029/4756
f 3370/4041/4757 3375/4042/4758 3376/4043/4759 3372/4044/4760
f 3362/4023/4761 3368/4029/4762 3371/4034/4763 3365/4024/4764
f 3369/4040/4765 3374/4039/4766 3375/4042/4767 3370/4041/4768
f 3361/4019/4769 3366/4033/4770 3380/4032/4771 3377/4020/4772
f 3364/4036/4773 3372/4035/4774 3376/4045/4775 3379/4046/4776
f 3378/4047/4777 3373/4048/4778 3367/4028/4779 3363/4027/4780
f 3361/4026/4781 3363/4027/4782 3362/4023/4783
f 3364/4036/4784 3366/4025/4785 3365/4024/4786
f 3367/4028/4787 3369/4040/4788 3368/4029/4789
f 3370/4041/4790 3372/4035/4791 3371/4034/4792
f 3381/4049/4793 3397/4050/4794 3398/4051/4795 3383/4052/4796
f 3382/4053/4797 3385/4054/4798 3386/4055/4799 3381/4056/4800
f 3383/4057/4801 3387/4058/4802 3388/4059/4803 3382/4053/4804
f 3384/4060/4805 3399/4061/4806 3400/4062/4807 3386/4063/4808
f 3385/4054/4809 3391/4064/4810 3392/4065/4811 3384/4066/4812
f 3387/4067/4813 3393/4068/4814 3394/4069/4815 3389/4070/4816
f 3389/4070/4817 3390/4071/4818 3391/4064/4819 3388/4059/4820
f 3390/4071/4821 3395/4072/4822 3396/4073/4823 3392/4074/4824
f 3382/4053/4825 3388/4059/4826 3391/4064/4827 3385/4054/4828
f 3389/4070/4829 3394/4069/4830 3395/4072/4831 3390/4071/4832
f 3381/4049/4833 3386/4063/4834 3400/4062/4835 3397/4050/4836
f 3384/4066/4837 3392/4065/4838 3396/4075/4839 3399/4076/4840
f 3398/4077/4841 3393/4078/4842 3387/4058/4843 3383/4057/4844
f 3381/4056/4845 3383/4057/4846 3382/4053/4847
f 3384/4066/4848 3386/4055/4849 3385/4054/4850
f 3387/4058/4851 3389/4070/4852 3388/4059/4853
f 3390/4071/4854 3392/4065/4855 3391/4064/4856
f 3401/4079/4857 3417/4080/4858 3418/4081/4859 3403/4082/4860
f 3402/4083/4861 3405/4084/4862 3406/4085/4863 3401/4086/4864
f 3403/4087/4865 3407/4088/4866 3408/4089/4867 3402/4083/4868
f 3404/4090/4869 3419/4091/4870 3420/4092/4871 3406/4093/4872
f 3405/4084/4873 3411/4094/4874 3412/4095/4875 3404/4096/4876
f 3407/4097/4877 3413/4098/4878 3414/4099/4879 3409/4100/4880
f 3409/4100/4881 3410/4101/4882 3411/4094/4883 3408/4089/4884
f 3410/4101/4885 3415/4102/4886 3416/4103/4887 3412/4104/4888
f 3402/4083/4889 3408/4089/4890 3411/4094/4891 3405/4084/4892
f 3409/4100/4893 3414/4099/4894 3415/4102/4895 3410/4101/4896
f 3401/4079/4897 3406/4093/4898 3420/4092/4899 3417/4080/4900
f 3404/4096/4901 3412/4095/4902 3416/4105/4903 3419/4106/4904
f 3418/4107/4905 3413/4108/4906 3407/4088/4907 3403/4087/4908
f 3401/4086/4909 3403/4087/4910 3402/4083/4911
f 3404/4096/4912 3406/4085/4913 3405/4084/4914
f 3407/4088/4915 3409/4100/4916 3408/4089/4917
f 3410/4101/4918 3412/4095/4919 3411/4094/4920
f 3421/4109/4921 3437/4110/4922 3438/4111/4923 3423/4112/4924
f 3422/4113/4925 3425/4114/4926 3426/4115/4927 3421/4116/4928
f 3423/4117/4929 3427/4118/4930 3428/4119/4931 3422/4113/4932
f 3424/4120/4933 3439/4121/4934 3440/4122/4935 3426/4123/4936
f 3425/4114/4937 3431/4124/4938 3432/4125/4939 3424/4126/4940
f 3427/4127/4941 3433/4128/4942 3434/4129/4943 3429/4130/4944
f 3429/4130/4945 3430/4131/4946 3431/4124/4947 3428/4119/4948
f 3430/4131/4949 3435/4132/4950 3436/4133/4951 3432/4134/4952
f 3422/4113/4953 3428/4119/4954 3431/4124/4955 3425/4114/4956
f 3429/4130/4957 3434/4129/4958 3435/4132/4959 3430/4131/4960
f 3421/4109/4961 3426/4123/4962 3440/4122/4963 3437/4110/4964
f 3424/4126/4965 3432/4125/4966 3436/4135/4967 3439/4136/4968
f 3438/4137/4969 3433/4138/4970 3427/4118/4971 3423/4117/4972
f 3421/4116/4973 3423/4117/4974 3422/4113/4975
f 3424/4126/4976 3426/4115/4977 3425/4114/4978
f 3427/4118/4979 3429/4130/4980 3428/4119/4981
f 3430/4131/4982 3432/4125/4983 3431/4124/4984
f 3441/4139/4985 3457/4140/4986 3458/4141/4987 3443/4142/4988
f 3442/4143/4989 3445/4144/4990 3446/4145/4991 3441/4146/4992
f 3443/4147/4993 3447/4148/4994 3448/4149/4995 3442/4143/4996
f 3444/4150/4997 3459/4151/4998 3460/4152/4999 3446/4153/5000
f 3445/4144/5001 3451/4154/5002 3452/4155/5003 3444/4156/5004
f 3447/4157/5005 3453/4158/5006 3454/4159/5007 3449/4160/5008
f 3449/4160/5009 3450/4161/5010 3451/4154/5011 3448/4149/5012
f 3450/4161/5013 3455/4162/5014 3456/4163/5015 3452/4164/5016
f 3442/4143/5017 3448/4149/5018 3451/4154/5019 3445/4144/5020
f 3449/4160/5021 3454/4159/5022 3455/4162/5023 3450/4161/5024
f 3441/4139/5025 3446/4153/5026 3460/4152/5027 3457/4140/5028
f 3444/4156/5029 3452/4155/5030 3456/4165/5031 3459/4166/5032
f 3458/4167/5033 3453/4168/5034 3447/4148/5035 3443/4147/5036
f 3441/4146/5037 3443/4147/5038 3442/4143/5039
f 3444/4156/5040 3446/4145/5041 3445/4144/5042
f 3447/4148/5043 3449/4160/5044 3448/4149/5045
f 3450/4161/5046 3452/4155/5047 3451/4154/5048
f 3461/4169/5049 3477/4170/5050 3478/4171/5051 3463/4172/5052
f 3462/4173/5053 3465/4174/5054 3466/4175/5055 3461/4176/5056
f 3463/4177/5057 3467/4178/5058 3468/4179/5059 3462/4173/5060
f 3464/4180/5061 3479/4181/5062 3480/4182/5063 3466/4183/5064
f 3465/4174/5065 3471/4184/5066 3472/4185/5067 3464/4186/5068
f 3467/4187/5069 3473/4188/5070 3474/4189/5071 3469/4190/5072
f 3469/4190/5073 3470/4191/5074 3471/4184/5075 3468/4179/5076
f 3470/4191/5077 3475/4192/5078 3476/4193/5079 3472/4194/5080
f 3462/4173/5081 3468/4179/5082 3471/4184/5083 3465/4174/5084
f 3469/4190/5085 3474/4189/5086 3475/4192/5087 3470/4191/5088
f 3461/4169/5089 3466/4183/5090 3480/4182/5091 3477/4170/5092
f 3464/4186/5093 3472/4185/5094 3476/4195/5095 3479/4196/5096
f 3478/4197/5097 3473/4198/5098 3467/4178/5099 3463/4177/5100
f 3461/4176/5101 3463/4177/5102 3462/4173/5103
f 3464/4186/5104 3466/4175/5105 3465/4174/5106
f 3467/4178/5107 3469/4190/5108 3468/4179/5109
f 3470/4191/5110 3472/4185/5111 3471/4184/5112
f 3481/4199/5113 3497/4200/5114 3498/4201/5115 3483/4202/5116
f 3482/4203/5117 3485/4204/5118 3486/4205/5119 3481/4206/5120
f 3483/4207/5121 3487/4208/5122 3488/4209/5123 3482/4203/5124
f 3484/4210/5125 3499/4211/5126 3500/4212/5127 3486/4213/5128
f 3485/4204/5129 3491/4214/5130 3492/4215/5131 3484/4216/5132
f 3487/4217/5133 3493/4218/5134 3494/4219/5135 3489/4220/5136
f 3489/4220/5137 3490/4221/5138 3491/4214/5139 3488/4209/5140
f 3490/4221/5141 3495/4222/5142 3496/4223/5143 3492/4224/5144
f 3482/4203/5145 3488/4209/5146 3491/4214/5147 3485/4204/5148
f 3489/4220/5149 3494/4219/5150 3495/4222/5151 3490/4221/5152
f 3481/4199/5153 3486/4213/5154 3500/4212/5155 3497/4200/5156
f 3484/4216/5157 3492/4215/5158 3496/4225/5159 3499/4226/5160
f 3498/4227/5161 3493/4228/5162 3487/4208/5163 3483/4207/5164
f 3481/4206/5165 3483/4207/5166 3482/4203/5167
f 3484/4216/5168 3486/4205/5169 3485/4204/5170
f 3487/4208/5171 3489/4220/5172 3488/4209/5173
f 3490/4221/5174 3492/4215/5175 3491/4214/5176
f 3501/4229/5177 3517/4230/5178 3518/4231/5179 3503/4232/5180
f 3502/4233/5181 3505/4234/5182 3506/4235/5183 3501/4236/5184
f 3503/4237/5185 3507/4238/5186 3508/4239/5187 3502/4233/5188
f 3504/4240/5189 3519/4241/5190 3520/4242/5191 3506/4243/5192
f 3505/4234/5193 3511/4244/5194 3512/4245/5195 3504/4246/5196
f 3507/4247/5197 3513/4248/5198 3514/4249/5199 3509/4250/5200
f 3509/4250/5201 3510/4251/5202 3511/4244/5203 3508/4239/5204
f 3510/4251/5205 3515/4252/5206 3516/4253/5207 3512/4254/5208
f 3502/4233/5209 3508/4239/5210 3511/4244/5211 3505/4234/5212
f 3509/4250/5213 3514/4249/5214 3515/4252/5215 3510/4251/5216
f 3501/4229/5217 3506/4243/5218 3520/4242/5219 3517/4230/5220
f 3504/4246/5221 3512/4245/5222 3516/4255/5223 3519/4256/5224
f 3518/4257/5225 3513/4258/5226 3507/4238/5227 3503/4237/5228
f 3501/4236/5229 3503/4237/5230 3502/4233/5231
f 3504/4246/5232 3506/4235/5233 3505/4234/5234
f 3507/4238/5235 3509/4250/5236 3508/4239/5237
f 3510/4251/5238 3512/4245/5239 3511/4244/5240
f 3521/4259/5241 3537/4260/5242 3538/4261/5243 3523/4262/5244
f 3522/4263/5245 3525/4264/5246 3526/4265/5247 3521/4266/5248
f 3523/4267/5249 3527/4268/5250 3528/4269/5251 3522/4263/5252
f 3524/4270/5253 3539/4271/5254 3540/4272/5255 3526/4273/5256
f 3525/4264/5257 3531/4274/5258 3532/4275/5259 3524/4276/5260
f 3527/4277/5261 3533/4278/5262 3534/4279/5263 3529/4280/5264
f 3529/4280/5265 3530/4281/5266 3531/4274/5267 3528/4269/5268
f 3530/4281/5269 3535/4282/5270 3536/4283/5271 3532/4284/5272
f 3522/4263/5273 3528/4269/5274 3531/4274/5275 3525/4264/5276
f 3529/4280/5277 3534/4279/5278 3535/4282/5279 3530/4281/5280
f 3521/4259/5281 3526/4273/5282 3540/4272/5283 3537/4260/5284
f 3524/4276/5285 3532/4275/5286 3536/4285/5287 3539/4286/5288
f 3538/4287/5289 3533/4288/5290 3527/4268/5291 3523/4267/5292
f 3521/4266/5293 3523/4267/5294 3522/4263/5295
f 3524/4276/5296 3526/4265/5297 3525/4264/5298
f 3527/4268/5299 3529/4280/5300 3528/4269/5301
f 3530/4281/5302 3532/4275/5303 3531/4274/5304
f 3541/4289/5305 3557/4290/5306 3558/4291/5307 3543/4292/5308
f 3542/4293/5309 3545/4294/5310 3546/4295/5311 3541/4296/5312
f 3543/4297/5313 3547/4298/5314 3548/4299/5315 3542/4293/5316
f 3544/4300/5317 3559/4301/5318 3560/4302/5319 3546/4303/5320
f 3545/4294/5321 3551/4304/5322 3552/4305/5323 3544/4306/5324
f 3547/4307/5325 3553/4308/5326 3554/4309/5327 3549/4310/5328
f 3549/4310/5329 3550/4311/5330 3551/4304/5331 3548/4299/5332
f 3550/4311/5333 3555/4312/5334 3556/4313/5335 3552/4314/5336
f 3542/4293/5337 3548/4299/5338 3551/4304/5339 3545/4294/5340
f 3549/4310/5341 3554/4309/5342 3555/4312/5343 3550/4311/5344
f 3541/4289/5345 3546/4303/5346 3560/4302/5347 3557/4290/5348
f 3544/4306/5349 3552/4305/5350 3556/4315/5351 3559/4316/5352
f 3558/4317/5353 3553/4318/5354 3547/4298/5355 3543/4297/5356
f 3541/4296/5357 3543/4297/5358 3542/4293/5359
f 3544/4306/5360 3546/4295/5361 3545/4294/5362
f 3547/4298/5363 3549/4310/5364 3548/4299/5365
f 3550/4311/5366 3552/4305/5367 3551/4304/5368
f 3561/4319/5369 3577/4320/5370 3578/4321/5371 3563/4322/5372
f 3562/4323/5373 3565/4324/5374 3566/4325/5375 3561/4326/5376
f 3563/4327/5377 3567/4328/5378 3568/4329/5379 3562/4323/5380
f 3564/4330/5381 3579/4331/5382 3580/4332/5383 3566/4333/5384
f 3565/4324/5385 3571/4334/5386 3572/4335/5387 3564/4336/5388
f 3567/4337/5389 3573/4338/5390 3574/4339/5391 3569/4340/5392
f 3569/4340/5393 3570/4341/5394 3571/4334/5395 3568/4329/5396
f 3570/4341/5397 3575/4342/5398 3576/4343/5399 3572/4344/5400
f 3562/4323/5401 3568/4329/5402 3571/4334/5403 3565/4324/5404
f 3569/4340/5405 3574/4339/5406 3575/4342/5407 3570/4341/5408
f 3561/4319/5409 3566/4333/5410 3580/4332/5411 3577/4320/5412
f 3564/4336/5413 3572/4335/5414 3576/4345/5415 3579/4346/5416
f 3578/4347/5417 3573/4348/5418 3567/4328/5419 3563/4327/5420
f 3561/4326/5421 3563/4327/5422 3562/4323/5423
f 3564/4336/5424 3566/4325/5425 3565/4324/5426
f 3567/4328/5427 3569/4340/5428 3568/4329/5429
f 3570/4341/5430 3572/4335/5431 3571/4334/5432
f 3581/4349/5433 3597/4350/5434 3598/4351/5435 3583/4352/5436
f 3582/4353/5437 3585/4354/5438 3586/4355/5439 3581/4356/5440
f 3583/4357/5441 3587/4358/5442 3588/4359/5443 3582/4353/5444
f 3584/4360/5445 3599/4361/5446 3600/4362/5447 3586/4363/5448
f 3585/4354/5449 3591/4364/5450 3592/4365/5451 3584/4366/5452
f 3587/4367/5453 3593/4368/5454 3594/4369/5455 3589/4370/5456
f 3589/4370/5457 3590/4371/5458 3591/4364/5459 3588/4359/5460
f 3590/4371/5461 3595/4372/5462 3596/4373/5463 3592/4374/5464
f 3582/4353/5465 3588/4359/5466 3591/4364/5467 3585/4354/5468
f 3589/4370/5469 3594/4369/5470 3595/4372/5471 3590/4371/5472
f 3581/4349/5473 3586/4363/5474 3600/4362/5475 3597/4350/5476
f 3584/4366/5477 3592/4365/5478 3596/4375/5479 3599/4376/5480
f 3598/4377/5481 3593/4378/5482 3587/4358/5483 3583/4357/5484
f 3581/4356/5485 3583/4357/5486 3582/4353/5487
f 3584/4366/5488 3586/4355/5489 3585/4354/5490
f 3587/4358/5491 3589/4370/5492 3588/4359/5493
f 3590/4371/5494 3592/4365/5495 3591/4364/5496
f 3601/4379/5497 3617/4380/5498 3618/4381/5499 3603/4382/5500
f 3602/4383/5501 3605/4384/5502 3606/4385/5503 3601/4386/5504
f 3603/4387/5505 3607/4388/5506 3608/4389/5507 3602/4383/5508
f 3604/4390/5509 3619/4391/5510 3620/4392/5511 3606/4393/5512
f 3605/4384/5513 3611/4394/5514 3612/4395/5515 3604/4396/5516
f 3607/4397/5517 3613/4398/5518 3614/4399/5519 3609/4400/5520
f 3609/4400/5521 3610/4401/5522 3611/4394/5523 3608/4389/5524
f 3610/4401/5525 3615/4402/5526 3616/4403/5527 3612/4404/5528
f 3602/4383/5529 3608/4389/5530 3611/4394/5531 3605/4384/5532
f 3609/4400/5533 3614/4399/5534 3615/4402/5535 3610/4401/5536
f 3601/4379/5537 3606/4393/5538 3620/4392/5539 3617/4380/5540
f 3604/4396/5541 3612/4395/5542 3616/4405/5543 3619/4406/5544
f 3618/4407/5545 3613/4408/5546 3607/4388/5547 3603/4387/5548
f 3601/4386/5549 3603/4387/5550 3602/4383/5551
f 3604/4396/5552 3606/4385/5553 3605/4384/5554
f 3607/4388/5555 3609/4400/5556 3608/4389/5557
f 3610/4401/5558 3612/4395/5559 3611/4394/5560
f 3621/4409/5561 3623/4410/5562 3638/4411/5563 3637/4412/5564
f 3622/4413/5565 3621/4414/5566 3626/4415/5567 3625/4416/5568
f 3623/4417/5569 3622/4413/5570 3628/4418/5571 3627/4419/5572
f 3624/4420/5573 3626/4421/5574 3640/4422/5575 3639/4423/5576
f 3625/4416/5577 3624/4424/5578 3632/4425/5579 3631/4426/5580
f 3627/4427/5581 3629/4428/5582 3634/4429/5583 3633/4430/5584
f 3629/4428/5585 3628/4418/5586 3631/4426/5587 3630/4431/5588
f 3630/4431/5589 3632/4432/5590 3636/4433/5591 3635/4434/5592
f 3622/4413/5593 3625/4416/5594 3631/4426/5595 3628/4418/5596
f 3629/4428/5597 3630/4431/5598 3635/4434/5599 3634/4429/5600
f 3621/4409/5601 3637/4412/5602 3640/4422/5603 3626/4421/5604
f 3624/4424/5605 3639/4435/5606 3636/4436/5607 3632/4425/5608
f 3638/4437/5609 3623/4417/5610 3627/4419/5611 3633/4438/5612
f 3621/4414/5613 3622/4413/5614 3623/4417/5615
f 3624/4424/5616 3625/4416/5617 3626/4415/5618
f 3627/4419/5619 3628/4418/5620 3629/4428/5621
f 3630/4431/5622 3631/4426/5623 3632/4425/5624
f 3641/4439/5625 3643/4440/5626 3658/4441/5627 3657/4442/5628
f 3642/4443/5629 3641/4444/5630 3646/4445/5631 3645/4446/5632
f 3643/4447/5633 3642/4443/5634 3648/4448/5635 3647/4449/5636
f 3644/4450/5637 3646/4451/5638 3660/4452/5639 3659/4453/5640
f 3645/4446/5641 3644/4454/5642 3652/4455/5643 3651/4456/5644
f 3647/4457/5645 3649/4458/5646 3654/4459/5647 3653/4460/5648
f 3649/4458/5649 3648/4448/5650 3651/4456/5651 3650/4461/5652
f 3650/4461/5653 3652/4462/5654 3656/4463/5655 3655/4464/5656
f 3642/4443/5657 3645/4446/5658 3651/4456/5659 3648/4448/5660
f 3649/4458/5661 3650/4461/5662 3655/4464/5663 3654/4459/5664
f 3641/4439/5665 3657/4442/5666 3660/4452/5667 3646/4451/5668
f 3644/4454/5669 3659/4465/5670 3656/4466/5671 3652/4455/5672
f 3658/4467/5673 3643/4447/5674 3647/4449/5675 3653/4468/5676
f 3641/4444/5677 3642/4443/5678 3643/4447/5679
f 3644/4454/5680 3645/4446/5681 3646/4445/5682
f 3647/4449/5683 3648/4448/5684 3649/4458/5685
f 3650/4461/5686 3651/4456/5687 3652/4455/5688
f 3661/4469/5689 3663/4470/5690 3678/4471/5691 3677/4472/5692
f 3662/4473/5693 3661/4474/5694 3666/4475/5695 3665/4476/5696
f 3663/4477/5697 3662/4473/5698 3668/4478/5699 3667/4479/5700
f 3664/4480/5701 3666/4481/5702 3680/4482/5703 3679/4483/5704
f 3665/4476/5705 3664/4484/5706 3672/4485/5707 3671/4486/5708
f 3667/4487/5709 3669/4488/5710 3674/4489/5711 3673/4490/5712
f 3669/4488/5713 3668/4478/5714 3671/4486/5715 3670/4491/5716
f 3670/4491/5717 3672/4492/5718 3676/4493/5719 3675/4494/5720
f 3662/4473/5721 3665/4476/5722 3671/4486/5723 3668/4478/5724
f 3669/4488/5725 3670/4491/5726 3675/4494/5727 3674/4489/5728
f 3661/4469/5729 3677/4472/5730 3680/4482/5731 3666/4481/5732
f 3664/4484/5733 3679/4495/5734 3676/4496/5735 3672/4485/5736
f 3678/4497/5737 3663/4477/5738 3667/4479/5739 3673/4498/5740
f 3661/4474/5741 3662/4473/5742 3663/4477/5743
f 3664/4484/5744 3665/4476/5745 3666/4475/5746
f 3667/4479/5747 3668/4478/5748 3669/4488/5749
f 3670/4491/5750 3671/4486/5751 3672/4485/5752
f 3681/4499/5753 3683/4500/5754 3698/4501/5755 3697/4502/5756
f 3682/4503/5757 3681/4504/5758 3686/4505/5759 3685/4506/5760
f 3683/4507/5761 3682/4503/5762 3688/4508/5763 3687/4509/5764
f 3684/4510/5765 3686/4511/5766 3700/4512/5767 3699/4513/5768
f 3685/4506/5769 3684/4514/5770 3692/4515/5771 3691/4516/5772
f 3687/4517/5773 3689/4518/5774 3694/4519/5775 3693/4520/5776
f 3689/4518/5777 3688/4508/5778 3691/4516/5779 3690/4521/5780
f 3690/4521/5781 3692/4522/5782 3696/4523/5783 3695/4524/5784
f 3682/4503/5785 3685/4506/5786 3691/4516/5787 3688/4508/5788
f 3689/4518/5789 3690/4521/5790 3695/4524/5791 3694/4519/5792
f 3681/4499/5793 3697/4502/5794 3700/4512/5795 3686/4511/5796
f 3684/4514/5797 3699/4525/5798 3696/4526/5799 3692/4515/5800
f 3698/4527/5801 3683/4507/5802 3687/4509/5803 3693/4528/5804
f 3681/4504/5805 3682/4503/5806 3683/4507/5807
f 3684/4514/5808 3685/4506/5809 3686/4505/5810
f 3687/4509/5811 3688/4508/5812 3689/4518/5813
f 3690/4521/5814 3691/4516/5815 3692/4515/5816
f 3701/4529/5817 3703/4530/5818 3718/4531/5819 3717/4532/5820
f 3702/4533/5821 3701/4534/5822 3706/4535/5823 3705/4536/5824
f 3703/4537/5825 3702/4533/5826 3708/4538/5827 3707/4539/5828
f 3704/4540/5829 3706/4541/5830 3720/4542/5831 3719/4543/5832
f 3705/4536/5833 3704/4544/5834 3712/4545/5835 3711/4546/5836
f 3707/4547/5837 3709/4548/5838 3714/4549/5839 3713/4550/5840
f 3709/4548/5841 3708/4538/5842 3711/4546/5843 3710/4551/5844
f 3710/4551/5845 3712/4552/5846 3716/4553/5847 3715/4554/5848
f 3702/4533/5849 3705/4536/5850 3711/4546/5851 3708/4538/5852
f 3709/4548/5853 3710/4551/5854 3715/4554/5855 3714/4549/5856
f 3701/4529/5857 3717/4532/5858 3720/4542/5859 3706/4541/5860
f 3704/4544/5861 3719/4555/5862 3716/4556/5863 3712/4545/5864
f 3718/4557/5865 3703/4537/5866 3707/4539/5867 3713/4558/5868
f 3701/4534/5869 3702/4533/5870 3703/4537/5871
f 3704/4544/5872 3705/4536/5873 3706/4535/5874
f 3707/4539/5875 3708/4538/5876 3709/4548/5877
f 3710/4551/5878 3711/4546/5879 3712/4545/5880
f 3721/4559/5881 3723/4560/5882 3738/4561/5883 3737/4562/5884
f 3722/4563/5885 3721/4564/5886 3726/4565/5887 3725/4566/5888
f 3723/4567/5889 3722/4563/5890 3728/4568/5891 3727/4569/5892
f 3724/4570/5893 3726/4571/5894 3740/4572/5895 3739/4573/5896
f 3725/4566/5897 3724/4574/5898 3732/4575/5899 3731/4576/5900
f 3727/4577/5901 3729/4578/5902 3734/4579/5903 3733/4580/5904
f 3729/4578/5905 3728/4568/5906 3731/4576/5907 3730/4581/5908
f 3730/4581/5909 3732/4582/5910 3736/4583/5911 3735/4584/5912
f 3722/4563/5913 3725/4566/5914 3731/4576/5915 3728/4568/5916
f 3729/4578/5917 3730/4581/5918 3735/4584/5919 3734/4579/5920
f 3721/4559/5921 3737/4562/5922 3740/4572/5923 3726/4571/5924
f 3724/4574/5925 3739/4585/5926 3736/4586/5927 3732/4575/5928
f 3738/4587/5929 3723/4567/5930 3727/4569/5931 3733/4588/5932
f 3721/4564/5933 3722/4563/5934 3723/4567/5935
f 3724/4574/5936 3725/4566/5937 3726/4565/5938
f 3727/4569/5939 3728/4568/5940 3729/4578/5941
f 3730/4581/5942 3731/4576/5943 3732/4575/5944
f 3741/4589/5945 3743/4590/5946 3758/4591/5947 3757/4592/5948
f 3742/4593/5949 3741/4594/5950 3746/4595/5951 3745/4596/5952
f 3743/4597/5953 3742/4593/5954 3748/4598/5955 3747/4599/5956
f 3744/4600/5957 3746/4601/5958 3760/4602/5959 3759/4603/5960
f 3745/4596/5961 3744/4604/5962 3752/4605/5963 3751/4606/5964
f 3747/4607/5965 3749/4608/5966 3754/4609/5967 3753/4610/5968
f 3749/4608/5969 3748/4598/5970 3751/4606/5971 3750/4611/5972
f 3750/4611/5973 3752/4612/5974 3756/4613/5975 3755/4614/5976
f 3742/4593/5977 3745/4596/5978 3751/4606/5979 3748/4598/5980
f 3749/4608/5981 3750/4611/5982 3755/4614/5983 3754/4609/5984
f 3741/4589/5985 3757/4592/5986 3760/4602/5987 3746/4601/5988
f 3744/4604/5989 3759/4615/5990 3756/4616/5991 3752/4605/5992
f 3758/4617/5993 3743/4597/5994 3747/4599/5995 3753/4618/5996
f 3741/4594/5997 3742/4593/5998 3743/4597/5999
f 3744/4604/6000 3745/4596/6001 3746/4595/6002
f 3747/4599/6003 3748/4598/6004 3749/4608/6005
f 3750/4611/6006 3751/4606/6007 3752/4605/6008
f 3761/4619/6009 3763/4620/6010 3778/4621/6011 3777/4622/6012
f 3762/4623/6013 3761/4624/6014 3766/4625/6015 3765/4626/6016
f 3763/4627/6017 3762/4623/6018 3768/4628/6019 3767/4629/6020
f 3764/4630/6021 3766/4631/6022 3780/4632/6023 3779/4633/6024
f 3765/4626/6025 3764/4634/6026 3772/4635/6027 3771/4636/6028
f 3767/4637/6029 3769/4638/6030 3774/4639/6031 3773/4640/6032
f 3769/4638/6033 3768/4628/6034 3771/4636/6035 3770/4641/6036
f 3770/4641/6037 3772/4642/6038 3776/4643/6039 3775/4644/6040
f 3762/4623/6041 3765/4626/6042 3771/4636/6043 3768/4628/6044
f 3769/4638/6045 3770/4641/6046 3775/4644/6047 3774/4639/6048
f 3761/4619/6049 3777/4622/6050 3780/4632/6051 3766/4631/6052
f 3764/4634/6053 3779/4645/6054 3776/4646/6055 3772/4635/6056
f 3778/4647/6057 3763/4627/6058 3767/4629/6059 3773/4648/6060
f 3761/4624/6061 3762/4623/6062 3763/4627/6063
f 3764/4634/6064 3765/4626/6065 3766/4625/6066
f 3767/4629/6067 3768/4628/6068 3769/4638/6069
f 3770/4641/6070 3771/4636/6071 3772/4635/6072
f 3781/4649/6073 3783/4650/6074 3798/4651/6075 3797/4652/6076
f 3782/4653/6077 3781/4654/6078 3786/4655/6079 3785/4656/6080
f 3783/4657/6081 3782/4653/6082 3788/4658/6083 3787/4659/6084
f 3784/4660/6085 3786/4661/6086 3800/4662/6087 3799/4663/6088
f 3785/4656/6089 3784/4664/6090 3792/4665/6091 3791/4666/6092
f 3787/4667/6093 3789/4668/6094 3794/4669/6095 3793/4670/6096
f 3789/4668/6097 3788/4658/6098 3791/4666/6099 3790/4671/6100
f 3790/4671/6101 3792/4672/6102 3796/4673/6103 3795/4674/6104
f 3782/4653/6105 3785/4656/6106 3791/4666/6107 3788/4658/6108
f 3789/4668/6109 3790/4671/6110 3795/4674/6111 3794/4669/6112
f 3781/4649/6113 3797/4652/6114 3800/4662/6115 3786/4661/6116
f 3784/4664/6117 3799/4675/6118 3796/4676/6119 3792/4665/6120
f 3798/4677/6121 3783/4657/6122 3787/4659/6123 3793/4678/6124
f 3781/4654/6125 3782/4653/6126 3783/4657/6127
f 3784/4664/6128 3785/4656/6129 3786/4655/6130
f 3787/4659/6131 3788/4658/6132 3789/4668/6133
f 3790/4671/6134 3791/4666/6135 3792/4665/6136
f 3801/4679/6137 3803/4680/6138 3818/4681/6139 3817/4682/6140
f 3802/4683/6141 3801/4684/6142 3806/4685/6143 3805/4686/6144
f 3803/4687/6145 3802/4683/6146 3808/4688/6147 3807/4689/6148
f 3804/4690/6149 3806/4691/6150 3820/4692/6151 3819/4693/6152
f 3805/4686/6153 3804/4694/6154 3812/4695/6155 3811/4696/6156
f 3807/4697/6157 3809/4698/6158 3814/4699/6159 3813/4700/6160
f 3809/4698/6161 3808/4688/6162 3811/4696/6163 3810/4701/6164
f 3810/4701/6165 3812/4702/6166 3816/4703/6167 3815/4704/6168
f 3802/4683/6169 3805/4686/6170 3811/4696/6171 3808/4688/6172
f 3809/4698/6173 3810/4701/6174 3815/4704/6175 3814/4699/6176
f 3801/4679/6177 3817/4682/6178 3820/4692/6179 3806/4691/6180
f 3804/4694/6181 3819/4705/6182 3816/4706/6183 3812/4695/6184
f 3818/4707/6185 3803/4687/6186 3807/4689/6187 3813/4708/6188
f 3801/4684/6189 3802/4683/6190 3803/4687/6191
f 3804/4694/6192 3805/4686/6193 3806/4685/6194
f 3807/4689/6195 3808/4688/6196 3809/4698/6197
f 3810/4701/6198 3811/4696/6199 3812/4695/6200
f 3821/4709/6201 3823/4710/6202 3838/4711/6203 3837/4712/6204
f 3822/4713/6205 3821/4714/6206 3826/4715/6207 3825/4716/6208
f 3823/4717/6209 3822/4713/6210 3828/4718/6211 3827/4719/6212
f 3824/4720/6213 3826/4721/6214 3840/4722/6215 3839/4723/6216
f 3825/4716/6217 3824/4724/6218 3832/4725/6219 3831/4726/6220
f 3827/4727/6221 3829/4728/6222 3834/4729/6223 3833/4730/6224
f 3829/4728/6225 3828/4718/6226 3831/4726/6227 3830/4731/6228
f 3830/4731/6229 3832/4732/6230 3836/4733/6231 3835/4734/6232
f 3822/4713/6233 3825/4716/6234 3831/4726/6235 3828/4718/6236
f 3829/4728/6237 3830/4731/6238 3835/4734/6239 3834/4729/6240
f 3821/4709/6241 3837/4712/6242 3840/4722/6243 3826/4721/6244
f 3824/4724/6245 3839/4735/6246 3836/4736/6247 3832/4725/6248
f 3838/4737/6249 3823/4717/6250 3827/4719/6251 3833/4738/6252
f 3821/4714/6253 3822/4713/6254 3823/4717/6255
f 3824/4724/6256 3825/4716/6257 3826/4715/6258
f 3827/4719/6259 3828/4718/6260 3829/4728/6261
f 3830/4731/6262 3831/4726/6263 3832/4725/6264
f 3841/4739/6265 3843/4740/6266 3858/4741/6267 3857/4742/6268
f 3842/4743/6269 3841/4744/6270 3846/4745/6271 3845/4746/6272
f 3843/4747/6273 3842/4743/6274 3848/4748/6275 3847/4749/6276
f 3844/4750/6277 3846/4751/6278 3860/4752/6279 3859/4753/6280
f 3845/4746/6281 3844/4754/6282 3852/4755/6283 3851/4756/6284
f 3847/4757/6285 3849/4758/6286 3854/4759/6287 3853/4760/6288
f 3849/4758/6289 3848/4748/6290 3851/4756/6291 3850/4761/6292
f 3850/4761/6293 3852/4762/6294 3856/4763/6295 3855/4764/6296
f 3842/4743/6297 3845/4746/6298 3851/4756/6299 3848/4748/6300
f 3849/4758/6301 3850/4761/6302 3855/4764/6303 3854/4759/6304
f 3841/4739/6305 3857/4742/6306 3860/4752/6307 3846/4751/6308
f 3844/4754/6309 3859/4765/6310 3856/4766/6311 3852/4755/6312
f 3858/4767/6313 3843/4747/6314 3847/4749/6315 3853/4768/6316
f 3841/4744/6317 3842/4743/6318 3843/4747/6319
f 3844/4754/6320 3845/4746/6321 3846/4745/6322
f 3847/4749/6323 3848/4748/6324 3849/4758/6325
f 3850/4761/6326 3851/4756/6327 3852/4755/6328
f 3861/4769/6329 3863/4770/6330 3878/4771/6331 3877/4772/6332
f 3862/4773/6333 3861/4774/6334 3866/4775/6335 3865/4776/6336
f 3863/4777/6337 3862/4773/6338 3868/4778/6339 3867/4779/6340
f 3864/4780/6341 3866/4781/6342 3880/4782/6343 3879/4783/6344
f 3865/4776/6345 3864/4784/6346 3872/4785/6347 3871/4786/6348
f 3867/4787/6349 3869/4788/6350 3874/4789/6351 3873/4790/6352
f 3869/4788/6353 3868/4778/6354 3871/4786/6355 3870/4791/6356
f 3870/4791/6357 3872/4792/6358 3876/4793/6359 3875/4794/6360
f 3862/4773/6361 3865/4776/6362 3871/4786/6363 3868/4778/6364
f 3869/4788/6365 3870/4791/6366 3875/4794/6367 3874/4789/6368
f 3861/4769/6369 3877/4772/6370 3880/4782/6371 3866/4781/6372
f 3864/4784/6373 3879/4795/6374 3876/4796/6375 3872/4785/6376
f 3878/4797/6377 3863/4777/6378 3867/4779/6379 3873/4798/6380
f 3861/4774/6381 3862/4773/6382 3863/4777/6383
f 3864/4784/6384 3865/4776/6385 3866/4775/6386
f 3867/4779/6387 3868/4778/6388 3869/4788/6389
f 3870/4791/6390 3871/4786/6391 3872/4785/6392
s 289
f 3881/4799/6393 3882/4800/6394 3897/4801/6395 3896/4802/6396
f 3882/4800/6394 3883/4803/6397 3898/4804/6398 3897/4801/6395
f 3883/4803/6397 3884/4805/6399 3899/4806/6400 3898/4804/6398
f 3884/4805/6399 3885/4807/6401 3900/4808/6402 3899/4806/6400
f 3885/4807/6401 3886/4809/6403 3901/4810/6404 3900/4808/6402
f 3886/4809/6403 3887/4811/6405 3902/4812/6406 3901/4810/6404
f 3887/4811/6405 3888/4813/6407 3903/4814/6408 3902/4812/6406
f 3888/4813/6407 3889/4815/6409 3904/4816/6410 3903/4814/6408
f 3889/4815/6409 3890/4817/6411 3905/4818/6412 3904/4816/6410
f 3890/4817/6411 3891/4819/6413 3906/4820/6414 3905/4818/6412
f 3891/4819/6413 3892/4821/6415 3907/4822/6416 3906/4820/6414
f 3892/4821/6415 3893/4823/6417 3908/4824/6418 3907/4822/6416
f 3893/4823/6417 3894/4825/6419 3909/4826/6420 3908/4824/6418
f 3894/4825/6419 3895/4827/6421 3910/4828/6422 3909/4826/6420
f 3895/4827/6421 3881/4829/6393 3896/4830/6396 3910/4828/6422
s off
f 3911/4831/6423 3913/4832/6424 3928/4833/6425 3927/4834/6426
f 3912/4835/6427 3911/4836/6428 3916/4837/6429 3915/4838/6430
f 3913/4839/6431 3912/4835/6432 3918/4840/6433 3917/4841/6434
f 3914/4842/6435 3916/4843/6436 3930/4844/6437 3929/4845/6438
f 3915/4838/6439 3914/4846/6440 3922/4847/6441 3921/4848/6442
f 3917/4849/6443 3919/4850/6444 3924/4851/6445 3923/4852/6446
f 3919/4850/6447 3918/4840/6448 3921/4848/6449 3920/4853/6450
f 3920/4853/6451 3922/4854/6452 3926/4855/6453 3925/4856/6454
f 3912/4835/6455 3915/4838/6456 3921/4848/6457 3918/4840/6458
f 3919/4850/6459 3920/4853/6460 3925/4856/6461 3924/4851/6462
f 3911/4831/6463 3927/4834/6464 3930/4844/6465 3916/4843/6466
f 3914/4846/6467 3929/4857/6468 3926/4858/6469 3922/4847/6470
f 3928/4859/6471 3913/4839/6472 3917/4841/6473 3923/4860/6474
f 3911/4836/6475 3912/4835/6476 3913/4839/6477
f 3914/4846/6478 3915/4838/6479 3916/4837/6480
f 3917/4841/6481 3918/4840/6482 3919/4850/6483
f 3920/4853/6484 3921/4848/6485 3922/4847/6486
s 290
f 3931/4861/6487 3932/4862/6488 3947/4863/6489 3946/4864/6490
f 3932/4862/6488 3933/4865/6491 3948/4866/6492 3947/4863/6489
f 3933/4865/6491 3934/4867/6493 3949/4868/6494 3948/4866/6492
f 3934/4867/6493 3935/4869/6495 3950/4870/6496 3949/4868/6494
f 3935/4869/6495 3936/4871/6497 3951/4872/6498 3950/4870/6496
f 3936/4871/6497 3937/4873/6499 3952/4874/6500 3951/4872/6498
f 3937/4873/6499 3938/4875/6501 3953/4876/6502 3952/4874/6500
f 3938/4875/6501 3939/4877/6503 3954/4878/6504 3953/4876/6502
f 3939/4877/6503 3940/4879/6505 3955/4880/6506 3954/4878/6504
f 3940/4879/6505 3941/4881/6507 3956/4882/6508 3955/4880/6506
f 3941/4881/6507 3942/4883/6509 3957/4884/6510 3956/4882/6508
f 3942/4883/6509 3943/4885/6511 3958/4886/6512 3957/4884/6510
f 3943/4885/6511 3944/4887/6513 3959/4888/6514 3958/4886/6512
f 3944/4887/6513 3945/4889/6515 3960/4890/6516 3959/4888/6514
f 3945/4889/6515 3931/4891/6487 3946/4892/6490 3960/4890/6516
s 291
f 3961/4893/6517 3962/4894/6518 3977/4895/6519 3976/4896/6520
f 3962/4894/6518 3963/4897/6521 3978/4898/6522 3977/4895/6519
f 3963/4897/6521 3964/4899/6523 3979/4900/6524 3978/4898/6522
f 3964/4899/6523 3965/4901/6525 3980/4902/6526 3979/4900/6524
f 3965/4901/6525 3966/4903/6527 3981/4904/6528 3980/4902/6526
f 3966/4903/6527 3967/4905/6529 3982/4906/6530 3981/4904/6528
f 3967/4905/6529 3968/4907/6531 3983/4908/6532 3982/4906/6530
f 3968/4907/6531 3969/4909/6533 3984/4910/6534 3983/4908/6532
f 3969/4909/6533 3970/4911/6535 3985/4912/6536 3984/4910/6534
f 3970/4911/6535 3971/4913/6537 3986/4914/6538 3985/4912/6536
f 3971/4913/6537 3972/4915/6539 3987/4916/6540 3986/4914/6538
f 3972/4915/6539 3973/4917/6541 3988/4918/6542 3987/4916/6540
f 3973/4917/6541 3974/4919/6543 3989/4920/6544 3988/4918/6542
f 3974/4919/6543 3975/4921/6545 3990/4922/6546 3989/4920/6544
f 3975/4921/6545 3961/4923/6517 3976/4924/6520 3990/4922/6546
s 292
f 3991/4925/6547 3992/4926/6548 4007/4927/6549 4006/4928/6550
f 3992/4926/6548 3993/4929/6551 4008/4930/6552 4007/4927/6549
f 3993/4929/6551 3994/4931/6553 4009/4932/6554 4008/4930/6552
f 3994/4931/6553 3995/4933/6555 4010/4934/6556 4009/4932/6554
f 3995/4933/6555 3996/4935/6557 4011/4936/6558 4010/4934/6556
f 3996/4935/6557 3997/4937/6559 4012/4938/6560 4011/4936/6558
f 3997/4937/6559 3998/4939/6561 4013/4940/6562 4012/4938/6560
f 3998/4939/6561 3999/4941/6563 4014/4942/6564 4013/4940/6562
f 3999/4941/6563 4000/4943/6565 4015/4944/6566 4014/4942/6564
f 4000/4943/6565 4001/4945/6567 4016/4946/6568 4015/4944/6566
f 4001/4945/6567 4002/4947/6569 4017/4948/6570 4016/4946/6568
f 4002/4947/6569 4003/4949/6571 4018/4950/6572 4017/4948/6570
f 4003/4949/6571 4004/4951/6573 4019/4952/6574 4018/4950/6572
f 4004/4951/6573 4005/4953/6575 4020/4954/6576 4019/4952/6574
f 4005/4953/6575 3991/4955/6547 4006/4956/6550 4020/4954/6576
s 293
f 4021/4957/6577 4022/4958/6578 4037/4959/6579 4036/4960/6580
f 4022/4958/6578 4023/4961/6581 4038/4962/6582 4037/4959/6579
f 4023/4961/6581 4024/4963/6583 4039/4964/6584 4038/4962/6582
f 4024/4963/6583 4025/4965/6585 4040/4966/6586 4039/4964/6584
f 4025/4965/6585 4026/4967/6587 4041/4968/6588 4040/4966/6586
f 4026/4967/6587 4027/4969/6589 4042/4970/6590 4041/4968/6588
f 4027/4969/6589 4028/4971/6591 4043/4972/6592 4042/4970/6590
f 4028/4971/6591 4029/4973/6593 4044/4974/6594 4043/4972/6592
f 4029/4973/6593 4030/4975/6595 4045/4976/6596 4044/4974/6594
f 4030/4975/6595 4031/4977/6597 4046/4978/6598 4045/4976/6596
f 4031/4977/6597 4032/4979/6599 4047/4980/6600 4046/4978/6598
f 4032/4979/6599 4033/4981/6601 4048/4982/6602 4047/4980/6600
f 4033/4981/6601 4034/4983/6603 4049/4984/6604 4048/4982/6602
f 4034/4983/6603 4035/4985/6605 4050/4986/6606 4049/4984/6604
f 4035/4985/6605 4021/4987/6577 4036/4988/6580 4050/4986/6606
s 294
f 4051/4989/6607 4052/4990/6608 4067/4991/6609 4066/4992/6610
f 4052/4990/6608 4053/4993/6611 4068/4994/6612 4067/4991/6609
f 4053/4993/6611 4054/4995/6613 4069/4996/6614 4068/4994/6612
f 4054/4995/6613 4055/4997/6615 4070/4998/6616 4069/4996/6614
f 4055/4997/6615 4056/4999/6617 4071/5000/6618 4070/4998/6616
f 4056/4999/6617 4057/5001/6619 4072/5002/6620 4071/5000/6618
f 4057/5001/6619 4058/5003/6621 4073/5004/6622 4072/5002/6620
f 4058/5003/6621 4059/5005/6623 4074/5006/6624 4073/5004/6622
f 4059/5005/6623 4060/5007/6625 4075/5008/6626 4074/5006/6624
f 4060/5007/6625 4061/5009/6627 4076/5010/6628 4075/5008/6626
f 4061/5009/6627 4062/5011/6629 4077/5012/6630 4076/5010/6628
f 4062/5011/6629 4063/5013/6631 4078/5014/6632 4077/5012/6630
f 4063/5013/6631 4064/5015/6633 4079/5016/6634 4078/5014/6632
f 4064/5015/6633 4065/5017/6635 4080/5018/6636 4079/5016/6634
f 4065/5017/6635 4051/5019/6607 4066/5020/6610 4080/5018/6636
s 295
f 4081/5021/6637 4082/5022/6638 4097/5023/6639 4096/5024/6640
f 4082/5022/6638 4083/5025/6641 4098/5026/6642 4097/5023/6639
f 4083/5025/6641 4084/5027/6643 4099/5028/6644 4098/5026/6642
f 4084/5027/6643 4085/5029/6645 4100/5030/6646 4099/5028/6644
f 4085/5029/6645 4086/5031/6647 4101/5032/6648 4100/5030/6646
f 4086/5031/6647 4087/5033/6649 4102/5034/6650 4101/5032/6648
f 4087/5033/6649 4088/5035/6651 4103/5036/6652 4102/5034/6650
f 4088/5035/6651 4089/5037/6653 4104/5038/6654 4103/5036/6652
f 4089/5037/6653 4090/5039/6655 4105/5040/6656 4104/5038/6654
f 4090/5039/6655 4091/5041/6657 4106/5042/6658 4105/5040/6656
f 4091/5041/6657 4092/5043/6659 4107/5044/6660 4106/5042/6658
f 4092/5043/6659 4093/5045/6661 4108/5046/6662 4107/5044/6660
f 4093/5045/6661 4094/5047/6663 4109/5048/6664 4108/5046/6662
f 4094/5047/6663 4095/5049/6665 4110/5050/6666 4109/5048/6664
f 4095/5049/6665 4081/5051/6637 4096/5052/6640 4110/5050/6666
s 296
f 4111/5053/6667 4112/5054/6668 4127/5055/6669 4126/5056/6670
f 4112/5054/6668 4113/5057/6671 4128/5058/6672 4127/5055/6669
f 4113/5057/6671 4114/5059/6673 4129/5060/6674 4128/5058/6672
f 4114/5059/6673 4115/5061/6675 4130/5062/6676 4129/5060/6674
f 4115/5061/6675 4116/5063/6677 4131/5064/6678 4130/5062/6676
f 4116/5063/6677 4117/5065/6679 4132/5066/6680 4131/5064/6678
f 4117/5065/6679 4118/5067/6681 4133/5068/6682 4132/5066/6680
f 4118/5067/6681 4119/5069/6683 4134/5070/6684 4133/5068/6682
f 4119/5069/6683 4120/5071/6685 4135/5072/6686 4134/5070/6684
f 4120/5071/6685 4121/5073/6687 4136/5074/6688 4135/5072/6686
f 4121/5073/6687 4122/5075/6689 4137/5076/6690 4136/5074/6688
f 4122/5075/6689 4123/5077/6691 4138/5078/6692 4137/5076/6690
f 4123/5077/6691 4124/5079/6693 4139/5080/6694 4138/5078/6692
f 4124/5079/6693 4125/5081/6695 4140/5082/6696 4139/5080/6694
f 4125/5081/6695 4111/5083/6667 4126/5084/6670 4140/5082/6696
s 297
f 4141/5085/6697 4142/5086/6698 4157/5087/6699 4156/5088/6700
f 4142/5086/6698 4143/5089/6701 4158/5090/6702 4157/5087/6699
f 4143/5089/6701 4144/5091/6703 4159/5092/6704 4158/5090/6702
f 4144/5091/6703 4145/5093/6705 4160/5094/6706 4159/5092/6704
f 4145/5093/6705 4146/5095/6707 4161/5096/6708 4160/5094/6706
f 4146/5095/6707 4147/5097/6709 4162/5098/6710 4161/5096/6708
f 4147/5097/6709 4148/5099/6711 4163/5100/6712 4162/5098/6710
f 4148/5099/6711 4149/5101/6713 4164/5102/6714 4163/5100/6712
f 4149/5101/6713 4150/5103/6715 4165/5104/6716 4164/5102/6714
f 4150/5103/6715 4151/5105/6717 4166/5106/6718 4165/5104/6716
f 4151/5105/6717 4152/5107/6719 4167/5108/6720 4166/5106/6718
f 4152/5107/6719 4153/5109/6721 4168/5110/6722 4167/5108/6720
f 4153/5109/6721 4154/5111/6723 4169/5112/6724 4168/5110/6722
f 4154/5111/6723 4155/5113/6725 4170/5114/6726 4169/5112/6724
f 4155/5113/6725 4141/5115/6697 4156/5116/6700 4170/5114/6726
s 298
f 4171/5117/6727 4172/5118/6728 4187/5119/6729 4186/5120/6730
f 4172/5118/6728 4173/5121/6731 4188/5122/6732 4187/5119/6729
f 4173/5121/6731 4174/5123/6733 4189/5124/6734 4188/5122/6732
f 4174/5123/6733 4175/5125/6735 4190/5126/6736 4189/5124/6734
f 4175/5125/6735 4176/5127/6737 4191/5128/6738 4190/5126/6736
f 4176/5127/6737 4177/5129/6739 4192/5130/6740 4191/5128/6738
f 4177/5129/6739 4178/5131/6741 4193/5132/6742 4192/5130/6740
f 4178/5131/6741 4179/5133/6743 4194/5134/6744 4193/5132/6742
f 4179/5133/6743 4180/5135/6745 4195/5136/6746 4194/5134/6744
f 4180/5135/6745 4181/5137/6747 4196/5138/6748 4195/5136/6746
f 4181/5137/6747 4182/5139/6749 4197/5140/6750 4196/5138/6748
f 4182/5139/6749 4183/5141/6751 4198/5142/6752 4197/5140/6750
f 4183/5141/6751 4184/5143/6753 4199/5144/6754 4198/5142/6752
f 4184/5143/6753 4185/5145/6755 4200/5146/6756 4199/5144/6754
f 4185/5145/6755 4171/5147/6727 4186/5148/6730 4200/5146/6756
s 299
f 4201/5149/6757 4202/5150/6758 4217/5151/6759 4216/5152/6760
f 4202/5150/6758 4203/5153/6761 4218/5154/6762 4217/5151/6759
f 4203/5153/6761 4204/5155/6763 4219/5156/6764 4218/5154/6762
f 4204/5155/6763 4205/5157/6765 4220/5158/6766 4219/5156/6764
f 4205/5157/6765 4206/5159/6767 4221/5160/6768 4220/5158/6766
f 4206/5159/6767 4207/5161/6769 4222/5162/6770 4221/5160/6768
f 4207/5161/6769 4208/5163/6771 4223/5164/6772 4222/5162/6770
f 4208/5163/6771 4209/5165/6773 4224/5166/6774 4223/5164/6772
f 4209/5165/6773 4210/5167/6775 4225/5168/6776 4224/5166/6774
f 4210/5167/6775 4211/5169/6777 4226/5170/6778 4225/5168/6776
f 4211/5169/6777 4212/5171/6779 4227/5172/6780 4226/5170/6778
f 4212/5171/6779 4213/5173/6781 4228/5174/6782 4227/5172/6780
f 4213/5173/6781 4214/5175/6783 4229/5176/6784 4228/5174/6782
f 4214/5175/6783 4215/5177/6785 4230/5178/6786 4229/5176/6784
f 4215/5177/6785 4201/5179/6757 4216/5180/6760 4230/5178/6786
s 300
f 4231/5181/6787 4232/5182/6788 4247/5183/6789 4246/5184/6790
f 4232/5182/6788 4233/5185/6791 4248/5186/6792 4247/5183/6789
f 4233/5185/6791 4234/5187/6793 4249/5188/6794 4248/5186/6792
f 4234/5187/6793 4235/5189/6795 4250/5190/6796 4249/5188/6794
f 4235/5189/6795 4236/5191/6797 4251/5192/6798 4250/5190/6796
f 4236/5191/6797 4237/5193/6799 4252/5194/6800 4251/5192/6798
f 4237/5193/6799 4238/5195/6801 4253/5196/6802 4252/5194/6800
f 4238/5195/6801 4239/5197/6803 4254/5198/6804 4253/5196/6802
f 4239/5197/6803 4240/5199/6805 4255/5200/6806 4254/5198/6804
f 4240/5199/6805 4241/5201/6807 4256/5202/6808 4255/5200/6806
f 4241/5201/6807 4242/5203/6809 4257/5204/6810 4256/5202/6808
f 4242/5203/6809 4243/5205/6811 4258/5206/6812 4257/5204/6810
f 4243/5205/6811 4244/5207/6813 4259/5208/6814 4258/5206/6812
f 4244/5207/6813 4245/5209/6815 4260/5210/6816 4259/5208/6814
f 4245/5209/6815 4231/5211/6787 4246/5212/6790 4260/5210/6816
s 301
f 4261/5213/6817 4262/5214/6818 4277/5215/6819 4276/5216/6820
f 4262/5214/6818 4263/5217/6821 4278/5218/6822 4277/5215/6819
f 4263/5217/6821 4264/5219/6823 4279/5220/6824 4278/5218/6822
f 4264/5219/6823 4265/5221/6825 4280/5222/6826 4279/5220/6824
f 4265/5221/6825 4266/5223/6827 4281/5224/6828 4280/5222/6826
f 4266/5223/6827 4267/5225/6829 4282/5226/6830 4281/5224/6828
f 4267/5225/6829 4268/5227/6831 4283/5228/6832 4282/5226/6830
f 4268/5227/6831 4269/5229/6833 4284/5230/6834 4283/5228/6832
f 4269/5229/6833 4270/5231/6835 4285/5232/6836 4284/5230/6834
f 4270/5231/6835 4271/5233/6837 4286/5234/6838 4285/5232/6836
f 4271/5233/6837 4272/5235/6839 4287/5236/6840 4286/5234/6838
f 4272/5235/6839 4273/5237/6841 4288/5238/6842 4287/5236/6840
f 4273/5237/6841 4274/5239/6843 4289/5240/6844 4288/5238/6842
f 4274/5239/6843 4275/5241/6845 4290/5242/6846 4289/5240/6844
f 4275/5241/6845 4261/5243/6817 4276/5244/6820 4290/5242/6846
s 302
f 4291/5245/6847 4292/5246/6848 4307/5247/6849 4306/5248/6850
f 4292/5246/6848 4293/5249/6851 4308/5250/6852 4307/5247/6849
f 4293/5249/6851 4294/5251/6853 4309/5252/6854 4308/5250/6852
f 4294/5251/6853 4295/5253/6855 4310/5254/6856 4309/5252/6854
f 4295/5253/6855 4296/5255/6857 4311/5256/6858 4310/5254/6856
f 4296/5255/6857 4297/5257/6859 4312/5258/6860 4311/5256/6858
f 4297/5257/6859 4298/5259/6861 4313/5260/6862 4312/5258/6860
f 4298/5259/6861 4299/5261/6863 4314/5262/6864 4313/5260/6862
f 4299/5261/6863 4300/5263/6865 4315/5264/6866 4314/5262/6864
f 4300/5263/6865 4301/5265/6867 4316/5266/6868 4315/5264/6866
f 4301/5265/6867 4302/5267/6869 4317/5268/6870 4316/5266/6868
f 4302/5267/6869 4303/5269/6871 4318/5270/6872 4317/5268/6870
f 4303/5269/6871 4304/5271/6873 4319/5272/6874 4318/5270/6872
f 4304/5271/6873 4305/5273/6875 4320/5274/6876 4319/5272/6874
f 4305/5273/6875 4291/5275/6847 4306/5276/6850 4320/5274/6876
s 303
f 4321/5277/6877 4322/5278/6878 4337/5279/6879 4336/5280/6880
f 4322/5278/6878 4323/5281/6881 4338/5282/6882 4337/5279/6879
f 4323/5281/6881 4324/5283/6883 4339/5284/6884 4338/5282/6882
f 4324/5283/6883 4325/5285/6885 4340/5286/6886 4339/5284/6884
f 4325/5285/6885 4326/5287/6887 4341/5288/6888 4340/5286/6886
f 4326/5287/6887 4327/5289/6889 4342/5290/6890 4341/5288/6888
f 4327/5289/6889 4328/5291/6891 4343/5292/6892 4342/5290/6890
f 4328/5291/6891 4329/5293/6893 4344/5294/6894 4343/5292/6892
f 4329/5293/6893 4330/5295/6895 4345/5296/6896 4344/5294/6894
f 4330/5295/6895 4331/5297/6897 4346/5298/6898 4345/5296/6896
f 4331/5297/6897 4332/5299/6899 4347/5300/6900 4346/5298/6898
f 4332/5299/6899 4333/5301/6901 4348/5302/6902 4347/5300/6900
f 4333/5301/6901 4334/5303/6903 4349/5304/6904 4348/5302/6902
f 4334/5303/6903 4335/5305/6905 4350/5306/6906 4349/5304/6904
f 4335/5305/6905 4321/5307/6877 4336/5308/6880 4350/5306/6906
s 304
f 4351/5309/6907 4352/5310/6908 4367/5311/6909 4366/5312/6910
f 4352/5310/6908 4353/5313/6911 4368/5314/6912 4367/5311/6909
f 4353/5313/6911 4354/5315/6913 4369/5316/6914 4368/5314/6912
f 4354/5315/6913 4355/5317/6915 4370/5318/6916 4369/5316/6914
f 4355/5317/6915 4356/5319/6917 4371/5320/6918 4370/5318/6916
f 4356/5319/6917 4357/5321/6919 4372/5322/6920 4371/5320/6918
f 4357/5321/6919 4358/5323/6921 4373/5324/6922 4372/5322/6920
f 4358/5323/6921 4359/5325/6923 4374/5326/6924 4373/5324/6922
f 4359/5325/6923 4360/5327/6925 4375/5328/6926 4374/5326/6924
f 4360/5327/6925 4361/5329/6927 4376/5330/6928 4375/5328/6926
f 4361/5329/6927 4362/5331/6929 4377/5332/6930 4376/5330/6928
f 4362/5331/6929 4363/5333/6931 4378/5334/6932 4377/5332/6930
f 4363/5333/6931 4364/5335/6933 4379/5336/6934 4378/5334/6932
f 4364/5335/6933 4365/5337/6935 4380/5338/6936 4379/5336/6934
f 4365/5337/6935 4351/5339/6907 4366/5340/6910 4380/5338/6936
s 305
f 4381/5341/6937 4382/5342/6938 4397/5343/6939 4396/5344/6940
f 4382/5342/6938 4383/5345/6941 4398/5346/6942 4397/5343/6939
f 4383/5345/6941 4384/5347/6943 4399/5348/6944 4398/5346/6942
f 4384/5347/6943 4385/5349/6945 4400/5350/6946 4399/5348/6944
f 4385/5349/6945 4386/5351/6947 4401/5352/6948 4400/5350/6946
f 4386/5351/6947 4387/5353/6949 4402/5354/6950 4401/5352/6948
f 4387/5353/6949 4388/5355/6951 4403/5356/6952 4402/5354/6950
f 4388/5355/6951 4389/5357/6953 4404/5358/6954 4403/5356/6952
f 4389/5357/6953 4390/5359/6955 4405/5360/6956 4404/5358/6954
f 4390/5359/6955 4391/5361/6957 4406/5362/6958 4405/5360/6956
f 4391/5361/6957 4392/5363/6959 4407/5364/6960 4406/5362/6958
f 4392/5363/6959 4393/5365/6961 4408/5366/6962 4407/5364/6960
f 4393/5365/6961 4394/5367/6963 4409/5368/6964 4408/5366/6962
f 4394/5367/6963 4395/5369/6965 4410/5370/6966 4409/5368/6964
f 4395/5369/6965 4381/5371/6937 4396/5372/6940 4410/5370/6966
s off
f 4411/5373/6967 4427/5374/6968 4428/5375/6969 4413/5376/6970
f 4412/5377/6971 4415/5378/6972 4416/5379/6973 4411/5380/6974
f 4413/5381/6975 4417/5382/6976 4418/5383/6977 4412/5377/6978
f 4414/5384/6979 4429/5385/6980 4430/5386/6981 4416/5387/6982
f 4415/5378/6983 4421/5388/6984 4422/5389/6985 4414/5390/6986
f 4417/5391/6987 4423/5392/6988 4424/5393/6989 4419/5394/6990
f 4419/5394/6991 4420/5395/6992 4421/5388/6993 4418/5383/6994
f 4420/5395/6995 4425/5396/6996 4426/5397/6997 4422/5398/6998
f 4412/5377/6999 4418/5383/7000 4421/5388/7001 4415/5378/7002
f 4419/5394/7003 4424/5393/7004 4425/5396/7005 4420/5395/7006
f 4411/5373/7007 4416/5387/7008 4430/5386/7009 4427/5374/7010
f 4414/5390/7011 4422/5389/7012 4426/5399/7013 4429/5400/7014
f 4428/5401/7015 4423/5402/7016 4417/5382/7017 4413/5381/7018
f 4411/5380/7019 4413/5381/7020 4412/5377/7021
f 4414/5390/7022 4416/5379/7023 4415/5378/7024
f 4417/5382/7025 4419/5394/7026 4418/5383/7027
f 4420/5395/7028 4422/5389/7029 4421/5388/7030
f 4431/5403/7031 4447/5404/7032 4448/5405/7033 4433/5406/7034
f 4432/5407/7035 4435/5408/7036 4436/5409/7037 4431/5410/7038
f 4433/5411/7039 4437/5412/7040 4438/5413/7041 4432/5407/7042
f 4434/5414/7043 4449/5415/7044 4450/5416/7045 4436/5417/7046
f 4435/5408/7047 4441/5418/7048 4442/5419/7049 4434/5420/7050
f 4437/5421/7051 4443/5422/7052 4444/5423/7053 4439/5424/7054
f 4439/5424/7055 4440/5425/7056 4441/5418/7057 4438/5413/7058
f 4440/5425/7059 4445/5426/7060 4446/5427/7061 4442/5428/7062
f 4432/5407/7063 4438/5413/7064 4441/5418/7065 4435/5408/7066
f 4439/5424/7067 4444/5423/7068 4445/5426/7069 4440/5425/7070
f 4431/5403/7071 4436/5417/7072 4450/5416/7073 4447/5404/7074
f 4434/5420/7075 4442/5419/7076 4446/5429/7077 4449/5430/7078
f 4448/5431/7079 4443/5432/7080 4437/5412/7081 4433/5411/7082
f 4431/5410/7083 4433/5411/7084 4432/5407/7085
f 4434/5420/7086 4436/5409/7087 4435/5408/7088
f 4437/5412/7089 4439/5424/7090 4438/5413/7091
f 4440/5425/7092 4442/5419/7093 4441/5418/7094
f 4451/5433/7095 4467/5434/7096 4468/5435/7097 4453/5436/7098
f 4452/5437/7099 4455/5438/7100 4456/5439/7101 4451/5440/7102
f 4453/5441/7103 4457/5442/7104 4458/5443/7105 4452/5437/7106
f 4454/5444/7107 4469/5445/7108 4470/5446/7109 4456/5447/7110
f 4455/5438/7111 4461/5448/7112 4462/5449/7113 4454/5450/7114
f 4457/5451/7115 4463/5452/7116 4464/5453/7117 4459/5454/7118
f 4459/5454/7119 4460/5455/7120 4461/5448/7121 4458/5443/7122
f 4460/5455/7123 4465/5456/7124 4466/5457/7125 4462/5458/7126
f 4452/5437/7127 4458/5443/7128 4461/5448/7129 4455/5438/7130
f 4459/5454/7131 4464/5453/7132 4465/5456/7133 4460/5455/7134
f 4451/5433/7135 4456/5447/7136 4470/5446/7137 4467/5434/7138
f 4454/5450/7139 4462/5449/7140 4466/5459/7141 4469/5460/7142
f 4468/5461/7143 4463/5462/7144 4457/5442/7145 4453/5441/7146
f 4451/5440/7147 4453/5441/7148 4452/5437/7149
f 4454/5450/7150 4456/5439/7151 4455/5438/7152
f 4457/5442/7153 4459/5454/7154 4458/5443/7155
f 4460/5455/7156 4462/5449/7157 4461/5448/7158
f 4471/5463/7159 4487/5464/7160 4488/5465/7161 4473/5466/7162
f 4472/5467/7163 4475/5468/7164 4476/5469/7165 4471/5470/7166
f 4473/5471/7167 4477/5472/7168 4478/5473/7169 4472/5467/7170
f 4474/5474/7171 4489/5475/7172 4490/5476/7173 4476/5477/7174
f 4475/5468/7175 4481/5478/7176 4482/5479/7177 4474/5480/7178
f 4477/5481/7179 4483/5482/7180 4484/5483/7181 4479/5484/7182
f 4479/5484/7183 4480/5485/7184 4481/5478/7185 4478/5473/7186
f 4480/5485/7187 4485/5486/7188 4486/5487/7189 4482/5488/7190
f 4472/5467/7191 4478/5473/7192 4481/5478/7193 4475/5468/7194
f 4479/5484/7195 4484/5483/7196 4485/5486/7197 4480/5485/7198
f 4471/5463/7199 4476/5477/7200 4490/5476/7201 4487/5464/7202
f 4474/5480/7203 4482/5479/7204 4486/5489/7205 4489/5490/7206
f 4488/5491/7207 4483/5492/7208 4477/5472/7209 4473/5471/7210
f 4471/5470/7211 4473/5471/7212 4472/5467/7213
f 4474/5480/7214 4476/5469/7215 4475/5468/7216
f 4477/5472/7217 4479/5484/7218 4478/5473/7219
f 4480/5485/7220 4482/5479/7221 4481/5478/7222
f 4491/5493/7223 4507/5494/7224 4508/5495/7225 4493/5496/7226
f 4492/5497/7227 4495/5498/7228 4496/5499/7229 4491/5500/7230
f 4493/5501/7231 4497/5502/7232 4498/5503/7233 4492/5497/7234
f 4494/5504/7235 4509/5505/7236 4510/5506/7237 4496/5507/7238
f 4495/5498/7239 4501/5508/7240 4502/5509/7241 4494/5510/7242
f 4497/5511/7243 4503/5512/7244 4504/5513/7245 4499/5514/7246
f 4499/5514/7247 4500/5515/7248 4501/5508/7249 4498/5503/7250
f 4500/5515/7251 4505/5516/7252 4506/5517/7253 4502/5518/7254
f 4492/5497/7255 4498/5503/7256 4501/5508/7257 4495/5498/7258
f 4499/5514/7259 4504/5513/7260 4505/5516/7261 4500/5515/7262
f 4491/5493/7263 4496/5507/7264 4510/5506/7265 4507/5494/7266
f 4494/5510/7267 4502/5509/7268 4506/5519/7269 4509/5520/7270
f 4508/5521/7271 4503/5522/7272 4497/5502/7273 4493/5501/7274
f 4491/5500/7275 4493/5501/7276 4492/5497/7277
f 4494/5510/7278 4496/5499/7279 4495/5498/7280
f 4497/5502/7281 4499/5514/7282 4498/5503/7283
f 4500/5515/7284 4502/5509/7285 4501/5508/7286
f 4511/5523/7287 4527/5524/7288 4528/5525/7289 4513/5526/7290
f 4512/5527/7291 4515/5528/7292 4516/5529/7293 4511/5530/7294
f 4513/5531/7295 4517/5532/7296 4518/5533/7297 4512/5527/7298
f 4514/5534/7299 4529/5535/7300 4530/5536/7301 4516/5537/7302
f 4515/5528/7303 4521/5538/7304 4522/5539/7305 4514/5540/7306
f 4517/5541/7307 4523/5542/7308 4524/5543/7309 4519/5544/7310
f 4519/5544/7311 4520/5545/7312 4521/5538/7313 4518/5533/7314
f 4520/5545/7315 4525/5546/7316 4526/5547/7317 4522/5548/7318
f 4512/5527/7319 4518/5533/7320 4521/5538/7321 4515/5528/7322
f 4519/5544/7323 4524/5543/7324 4525/5546/7325 4520/5545/7326
f 4511/5523/7327 4516/5537/7328 4530/5536/7329 4527/5524/7330
f 4514/5540/7331 4522/5539/7332 4526/5549/7333 4529/5550/7334
f 4528/5551/7335 4523/5552/7336 4517/5532/7337 4513/5531/7338
f 4511/5530/7339 4513/5531/7340 4512/5527/7341
f 4514/5540/7342 4516/5529/7343 4515/5528/7344
f 4517/5532/7345 4519/5544/7346 4518/5533/7347
f 4520/5545/7348 4522/5539/7349 4521/5538/7350
f 4531/5553/7351 4547/5554/7352 4548/5555/7353 4533/5556/7354
f 4532/5557/7355 4535/5558/7356 4536/5559/7357 4531/5560/7358
f 4533/5561/7359 4537/5562/7360 4538/5563/7361 4532/5557/7362
f 4534/5564/7363 4549/5565/7364 4550/5566/7365 4536/5567/7366
f 4535/5558/7367 4541/5568/7368 4542/5569/7369 4534/5570/7370
f 4537/5571/7371 4543/5572/7372 4544/5573/7373 4539/5574/7374
f 4539/5574/7375 4540/5575/7376 4541/5568/7377 4538/5563/7378
f 4540/5575/7379 4545/5576/7380 4546/5577/7381 4542/5578/7382
f 4532/5557/7383 4538/5563/7384 4541/5568/7385 4535/5558/7386
f 4539/5574/7387 4544/5573/7388 4545/5576/7389 4540/5575/7390
f 4531/5553/7391 4536/5567/7392 4550/5566/7393 4547/5554/7394
f 4534/5570/7395 4542/5569/7396 4546/5579/7397 4549/5580/7398
f 4548/5581/7399 4543/5582/7400 4537/5562/7401 4533/5561/7402
f 4531/5560/7403 4533/5561/7404 4532/5557/7405
f 4534/5570/7406 4536/5559/7407 4535/5558/7408
f 4537/5562/7409 4539/5574/7410 4538/5563/7411
f 4540/5575/7412 4542/5569/7413 4541/5568/7414
f 4551/5583/7415 4567/5584/7416 4568/5585/7417 4553/5586/7418
f 4552/5587/7419 4555/5588/7420 4556/5589/7421 4551/5590/7422
f 4553/5591/7423 4557/5592/7424 4558/5593/7425 4552/5587/7426
f 4554/5594/7427 4569/5595/7428 4570/5596/7429 4556/5597/7430
f 4555/5588/7431 4561/5598/7432 4562/5599/7433 4554/5600/7434
f 4557/5601/7435 4563/5602/7436 4564/5603/7437 4559/5604/7438
f 4559/5604/7439 4560/5605/7440 4561/5598/7441 4558/5593/7442
f 4560/5605/7443 4565/5606/7444 4566/5607/7445 4562/5608/7446
f 4552/5587/7447 4558/5593/7448 4561/5598/7449 4555/5588/7450
f 4559/5604/7451 4564/5603/7452 4565/5606/7453 4560/5605/7454
f 4551/5583/7455 4556/5597/7456 4570/5596/7457 4567/5584/7458
f 4554/5600/7459 4562/5599/7460 4566/5609/7461 4569/5610/7462
f 4568/5611/7463 4563/5612/7464 4557/5592/7465 4553/5591/7466
f 4551/5590/7467 4553/5591/7468 4552/5587/7469
f 4554/5600/7470 4556/5589/7471 4555/5588/7472
f 4557/5592/7473 4559/5604/7474 4558/5593/7475
f 4560/5605/7476 4562/5599/7477 4561/5598/7478
f 4571/5613/7479 4587/5614/7480 4588/5615/7481 4573/5616/7482
f 4572/5617/7483 4575/5618/7484 4576/5619/7485 4571/5620/7486
f 4573/5621/7487 4577/5622/7488 4578/5623/7489 4572/5617/7490
f 4574/5624/7491 4589/5625/7492 4590/5626/7493 4576/5627/7494
f 4575/5618/7495 4581/5628/7496 4582/5629/7497 4574/5630/7498
f 4577/5631/7499 4583/5632/7500 4584/5633/7501 4579/5634/7502
f 4579/5634/7503 4580/5635/7504 4581/5628/7505 4578/5623/7506
f 4580/5635/7507 4585/5636/7508 4586/5637/7509 4582/5638/7510
f 4572/5617/7511 4578/5623/7512 4581/5628/7513 4575/5618/7514
f 4579/5634/7515 4584/5633/7516 4585/5636/7517 4580/5635/7518
f 4571/5613/7519 4576/5627/7520 4590/5626/7521 4587/5614/7522
f 4574/5630/7523 4582/5629/7524 4586/5639/7525 4589/5640/7526
f 4588/5641/7527 4583/5642/7528 4577/5622/7529 4573/5621/7530
f 4571/5620/7531 4573/5621/7532 4572/5617/7533
f 4574/5630/7534 4576/5619/7535 4575/5618/7536
f 4577/5622/7537 4579/5634/7538 4578/5623/7539
f 4580/5635/7540 4582/5629/7541 4581/5628/7542
f 4591/5643/7543 4607/5644/7544 4608/5645/7545 4593/5646/7546
f 4592/5647/7547 4595/5648/7548 4596/5649/7549 4591/5650/7550
f 4593/5651/7551 4597/5652/7552 4598/5653/7553 4592/5647/7554
f 4594/5654/7555 4609/5655/7556 4610/5656/7557 4596/5657/7558
f 4595/5648/7559 4601/5658/7560 4602/5659/7561 4594/5660/7562
f 4597/5661/7563 4603/5662/7564 4604/5663/7565 4599/5664/7566
f 4599/5664/7567 4600/5665/7568 4601/5658/7569 4598/5653/7570
f 4600/5665/7571 4605/5666/7572 4606/5667/7573 4602/5668/7574
f 4592/5647/7575 4598/5653/7576 4601/5658/7577 4595/5648/7578
f 4599/5664/7579 4604/5663/7580 4605/5666/7581 4600/5665/7582
f 4591/5643/7583 4596/5657/7584 4610/5656/7585 4607/5644/7586
f 4594/5660/7587 4602/5659/7588 4606/5669/7589 4609/5670/7590
f 4608/5671/7591 4603/5672/7592 4597/5652/7593 4593/5651/7594
f 4591/5650/7595 4593/5651/7596 4592/5647/7597
f 4594/5660/7598 4596/5649/7599 4595/5648/7600
f 4597/5652/7601 4599/5664/7602 4598/5653/7603
f 4600/5665/7604 4602/5659/7605 4601/5658/7606
f 4611/5673/7607 4627/5674/7608 4628/5675/7609 4613/5676/7610
f 4612/5677/7611 4615/5678/7612 4616/5679/7613 4611/5680/7614
f 4613/5681/7615 4617/5682/7616 4618/5683/7617 4612/5677/7618
f 4614/5684/7619 4629/5685/7620 4630/5686/7621 4616/5687/7622
f 4615/5678/7623 4621/5688/7624 4622/5689/7625 4614/5690/7626
f 4617/5691/7627 4623/5692/7628 4624/5693/7629 4619/5694/7630
f 4619/5694/7631 4620/5695/7632 4621/5688/7633 4618/5683/7634
f 4620/5695/7635 4625/5696/7636 4626/5697/7637 4622/5698/7638
f 4612/5677/7639 4618/5683/7640 4621/5688/7641 4615/5678/7642
f 4619/5694/7643 4624/5693/7644 4625/5696/7645 4620/5695/7646
f 4611/5673/7647 4616/5687/7648 4630/5686/7649 4627/5674/7650
f 4614/5690/7651 4622/5689/7652 4626/5699/7653 4629/5700/7654
f 4628/5701/7655 4623/5702/7656 4617/5682/7657 4613/5681/7658
f 4611/5680/7659 4613/5681/7660 4612/5677/7661
f 4614/5690/7662 4616/5679/7663 4615/5678/7664
f 4617/5682/7665 4619/5694/7666 4618/5683/7667
f 4620/5695/7668 4622/5689/7669 4621/5688/7670
f 4631/5703/7671 4647/5704/7672 4648/5705/7673 4633/5706/7674
f 4632/5707/7675 4635/5708/7676 4636/5709/7677 4631/5710/7678
f 4633/5711/7679 4637/5712/7680 4638/5713/7681 4632/5707/7682
f 4634/5714/7683 4649/5715/7684 4650/5716/7685 4636/5717/7686
f 4635/5708/7687 4641/5718/7688 4642/5719/7689 4634/5720/7690
f 4637/5721/7691 4643/5722/7692 4644/5723/7693 4639/5724/7694
f 4639/5724/7695 4640/5725/7696 4641/5718/7697 4638/5713/7698
f 4640/5725/7699 4645/5726/7700 4646/5727/7701 4642/5728/7702
f 4632/5707/7703 4638/5713/7704 4641/5718/7705 4635/5708/7706
f 4639/5724/7707 4644/5723/7708 4645/5726/7709 4640/5725/7710
f 4631/5703/7711 4636/5717/7712 4650/5716/7713 4647/5704/7714
f 4634/5720/7715 4642/5719/7716 4646/5729/7717 4649/5730/7718
f 4648/5731/7719 4643/5732/7720 4637/5712/7721 4633/5711/7722
f 4631/5710/7723 4633/5711/7724 4632/5707/7725
f 4634/5720/7726 4636/5709/7727 4635/5708/7728
f 4637/5712/7729 4639/5724/7730 4638/5713/7731
f 4640/5725/7732 4642/5719/7733 4641/5718/7734
f 4651/5733/7735 4667/5734/7736 4668/5735/7737 4653/5736/7738
f 4652/5737/7739 4655/5738/7740 4656/5739/7741 4651/5740/7742
f 4653/5741/7743 4657/5742/7744 4658/5743/7745 4652/5737/7746
f 4654/5744/7747 4669/5745/7748 4670/5746/7749 4656/5747/7750
f 4655/5738/7751 4661/5748/7752 4662/5749/7753 4654/5750/7754
f 4657/5751/7755 4663/5752/7756 4664/5753/7757 4659/5754/7758
f 4659/5754/7759 4660/5755/7760 4661/5748/7761 4658/5743/7762
f 4660/5755/7763 4665/5756/7764 4666/5757/7765 4662/5758/7766
f 4652/5737/7767 4658/5743/7768 4661/5748/7769 4655/5738/7770
f 4659/5754/7771 4664/5753/7772 4665/5756/7773 4660/5755/7774
f 4651/5733/7775 4656/5747/7776 4670/5746/7777 4667/5734/7778
f 4654/5750/7779 4662/5749/7780 4666/5759/7781 4669/5760/7782
f 4668/5761/7783 4663/5762/7784 4657/5742/7785 4653/5741/7786
f 4651/5740/7787 4653/5741/7788 4652/5737/7789
f 4654/5750/7790 4656/5739/7791 4655/5738/7792
f 4657/5742/7793 4659/5754/7794 4658/5743/7795
f 4660/5755/7796 4662/5749/7797 4661/5748/7798
f 4671/5763/7799 4687/5764/7800 4688/5765/7801 4673/5766/7802
f 4672/5767/7803 4675/5768/7804 4676/5769/7805 4671/5770/7806
f 4673/5771/7807 4677/5772/7808 4678/5773/7809 4672/5767/7810
f 4674/5774/7811 4689/5775/7812 4690/5776/7813 4676/5777/7814
f 4675/5768/7815 4681/5778/7816 4682/5779/7817 4674/5780/7818
f 4677/5781/7819 4683/5782/7820 4684/5783/7821 4679/5784/7822
f 4679/5784/7823 4680/5785/7824 4681/5778/7825 4678/5773/7826
f 4680/5785/7827 4685/5786/7828 4686/5787/7829 4682/5788/7830
f 4672/5767/7831 4678/5773/7832 4681/5778/7833 4675/5768/7834
f 4679/5784/7835 4684/5783/7836 4685/5786/7837 4680/5785/7838
f 4671/5763/7839 4676/5777/7840 4690/5776/7841 4687/5764/7842
f 4674/5780/7843 4682/5779/7844 4686/5789/7845 4689/5790/7846
f 4688/5791/7847 4683/5792/7848 4677/5772/7849 4673/5771/7850
f 4671/5770/7851 4673/5771/7852 4672/5767/7853
f 4674/5780/7854 4676/5769/7855 4675/5768/7856
f 4677/5772/7857 4679/5784/7858 4678/5773/7859
f 4680/5785/7860 4682/5779/7861 4681/5778/7862
f 4691/5793/7863 4693/5794/7864 4708/5795/7865 4707/5796/7866
f 4692/5797/7867 4691/5798/7868 4696/5799/7869 4695/5800/7870
f 4693/5801/7871 4692/5797/7872 4698/5802/7873 4697/5803/7874
f 4694/5804/7875 4696/5805/7876 4710/5806/7877 4709/5807/7878
f 4695/5800/7879 4694/5808/7880 4702/5809/7881 4701/5810/7882
f 4697/5811/7883 4699/5812/7884 4704/5813/7885 4703/5814/7886
f 4699/5812/7887 4698/5802/7888 4701/5810/7889 4700/5815/7890
f 4700/5815/7891 4702/5816/7892 4706/5817/7893 4705/5818/7894
f 4692/5797/7895 4695/5800/7896 4701/5810/7897 4698/5802/7898
f 4699/5812/7899 4700/5815/7900 4705/5818/7901 4704/5813/7902
f 4691/5793/7903 4707/5796/7904 4710/5806/7905 4696/5805/7906
f 4694/5808/7907 4709/5819/7908 4706/5820/7909 4702/5809/7910
f 4708/5821/7911 4693/5801/7912 4697/5803/7913 4703/5822/7914
f 4691/5798/7915 4692/5797/7916 4693/5801/7917
f 4694/5808/7918 4695/5800/7919 4696/5799/7920
f 4697/5803/7921 4698/5802/7922 4699/5812/7923
f 4700/5815/7924 4701/5810/7925 4702/5809/7926
f 4711/5823/7927 4713/5824/7928 4728/5825/7929 4727/5826/7930
f 4712/5827/7931 4711/5828/7932 4716/5829/7933 4715/5830/7934
f 4713/5831/7935 4712/5827/7936 4718/5832/7937 4717/5833/7938
f 4714/5834/7939 4716/5835/7940 4730/5836/7941 4729/5837/7942
f 4715/5830/7943 4714/5838/7944 4722/5839/7945 4721/5840/7946
f 4717/5841/7947 4719/5842/7948 4724/5843/7949 4723/5844/7950
f 4719/5842/7951 4718/5832/7952 4721/5840/7953 4720/5845/7954
f 4720/5845/7955 4722/5846/7956 4726/5847/7957 4725/5848/7958
f 4712/5827/7959 4715/5830/7960 4721/5840/7961 4718/5832/7962
f 4719/5842/7963 4720/5845/7964 4725/5848/7965 4724/5843/7966
f 4711/5823/7967 4727/5826/7968 4730/5836/7969 4716/5835/7970
f 4714/5838/7971 4729/5849/7972 4726/5850/7973 4722/5839/7974
f 4728/5851/7975 4713/5831/7976 4717/5833/7977 4723/5852/7978
f 4711/5828/7979 4712/5827/7980 4713/5831/7981
f 4714/5838/7982 4715/5830/7983 4716/5829/7984
f 4717/5833/7985 4718/5832/7986 4719/5842/7987
f 4720/5845/7988 4721/5840/7989 4722/5839/7990
f 4731/5853/7991 4733/5854/7992 4748/5855/7993 4747/5856/7994
f 4732/5857/7995 4731/5858/7996 4736/5859/7997 4735/5860/7998
f 4733/5861/7999 4732/5857/8000 4738/5862/8001 4737/5863/8002
f 4734/5864/8003 4736/5865/8004 4750/5866/8005 4749/5867/8006
f 4735/5860/8007 4734/5868/8008 4742/5869/8009 4741/5870/8010
f 4737/5871/8011 4739/5872/8012 4744/5873/8013 4743/5874/8014
f 4739/5872/8015 4738/5862/8016 4741/5870/8017 4740/5875/8018
f 4740/5875/8019 4742/5876/8020 4746/5877/8021 4745/5878/8022
f 4732/5857/8023 4735/5860/8024 4741/5870/8025 4738/5862/8026
f 4739/5872/8027 4740/5875/8028 4745/5878/8029 4744/5873/8030
f 4731/5853/8031 4747/5856/8032 4750/5866/8033 4736/5865/8034
f 4734/5868/8035 4749/5879/8036 4746/5880/8037 4742/5869/8038
f 4748/5881/8039 4733/5861/8040 4737/5863/8041 4743/5882/8042
f 4731/5858/8043 4732/5857/8044 4733/5861/8045
f 4734/5868/8046 4735/5860/8047 4736/5859/8048
f 4737/5863/8049 4738/5862/8050 4739/5872/8051
f 4740/5875/8052 4741/5870/8053 4742/5869/8054
f 4751/5883/8055 4753/5884/8056 4768/5885/8057 4767/5886/8058
f 4752/5887/8059 4751/5888/8060 4756/5889/8061 4755/5890/8062
f 4753/5891/8063 4752/5887/8064 4758/5892/8065 4757/5893/8066
f 4754/5894/8067 4756/5895/8068 4770/5896/8069 4769/5897/8070
f 4755/5890/8071 4754/5898/8072 4762/5899/8073 4761/5900/8074
f 4757/5901/8075 4759/5902/8076 4764/5903/8077 4763/5904/8078
f 4759/5902/8079 4758/5892/8080 4761/5900/8081 4760/5905/8082
f 4760/5905/8083 4762/5906/8084 4766/5907/8085 4765/5908/8086
f 4752/5887/8087 4755/5890/8088 4761/5900/8089 4758/5892/8090
f 4759/5902/8091 4760/5905/8092 4765/5908/8093 4764/5903/8094
f 4751/5883/8095 4767/5886/8096 4770/5896/8097 4756/5895/8098
f 4754/5898/8099 4769/5909/8100 4766/5910/8101 4762/5899/8102
f 4768/5911/8103 4753/5891/8104 4757/5893/8105 4763/5912/8106
f 4751/5888/8107 4752/5887/8108 4753/5891/8109
f 4754/5898/8110 4755/5890/8111 4756/5889/8112
f 4757/5893/8113 4758/5892/8114 4759/5902/8115
f 4760/5905/8116 4761/5900/8117 4762/5899/8118
f 4771/5913/8119 4773/5914/8120 4788/5915/8121 4787/5916/8122
f 4772/5917/8123 4771/5918/8124 4776/5919/8125 4775/5920/8126
f 4773/5921/8127 4772/5917/8128 4778/5922/8129 4777/5923/8130
f 4774/5924/8131 4776/5925/8132 4790/5926/8133 4789/5927/8134
f 4775/5920/8135 4774/5928/8136 4782/5929/8137 4781/5930/8138
f 4777/5931/8139 4779/5932/8140 4784/5933/8141 4783/5934/8142
f 4779/5932/8143 4778/5922/8144 4781/5930/8145 4780/5935/8146
f 4780/5935/8147 4782/5936/8148 4786/5937/8149 4785/5938/8150
f 4772/5917/8151 4775/5920/8152 4781/5930/8153 4778/5922/8154
f 4779/5932/8155 4780/5935/8156 4785/5938/8157 4784/5933/8158
f 4771/5913/8159 4787/5916/8160 4790/5926/8161 4776/5925/8162
f 4774/5928/8163 4789/5939/8164 4786/5940/8165 4782/5929/8166
f 4788/5941/8167 4773/5921/8168 4777/5923/8169 4783/5942/8170
f 4771/5918/8171 4772/5917/8172 4773/5921/8173
f 4774/5928/8174 4775/5920/8175 4776/5919/8176
f 4777/5923/8177 4778/5922/8178 4779/5932/8179
f 4780/5935/8180 4781/5930/8181 4782/5929/8182
f 4791/5943/8183 4793/5944/8184 4808/5945/8185 4807/5946/8186
f 4792/5947/8187 4791/5948/8188 4796/5949/8189 4795/5950/8190
f 4793/5951/8191 4792/5947/8192 4798/5952/8193 4797/5953/8194
f 4794/5954/8195 4796/5955/8196 4810/5956/8197 4809/5957/8198
f 4795/5950/8199 4794/5958/8200 4802/5959/8201 4801/5960/8202
f 4797/5961/8203 4799/5962/8204 4804/5963/8205 4803/5964/8206
f 4799/5962/8207 4798/5952/8208 4801/5960/8209 4800/5965/8210
f 4800/5965/8211 4802/5966/8212 4806/5967/8213 4805/5968/8214
f 4792/5947/8215 4795/5950/8216 4801/5960/8217 4798/5952/8218
f 4799/5962/8219 4800/5965/8220 4805/5968/8221 4804/5963/8222
f 4791/5943/8223 4807/5946/8224 4810/5956/8225 4796/5955/8226
f 4794/5958/8227 4809/5969/8228 4806/5970/8229 4802/5959/8230
f 4808/5971/8231 4793/5951/8232 4797/5953/8233 4803/5972/8234
f 4791/5948/8235 4792/5947/8236 4793/5951/8237
f 4794/5958/8238 4795/5950/8239 4796/5949/8240
f 4797/5953/8241 4798/5952/8242 4799/5962/8243
f 4800/5965/8244 4801/5960/8245 4802/5959/8246
f 4811/5973/8247 4813/5974/8248 4828/5975/8249 4827/5976/8250
f 4812/5977/8251 4811/5978/8252 4816/5979/8253 4815/5980/8254
f 4813/5981/8255 4812/5977/8256 4818/5982/8257 4817/5983/8258
f 4814/5984/8259 4816/5985/8260 4830/5986/8261 4829/5987/8262
f 4815/5980/8263 4814/5988/8264 4822/5989/8265 4821/5990/8266
f 4817/5991/8267 4819/5992/8268 4824/5993/8269 4823/5994/8270
f 4819/5992/8271 4818/5982/8272 4821/5990/8273 4820/5995/8274
f 4820/5995/8275 4822/5996/8276 4826/5997/8277 4825/5998/8278
f 4812/5977/8279 4815/5980/8280 4821/5990/8281 4818/5982/8282
f 4819/5992/8283 4820/5995/8284 4825/5998/8285 4824/5993/8286
f 4811/5973/8287 4827/5976/8288 4830/5986/8289 4816/5985/8290
f 4814/5988/8291 4829/5999/8292 4826/6000/8293 4822/5989/8294
f 4828/6001/8295 4813/5981/8296 4817/5983/8297 4823/6002/8298
f 4811/5978/8299 4812/5977/8300 4813/5981/8301
f 4814/5988/8302 4815/5980/8303 4816/5979/8304
f 4817/5983/8305 4818/5982/8306 4819/5992/8307
f 4820/5995/8308 4821/5990/8309 4822/5989/8310
f 4831/6003/8311 4833/6004/8312 4848/6005/8313 4847/6006/8314
f 4832/6007/8315 4831/6008/8316 4836/6009/8317 4835/6010/8318
f 4833/6011/8319 4832/6007/8320 4838/6012/8321 4837/6013/8322
f 4834/6014/8323 4836/6015/8324 4850/6016/8325 4849/6017/8326
f 4835/6010/8327 4834/6018/8328 4842/6019/8329 4841/6020/8330
f 4837/6021/8331 4839/6022/8332 4844/6023/8333 4843/6024/8334
f 4839/6022/8335 4838/6012/8336 4841/6020/8337 4840/6025/8338
f 4840/6025/8339 4842/6026/8340 4846/6027/8341 4845/6028/8342
f 4832/6007/8343 4835/6010/8344 4841/6020/8345 4838/6012/8346
f 4839/6022/8347 4840/6025/8348 4845/6028/8349 4844/6023/8350
f 4831/6003/8351 4847/6006/8352 4850/6016/8353 4836/6015/8354
f 4834/6018/8355 4849/6029/8356 4846/6030/8357 4842/6019/8358
f 4848/6031/8359 4833/6011/8360 4837/6013/8361 4843/6032/8362
f 4831/6008/8363 4832/6007/8364 4833/6011/8365
f 4834/6018/8366 4835/6010/8367 4836/6009/8368
f 4837/6013/8369 4838/6012/8370 4839/6022/8371
f 4840/6025/8372 4841/6020/8373 4842/6019/8374
f 4851/6033/8375 4853/6034/8376 4868/6035/8377 4867/6036/8378
f 4852/6037/8379 4851/6038/8380 4856/6039/8381 4855/6040/8382
f 4853/6041/8383 4852/6037/8384 4858/6042/8385 4857/6043/8386
f 4854/6044/8387 4856/6045/8388 4870/6046/8389 4869/6047/8390
f 4855/6040/8391 4854/6048/8392 4862/6049/8393 4861/6050/8394
f 4857/6051/8395 4859/6052/8396 4864/6053/8397 4863/6054/8398
f 4859/6052/8399 4858/6042/8400 4861/6050/8401 4860/6055/8402
f 4860/6055/8403 4862/6056/8404 4866/6057/8405 4865/6058/8406
f 4852/6037/8407 4855/6040/8408 4861/6050/8409 4858/6042/8410
f 4859/6052/8411 4860/6055/8412 4865/6058/8413 4864/6053/8414
f 4851/6033/8415 4867/6036/8416 4870/6046/8417 4856/6045/8418
f 4854/6048/8419 4869/6059/8420 4866/6060/8421 4862/6049/8422
f 4868/6061/8423 4853/6041/8424 4857/6043/8425 4863/6062/8426
f 4851/6038/8427 4852/6037/8428 4853/6041/8429
f 4854/6048/8430 4855/6040/8431 4856/6039/8432
f 4857/6043/8433 4858/6042/8434 4859/6052/8435
f 4860/6055/8436 4861/6050/8437 4862/6049/8438
f 4871/6063/8439 4873/6064/8440 4888/6065/8441 4887/6066/8442
f 4872/6067/8443 4871/6068/8444 4876/6069/8445 4875/6070/8446
f 4873/6071/8447 4872/6067/8448 4878/6072/8449 4877/6073/8450
f 4874/6074/8451 4876/6075/8452 4890/6076/8453 4889/6077/8454
f 4875/6070/8455 4874/6078/8456 4882/6079/8457 4881/6080/8458
f 4877/6081/8459 4879/6082/8460 4884/6083/8461 4883/6084/8462
f 4879/6082/8463 4878/6072/8464 4881/6080/8465 4880/6085/8466
f 4880/6085/8467 4882/6086/8468 4886/6087/8469 4885/6088/8470
f 4872/6067/8471 4875/6070/8472 4881/6080/8473 4878/6072/8474
f 4879/6082/8475 4880/6085/8476 4885/6088/8477 4884/6083/8478
f 4871/6063/8479 4887/6066/8480 4890/6076/8481 4876/6075/8482
f 4874/6078/8483 4889/6089/8484 4886/6090/8485 4882/6079/8486
f 4888/6091/8487 4873/6071/8488 4877/6073/8489 4883/6092/8490
f 4871/6068/8491 4872/6067/8492 4873/6071/8493
f 4874/6078/8494 4875/6070/8495 4876/6069/8496
f 4877/6073/8497 4878/6072/8498 4879/6082/8499
f 4880/6085/8500 4881/6080/8501 4882/6079/8502
f 4891/6093/8503 4893/6094/8504 4908/6095/8505 4907/6096/8506
f 4892/6097/8507 4891/6098/8508 4896/6099/8509 4895/6100/8510
f 4893/6101/8511 4892/6097/8512 4898/6102/8513 4897/6103/8514
f 4894/6104/8515 4896/6105/8516 4910/6106/8517 4909/6107/8518
f 4895/6100/8519 4894/6108/8520 4902/6109/8521 4901/6110/8522
f 4897/6111/8523 4899/6112/8524 4904/6113/8525 4903/6114/8526
f 4899/6112/8527 4898/6102/8528 4901/6110/8529 4900/6115/8530
f 4900/6115/8531 4902/6116/8532 4906/6117/8533 4905/6118/8534
f 4892/6097/8535 4895/6100/8536 4901/6110/8537 4898/6102/8538
f 4899/6112/8539 4900/6115/8540 4905/6118/8541 4904/6113/8542
f 4891/6093/8543 4907/6096/8544 4910/6106/8545 4896/6105/8546
f 4894/6108/8547 4909/6119/8548 4906/6120/8549 4902/6109/8550
f 4908/6121/8551 4893/6101/8552 4897/6103/8553 4903/6122/8554
f 4891/6098/8555 4892/6097/8556 4893/6101/8557
f 4894/6108/8558 4895/6100/8559 4896/6099/8560
f 4897/6103/8561 4898/6102/8562 4899/6112/8563
f 4900/6115/8564 4901/6110/8565 4902/6109/8566
f 4911/6123/8567 4913/6124/8568 4928/6125/8569 4927/6126/8570
f 4912/6127/8571 4911/6128/8572 4916/6129/8573 4915/6130/8574
f 4913/6131/8575 4912/6127/8576 4918/6132/8577 4917/6133/8578
f 4914/6134/8579 4916/6135/8580 4930/6136/8581 4929/6137/8582
f 4915/6130/8583 4914/6138/8584 4922/6139/8585 4921/6140/8586
f 4917/6141/8587 4919/6142/8588 4924/6143/8589 4923/6144/8590
f 4919/6142/8591 4918/6132/8592 4921/6140/8593 4920/6145/8594
f 4920/6145/8595 4922/6146/8596 4926/6147/8597 4925/6148/8598
f 4912/6127/8599 4915/6130/8600 4921/6140/8601 4918/6132/8602
f 4919/6142/8603 4920/6145/8604 4925/6148/8605 4924/6143/8606
f 4911/6123/8607 4927/6126/8608 4930/6136/8609 4916/6135/8610
f 4914/6138/8611 4929/6149/8612 4926/6150/8613 4922/6139/8614
f 4928/6151/8615 4913/6131/8616 4917/6133/8617 4923/6152/8618
f 4911/6128/8619 4912/6127/8620 4913/6131/8621
f 4914/6138/8622 4915/6130/8623 4916/6129/8624
f 4917/6133/8625 4918/6132/8626 4919/6142/8627
f 4920/6145/8628 4921/6140/8629 4922/6139/8630
f 4931/6153/8631 4933/6154/8632 4948/6155/8633 4947/6156/8634
f 4932/6157/8635 4931/6158/8636 4936/6159/8637 4935/6160/8638
f 4933/6161/8639 4932/6157/8640 4938/6162/8641 4937/6163/8642
f 4934/6164/8643 4936/6165/8644 4950/6166/8645 4949/6167/8646
f 4935/6160/8647 4934/6168/8648 4942/6169/8649 4941/6170/8650
f 4937/6171/8651 4939/6172/8652 4944/6173/8653 4943/6174/8654
f 4939/6172/8655 4938/6162/8656 4941/6170/8657 4940/6175/8658
f 4940/6175/8659 4942/6176/8660 4946/6177/8661 4945/6178/8662
f 4932/6157/8663 4935/6160/8664 4941/6170/8665 4938/6162/8666
f 4939/6172/8667 4940/6175/8668 4945/6178/8669 4944/6173/8670
f 4931/6153/8671 4947/6156/8672 4950/6166/8673 4936/6165/8674
f 4934/6168/8675 4949/6179/8676 4946/6180/8677 4942/6169/8678
f 4948/6181/8679 4933/6161/8680 4937/6163/8681 4943/6182/8682
f 4931/6158/8683 4932/6157/8684 4933/6161/8685
f 4934/6168/8686 4935/6160/8687 4936/6159/8688
f 4937/6163/8689 4938/6162/8690 4939/6172/8691
f 4940/6175/8692 4941/6170/8693 4942/6169/8694
s 306
f 4951/6183/8695 4952/6184/8696 4967/6185/8697 4966/6186/8698
f 4952/6184/8696 4953/6187/8699 4968/6188/8700 4967/6185/8697
f 4953/6187/8699 4954/6189/8701 4969/6190/8702 4968/6188/8700
f 4954/6189/8701 4955/6191/8703 4970/6192/8704 4969/6190/8702
f 4955/6191/8703 4956/6193/8705 4971/6194/8706 4970/6192/8704
f 4956/6193/8705 4957/6195/8707 4972/6196/8708 4971/6194/8706
f 4957/6195/8707 4958/6197/8709 4973/6198/8710 4972/6196/8708
f 4958/6197/8709 4959/6199/8711 4974/6200/8712 4973/6198/8710
f 4959/6199/8711 4960/6201/8713 4975/6202/8714 4974/6200/8712
f 4960/6201/8713 4961/6203/8715 4976/6204/8716 4975/6202/8714
f 4961/6203/8715 4962/6205/8717 4977/6206/8718 4976/6204/8716
f 4962/6205/8717 4963/6207/8719 4978/6208/8720 4977/6206/8718
f 4963/6207/8719 4964/6209/8721 4979/6210/8722 4978/6208/8720
f 4964/6209/8721 4965/6211/8723 4980/6212/8724 4979/6210/8722
f 4965/6211/8723 4951/6213/8695 4966/6214/8698 4980/6212/8724
s off
f 4981/6215/8725 4983/6216/8726 4998/6217/8727 4997/6218/8728
f 4982/6219/8729 4981/6220/8730 4986/6221/8731 4985/6222/8732
f 4983/6223/8733 4982/6219/8734 4988/6224/8735 4987/6225/8736
f 4984/6226/8737 4986/6227/8738 5000/6228/8739 4999/6229/8740
f 4985/6222/8741 4984/6230/8742 4992/6231/8743 4991/6232/8744
f 4987/6233/8745 4989/6234/8746 4994/6235/8747 4993/6236/8748
f 4989/6234/8749 4988/6224/8750 4991/6232/8751 4990/6237/8752
f 4990/6237/8753 4992/6238/8754 4996/6239/8755 4995/6240/8756
f 4982/6219/8757 4985/6222/8758 4991/6232/8759 4988/6224/8760
f 4989/6234/8761 4990/6237/8762 4995/6240/8763 4994/6235/8764
f 4981/6215/8765 4997/6218/8766 5000/6228/8767 4986/6227/8768
f 4984/6230/8769 4999/6241/8770 4996/6242/8771 4992/6231/8772
f 4998/6243/8773 4983/6223/8774 4987/6225/8775 4993/6244/8776
f 4981/6220/8777 4982/6219/8778 4983/6223/8779
f 4984/6230/8780 4985/6222/8781 4986/6221/8782
f 4987/6225/8783 4988/6224/8784 4989/6234/8785
f 4990/6237/8786 4991/6232/8787 4992/6231/8788
f 5001/6245/8789 5003/6246/8790 5018/6247/8791 5017/6248/8792
f 5002/6249/8793 5001/6250/8794 5006/6251/8795 5005/6252/8796
f 5003/6253/8797 5002/6249/8798 5008/6254/8799 5007/6255/8800
f 5004/6256/8801 5006/6257/8802 5020/6258/8803 5019/6259/8804
f 5005/6252/8805 5004/6260/8806 5012/6261/8807 5011/6262/8808
f 5007/6263/8809 5009/6264/8810 5014/6265/8811 5013/6266/8812
f 5009/6264/8813 5008/6254/8814 5011/6262/8815 5010/6267/8816
f 5010/6267/8817 5012/6268/8818 5016/6269/8819 5015/6270/8820
f 5002/6249/8821 5005/6252/8822 5011/6262/8823 5008/6254/8824
f 5009/6264/8825 5010/6267/8826 5015/6270/8827 5014/6265/8828
f 5001/6245/8829 5017/6248/8830 5020/6258/8831 5006/6257/8832
f 5004/6260/8833 5019/6271/8834 5016/6272/8835 5012/6261/8836
f 5018/6273/8837 5003/6253/8838 5007/6255/8839 5013/6274/8840
f 5001/6250/8841 5002/6249/8842 5003/6253/8843
f 5004/6260/8844 5005/6252/8845 5006/6251/8846
f 5007/6255/8847 5008/6254/8848 5009/6264/8849
f 5010/6267/8850 5011/6262/8851 5012/6261/8852
f 5021/6275/8853 5037/6276/8854 5038/6277/8855 5023/6278/8856
f 5022/6279/8857 5025/6280/8858 5026/6281/8859 5021/6282/8860
f 5023/6283/8861 5027/6284/8862 5028/6285/8863 5022/6279/8864
f 5024/6286/8865 5039/6287/8866 5040/6288/8867 5026/6289/8868
f 5025/6280/8869 5031/6290/8870 5032/6291/8871 5024/6292/8872
f 5027/6293/8873 5033/6294/8874 5034/6295/8875 5029/6296/8876
f 5029/6296/8877 5030/6297/8878 5031/6290/8879 5028/6285/8880
f 5030/6297/8881 5035/6298/8882 5036/6299/8883 5032/6300/8884
f 5022/6279/8885 5028/6285/8886 5031/6290/8887 5025/6280/8888
f 5029/6296/8889 5034/6295/8890 5035/6298/8891 5030/6297/8892
f 5021/6275/8893 5026/6289/8894 5040/6288/8895 5037/6276/8896
f 5024/6292/8897 5032/6291/8898 5036/6301/8899 5039/6302/8900
f 5038/6303/8901 5033/6304/8902 5027/6284/8903 5023/6283/8904
f 5021/6282/8905 5023/6283/8906 5022/6279/8907
f 5024/6292/8908 5026/6281/8909 5025/6280/8910
f 5027/6284/8911 5029/6296/8912 5028/6285/8913
f 5030/6297/8914 5032/6291/8915 5031/6290/8916
f 5041/6305/8917 5043/6306/8918 5058/6307/8919 5057/6308/8920
f 5042/6309/8921 5041/6310/8922 5046/6311/8923 5045/6312/8924
f 5043/6313/8925 5042/6309/8926 5048/6314/8927 5047/6315/8928
f 5044/6316/8929 5046/6317/8930 5060/6318/8931 5059/6319/8932
f 5045/6312/8933 5044/6320/8934 5052/6321/8935 5051/6322/8936
f 5047/6323/8937 5049/6324/8938 5054/6325/8939 5053/6326/8940
f 5049/6324/8941 5048/6314/8942 5051/6322/8943 5050/6327/8944
f 5050/6327/8945 5052/6328/8946 5056/6329/8947 5055/6330/8948
f 5042/6309/8949 5045/6312/8950 5051/6322/8951 5048/6314/8952
f 5049/6324/8953 5050/6327/8954 5055/6330/8955 5054/6325/8956
f 5041/6305/8957 5057/6308/8958 5060/6318/8959 5046/6317/8960
f 5044/6320/8961 5059/6331/8962 5056/6332/8963 5052/6321/8964
f 5058/6333/8965 5043/6313/8966 5047/6315/8967 5053/6334/8968
f 5041/6310/8969 5042/6309/8970 5043/6313/8971
f 5044/6320/8972 5045/6312/8973 5046/6311/8974
f 5047/6315/8975 5048/6314/8976 5049/6324/8977
f 5050/6327/8978 5051/6322/8979 5052/6321/8980
f 5061/6335/8981 5063/6336/8982 5078/6337/8983 5077/6338/8984
f 5062/6339/8985 5061/6340/8986 5066/6341/8987 5065/6342/8988
f 5063/6343/8989 5062/6339/8990 5068/6344/8991 5067/6345/8992
f 5064/6346/8993 5066/6347/8994 5080/6348/8995 5079/6349/8996
f 5065/6342/8997 5064/6350/8998 5072/6351/8999 5071/6352/9000
f 5067/6353/9001 5069/6354/9002 5074/6355/9003 5073/6356/9004
f 5069/6354/9005 5068/6344/9006 5071/6352/9007 5070/6357/9008
f 5070/6357/9009 5072/6358/9010 5076/6359/9011 5075/6360/9012
f 5062/6339/9013 5065/6342/9014 5071/6352/9015 5068/6344/9016
f 5069/6354/9017 5070/6357/9018 5075/6360/9019 5074/6355/9020
f 5061/6335/9021 5077/6338/9022 5080/6348/9023 5066/6347/9024
f 5064/6350/9025 5079/6361/9026 5076/6362/9027 5072/6351/9028
f 5078/6363/9029 5063/6343/9030 5067/6345/9031 5073/6364/9032
f 5061/6340/9033 5062/6339/9034 5063/6343/9035
f 5064/6350/9036 5065/6342/9037 5066/6341/9038
f 5067/6345/9039 5068/6344/9040 5069/6354/9041
f 5070/6357/9042 5071/6352/9043 5072/6351/9044
f 5081/6365/9045 5097/6366/9046 5098/6367/9047 5083/6368/9048
f 5082/6369/9049 5085/6370/9050 5086/6371/9051 5081/6372/9052
f 5083/6373/9053 5087/6374/9054 5088/6375/9055 5082/6369/9056
f 5084/6376/9057 5099/6377/9058 5100/6378/9059 5086/6379/9060
f 5085/6370/9061 5091/6380/9062 5092/6381/9063 5084/6382/9064
f 5087/6383/9065 5093/6384/9066 5094/6385/9067 5089/6386/9068
f 5089/6386/9069 5090/6387/9070 5091/6380/9071 5088/6375/9072
f 5090/6387/9073 5095/6388/9074 5096/6389/9075 5092/6390/9076
f 5082/6369/9077 5088/6375/9078 5091/6380/9079 5085/6370/9080
f 5089/6386/9081 5094/6385/9082 5095/6388/9083 5090/6387/9084
f 5081/6365/9085 5086/6379/9086 5100/6378/9087 5097/6366/9088
f 5084/6382/9089 5092/6381/9090 5096/6391/9091 5099/6392/9092
f 5098/6393/9093 5093/6394/9094 5087/6374/9095 5083/6373/9096
f 5081/6372/9097 5083/6373/9098 5082/6369/9099
f 5084/6382/9100 5086/6371/9101 5085/6370/9102
f 5087/6374/9103 5089/6386/9104 5088/6375/9105
f 5090/6387/9106 5092/6381/9107 5091/6380/9108
